1;arms_factory;2038.01;11.00;1774.67;0.00;0
1;industrial_complex;2046.31;11.00;1719.87;0.00;0
1;air_base;2045.26;11.00;1697.71;0.00;0
1;anti_air_building;2059.70;11.00;1752.88;0.00;0
1;bunker;2065.44;11.00;1770.28;0.00;0
1;fuel_silo;2056.16;11.00;1784.58;0.00;0
1;radar_station;2060.16;11.00;1704.38;0.00;0
1;nuclear_reactor_spawn;2031.05;11.00;1740.34;0.00;0
1;rocket_site_spawn;2044.09;11.00;1799.44;0.00;0
1;synthetic_refinery;2025.44;11.00;1793.49;0.00;0
1;supply_node;2036.64;11.00;1791.73;0.00;0
1;dockyard;2069.57;11.00;1784.15;0.00;0
1;coastal_bunker;2027.31;11.00;1784.88;0.00;0
10;arms_factory;2951.96;11.00;1503.51;0.00;0
10;industrial_complex;2936.47;11.00;1516.90;0.00;0
10;air_base;2950.48;11.00;1516.72;0.00;0
10;anti_air_building;2926.38;11.00;1514.62;0.00;0
10;bunker;2948.52;11.00;1526.63;0.00;0
10;fuel_silo;2956.02;11.00;1525.30;0.00;0
10;radar_station;2942.22;11.00;1506.96;0.00;0
10;nuclear_reactor_spawn;2931.86;11.00;1506.71;0.00;0
10;rocket_site_spawn;2960.00;11.00;1498.00;0.00;0
10;synthetic_refinery;2951.96;11.00;1503.51;0.00;0
10;supply_node;2936.47;11.00;1516.90;0.00;0
10;dockyard;2950.48;11.00;1516.72;0.00;0
10;coastal_bunker;2926.38;11.00;1514.62;0.00;0
99;arms_factory;2127.07;11.00;355.26;0.00;0
99;industrial_complex;2127.07;11.00;355.26;0.00;0
99;air_base;2127.07;11.00;355.26;0.00;0
99;anti_air_building;2127.07;11.00;355.26;0.00;0
99;bunker;2127.07;11.00;355.26;0.00;0
99;fuel_silo;2127.07;11.00;355.26;0.00;0
99;radar_station;2127.07;11.00;355.26;0.00;0
99;nuclear_reactor_spawn;2127.07;11.00;355.26;0.00;0
99;rocket_site_spawn;2127.07;11.00;355.26;0.00;0
99;synthetic_refinery;2127.07;11.00;355.26;0.00;0
99;supply_node;2127.07;11.00;355.26;0.00;0
99;dockyard;2127.07;11.00;355.26;0.00;0
99;coastal_bunker;2127.07;11.00;355.26;0.00;0
100;arms_factory;2828.45;11.00;352.28;0.00;0
100;industrial_complex;2830.72;11.00;348.45;0.00;0
100;air_base;2828.45;11.00;352.28;0.00;0
100;anti_air_building;2830.72;11.00;348.45;0.00;0
100;bunker;2828.45;11.00;352.28;0.00;0
100;fuel_silo;2830.72;11.00;348.45;0.00;0
100;radar_station;2828.45;11.00;352.28;0.00;0
100;nuclear_reactor_spawn;2830.72;11.00;348.45;0.00;0
100;rocket_site_spawn;2828.45;11.00;352.28;0.00;0
100;synthetic_refinery;2830.72;11.00;348.45;0.00;0
100;supply_node;2828.45;11.00;352.28;0.00;0
100;dockyard;2830.72;11.00;348.45;0.00;0
100;coastal_bunker;2828.45;11.00;352.28;0.00;0
101;arms_factory;2717.76;11.00;346.77;0.00;0
101;industrial_complex;2717.76;11.00;346.77;0.00;0
101;air_base;2717.76;11.00;346.77;0.00;0
101;anti_air_building;2717.76;11.00;346.77;0.00;0
101;bunker;2717.76;11.00;346.77;0.00;0
101;fuel_silo;2717.76;11.00;346.77;0.00;0
101;radar_station;2717.76;11.00;346.77;0.00;0
101;nuclear_reactor_spawn;2717.76;11.00;346.77;0.00;0
101;rocket_site_spawn;2717.76;11.00;346.77;0.00;0
101;synthetic_refinery;2717.76;11.00;346.77;0.00;0
101;supply_node;2717.76;11.00;346.77;0.00;0
101;dockyard;2717.76;11.00;346.77;0.00;0
101;coastal_bunker;2717.76;11.00;346.77;0.00;0
102;arms_factory;2780.84;11.00;345.68;0.00;0
102;industrial_complex;2789.27;11.00;346.07;0.00;0
102;air_base;2780.84;11.00;345.68;0.00;0
102;anti_air_building;2789.27;11.00;346.07;0.00;0
102;bunker;2780.84;11.00;345.68;0.00;0
102;fuel_silo;2789.27;11.00;346.07;0.00;0
102;radar_station;2780.84;11.00;345.68;0.00;0
102;nuclear_reactor_spawn;2789.27;11.00;346.07;0.00;0
102;rocket_site_spawn;2780.84;11.00;345.68;0.00;0
102;synthetic_refinery;2789.27;11.00;346.07;0.00;0
102;supply_node;2780.84;11.00;345.68;0.00;0
102;dockyard;2789.27;11.00;346.07;0.00;0
102;coastal_bunker;2780.84;11.00;345.68;0.00;0
103;arms_factory;2688.40;11.00;344.00;0.00;0
103;industrial_complex;2688.40;11.00;344.00;0.00;0
103;air_base;2688.40;11.00;344.00;0.00;0
103;anti_air_building;2688.40;11.00;344.00;0.00;0
103;bunker;2688.40;11.00;344.00;0.00;0
103;fuel_silo;2688.40;11.00;344.00;0.00;0
103;radar_station;2688.40;11.00;344.00;0.00;0
103;nuclear_reactor_spawn;2688.40;11.00;344.00;0.00;0
103;rocket_site_spawn;2688.40;11.00;344.00;0.00;0
103;synthetic_refinery;2688.40;11.00;344.00;0.00;0
103;supply_node;2688.40;11.00;344.00;0.00;0
103;dockyard;2688.40;11.00;344.00;0.00;0
103;coastal_bunker;2688.40;11.00;344.00;0.00;0
104;arms_factory;3405.02;11.00;1278.24;0.00;0
104;industrial_complex;3425.86;11.00;1391.81;0.00;0
104;air_base;3444.47;11.00;1376.67;0.00;0
104;anti_air_building;3452.79;11.00;1318.04;0.00;0
104;bunker;3426.57;11.00;1366.54;0.00;0
104;fuel_silo;3467.97;11.00;1331.47;0.00;0
104;radar_station;3469.10;11.00;1281.44;0.00;0
104;nuclear_reactor_spawn;3435.25;11.00;1268.62;0.00;0
104;rocket_site_spawn;3470.18;11.00;1253.04;0.00;0
104;synthetic_refinery;3422.07;11.00;1376.75;0.00;0
104;supply_node;3440.07;11.00;1409.22;0.00;0
104;dockyard;3426.83;11.00;1332.60;0.00;0
104;coastal_bunker;3454.60;11.00;1366.21;0.00;0
105;arms_factory;3265.72;11.00;339.22;0.00;0
105;industrial_complex;3265.72;11.00;339.22;0.00;0
105;air_base;3265.72;11.00;339.22;0.00;0
105;anti_air_building;3265.72;11.00;339.22;0.00;0
105;bunker;3265.72;11.00;339.22;0.00;0
105;fuel_silo;3265.72;11.00;339.22;0.00;0
105;radar_station;3265.72;11.00;339.22;0.00;0
105;nuclear_reactor_spawn;3265.72;11.00;339.22;0.00;0
105;rocket_site_spawn;3265.72;11.00;339.22;0.00;0
105;synthetic_refinery;3265.72;11.00;339.22;0.00;0
105;supply_node;3265.72;11.00;339.22;0.00;0
105;dockyard;3265.72;11.00;339.22;0.00;0
105;coastal_bunker;3265.72;11.00;339.22;0.00;0
106;arms_factory;2761.42;11.00;340.45;0.00;0
106;industrial_complex;2761.42;11.00;340.45;0.00;0
106;air_base;2761.42;11.00;340.45;0.00;0
106;anti_air_building;2761.42;11.00;340.45;0.00;0
106;bunker;2761.42;11.00;340.45;0.00;0
106;fuel_silo;2761.42;11.00;340.45;0.00;0
106;radar_station;2761.42;11.00;340.45;0.00;0
106;nuclear_reactor_spawn;2761.42;11.00;340.45;0.00;0
106;rocket_site_spawn;2761.42;11.00;340.45;0.00;0
106;synthetic_refinery;2761.42;11.00;340.45;0.00;0
106;supply_node;2761.42;11.00;340.45;0.00;0
106;dockyard;2761.42;11.00;340.45;0.00;0
106;coastal_bunker;2761.42;11.00;340.45;0.00;0
107;arms_factory;2544.45;11.00;337.12;0.00;0
107;industrial_complex;2544.45;11.00;337.12;0.00;0
107;air_base;2544.45;11.00;337.12;0.00;0
107;anti_air_building;2544.45;11.00;337.12;0.00;0
107;bunker;2544.45;11.00;337.12;0.00;0
107;fuel_silo;2544.45;11.00;337.12;0.00;0
107;radar_station;2544.45;11.00;337.12;0.00;0
107;nuclear_reactor_spawn;2544.45;11.00;337.12;0.00;0
107;rocket_site_spawn;2544.45;11.00;337.12;0.00;0
107;synthetic_refinery;2544.45;11.00;337.12;0.00;0
107;supply_node;2544.45;11.00;337.12;0.00;0
107;dockyard;2544.45;11.00;337.12;0.00;0
107;coastal_bunker;2544.45;11.00;337.12;0.00;0
108;arms_factory;2657.67;11.00;327.49;0.00;0
108;industrial_complex;2657.67;11.00;327.49;0.00;0
108;air_base;2657.67;11.00;327.49;0.00;0
108;anti_air_building;2657.67;11.00;327.49;0.00;0
108;bunker;2657.67;11.00;327.49;0.00;0
108;fuel_silo;2657.67;11.00;327.49;0.00;0
108;radar_station;2657.67;11.00;327.49;0.00;0
108;nuclear_reactor_spawn;2657.67;11.00;327.49;0.00;0
108;rocket_site_spawn;2657.67;11.00;327.49;0.00;0
108;synthetic_refinery;2657.67;11.00;327.49;0.00;0
108;supply_node;2657.67;11.00;327.49;0.00;0
108;dockyard;2657.67;11.00;327.49;0.00;0
108;coastal_bunker;2657.67;11.00;327.49;0.00;0
11;arms_factory;2309.61;11.00;1518.12;0.00;0
11;industrial_complex;2309.61;11.00;1518.12;0.00;0
11;air_base;2309.61;11.00;1518.12;0.00;0
11;anti_air_building;2309.61;11.00;1518.12;0.00;0
11;bunker;2309.61;11.00;1518.12;0.00;0
11;fuel_silo;2309.61;11.00;1518.12;0.00;0
11;radar_station;2309.61;11.00;1518.12;0.00;0
11;nuclear_reactor_spawn;2309.61;11.00;1518.12;0.00;0
11;rocket_site_spawn;2309.61;11.00;1518.12;0.00;0
11;synthetic_refinery;2309.61;11.00;1518.12;0.00;0
11;supply_node;2309.61;11.00;1518.12;0.00;0
11;dockyard;2309.61;11.00;1518.12;0.00;0
11;coastal_bunker;2309.61;11.00;1518.12;0.00;0
109;arms_factory;2524.79;11.00;319.81;0.00;0
109;industrial_complex;2522.72;11.00;315.13;0.00;0
109;air_base;2503.76;11.00;343.81;0.00;0
109;anti_air_building;2509.27;11.00;342.60;0.00;0
109;bunker;2513.34;11.00;376.59;0.00;0
109;fuel_silo;2524.79;11.00;319.81;0.00;0
109;radar_station;2522.72;11.00;315.13;0.00;0
109;nuclear_reactor_spawn;2503.76;11.00;343.81;0.00;0
109;rocket_site_spawn;2509.27;11.00;342.60;0.00;0
109;synthetic_refinery;2513.34;11.00;376.59;0.00;0
109;supply_node;2524.79;11.00;319.81;0.00;0
109;dockyard;2522.72;11.00;315.13;0.00;0
109;coastal_bunker;2503.76;11.00;343.81;0.00;0
110;arms_factory;3571.59;11.00;316.82;0.00;0
110;industrial_complex;3571.59;11.00;316.82;0.00;0
110;air_base;3571.59;11.00;316.82;0.00;0
110;anti_air_building;3571.59;11.00;316.82;0.00;0
110;bunker;3571.59;11.00;316.82;0.00;0
110;fuel_silo;3571.59;11.00;316.82;0.00;0
110;radar_station;3571.59;11.00;316.82;0.00;0
110;nuclear_reactor_spawn;3571.59;11.00;316.82;0.00;0
110;rocket_site_spawn;3571.59;11.00;316.82;0.00;0
110;synthetic_refinery;3571.59;11.00;316.82;0.00;0
110;supply_node;3571.59;11.00;316.82;0.00;0
110;dockyard;3571.59;11.00;316.82;0.00;0
110;coastal_bunker;3571.59;11.00;316.82;0.00;0
111;arms_factory;2380.34;11.00;303.74;0.00;0
111;industrial_complex;2337.35;11.00;276.45;0.00;0
111;air_base;2380.34;11.00;303.74;0.00;0
111;anti_air_building;2337.35;11.00;276.45;0.00;0
111;bunker;2380.34;11.00;303.74;0.00;0
111;fuel_silo;2337.35;11.00;276.45;0.00;0
111;radar_station;2380.34;11.00;303.74;0.00;0
111;nuclear_reactor_spawn;2337.35;11.00;276.45;0.00;0
111;rocket_site_spawn;2380.34;11.00;303.74;0.00;0
111;synthetic_refinery;2337.35;11.00;276.45;0.00;0
111;supply_node;2380.34;11.00;303.74;0.00;0
111;dockyard;2337.35;11.00;276.45;0.00;0
111;coastal_bunker;2380.34;11.00;303.74;0.00;0
112;arms_factory;2390.82;11.00;277.29;0.00;0
112;industrial_complex;2391.03;11.00;261.40;0.00;0
112;air_base;2397.93;11.00;291.52;0.00;0
112;anti_air_building;2352.34;11.00;252.65;0.00;0
112;bunker;2372.47;11.00;255.04;0.00;0
112;fuel_silo;2408.34;11.00;264.67;0.00;0
112;radar_station;2364.12;11.00;270.35;0.00;0
112;nuclear_reactor_spawn;2346.47;11.00;232.52;0.00;0
112;rocket_site_spawn;2384.01;11.00;243.46;0.00;0
112;synthetic_refinery;2362.47;11.00;247.94;0.00;0
112;supply_node;2401.52;11.00;252.99;0.00;0
112;dockyard;2404.82;11.00;283.27;0.00;0
112;coastal_bunker;2402.85;11.00;300.33;0.00;0
113;arms_factory;2512.46;11.00;286.08;0.00;0
113;industrial_complex;2513.18;11.00;262.16;0.00;0
113;air_base;2517.34;11.00;279.10;0.00;0
113;anti_air_building;2513.15;11.00;272.21;0.00;0
113;bunker;2517.98;11.00;267.58;0.00;0
113;fuel_silo;2512.46;11.00;286.08;0.00;0
113;radar_station;2513.18;11.00;262.16;0.00;0
113;nuclear_reactor_spawn;2517.34;11.00;279.10;0.00;0
113;rocket_site_spawn;2513.15;11.00;272.21;0.00;0
113;synthetic_refinery;2517.98;11.00;267.58;0.00;0
113;supply_node;2512.46;11.00;286.08;0.00;0
113;dockyard;2513.18;11.00;262.16;0.00;0
113;coastal_bunker;2517.34;11.00;279.10;0.00;0
114;arms_factory;3613.62;11.00;1314.71;0.00;0
114;industrial_complex;3636.73;11.00;1345.14;0.00;0
114;air_base;3610.14;11.00;1301.54;0.00;0
114;anti_air_building;3665.51;11.00;1292.02;0.00;0
114;bunker;3628.59;11.00;1297.80;0.00;0
114;fuel_silo;3691.27;11.00;1318.71;0.00;0
114;radar_station;3656.62;11.00;1314.27;0.00;0
114;nuclear_reactor_spawn;3669.21;11.00;1354.10;0.00;0
114;rocket_site_spawn;3627.11;11.00;1325.02;0.00;0
114;synthetic_refinery;3621.45;11.00;1339.24;0.00;0
114;supply_node;3675.41;11.00;1335.50;0.00;0
114;dockyard;3644.29;11.00;1326.51;0.00;0
114;coastal_bunker;3680.94;11.00;1363.79;0.00;0
115;arms_factory;3542.73;11.00;1284.09;0.00;0
115;industrial_complex;3517.00;11.00;1223.80;0.00;0
115;air_base;3499.70;11.00;1245.81;0.00;0
115;anti_air_building;3547.89;11.00;1264.03;0.00;0
115;bunker;3516.86;11.00;1279.42;0.00;0
115;fuel_silo;3495.12;11.00;1274.00;0.00;0
115;radar_station;3523.45;11.00;1294.03;0.00;0
115;nuclear_reactor_spawn;3531.88;11.00;1244.60;0.00;0
115;rocket_site_spawn;3531.47;11.00;1290.56;0.00;0
115;synthetic_refinery;3525.47;11.00;1268.12;0.00;0
115;supply_node;3542.73;11.00;1284.09;0.00;0
116;arms_factory;2424.48;11.00;213.30;0.00;0
116;industrial_complex;2438.08;11.00;210.34;0.00;0
116;air_base;2428.89;11.00;203.06;0.00;0
116;anti_air_building;2417.02;11.00;203.99;0.00;0
116;bunker;2432.78;11.00;220.54;0.00;0
116;fuel_silo;2415.28;11.00;216.05;0.00;0
116;radar_station;2408.62;11.00;210.52;0.00;0
116;nuclear_reactor_spawn;2399.87;11.00;194.96;0.00;0
116;rocket_site_spawn;2403.67;11.00;188.61;0.00;0
116;synthetic_refinery;2397.16;11.00;187.31;0.00;0
116;supply_node;2402.04;11.00;181.00;0.00;0
116;dockyard;2429.03;11.00;254.49;0.00;0
116;coastal_bunker;2424.48;11.00;213.30;0.00;0
117;arms_factory;2279.88;11.00;201.78;0.00;0
117;industrial_complex;2279.88;11.00;201.78;0.00;0
117;air_base;2279.88;11.00;201.78;0.00;0
117;anti_air_building;2279.88;11.00;201.78;0.00;0
117;bunker;2279.88;11.00;201.78;0.00;0
117;fuel_silo;2279.88;11.00;201.78;0.00;0
117;radar_station;2279.88;11.00;201.78;0.00;0
117;nuclear_reactor_spawn;2279.88;11.00;201.78;0.00;0
117;rocket_site_spawn;2279.88;11.00;201.78;0.00;0
117;synthetic_refinery;2279.88;11.00;201.78;0.00;0
117;supply_node;2279.88;11.00;201.78;0.00;0
117;dockyard;2279.88;11.00;201.78;0.00;0
117;coastal_bunker;2279.88;11.00;201.78;0.00;0
118;arms_factory;2170.58;11.00;196.39;0.00;0
118;industrial_complex;2184.31;11.00;193.05;0.00;0
118;air_base;2170.58;11.00;196.39;0.00;0
118;anti_air_building;2184.31;11.00;193.05;0.00;0
118;bunker;2170.58;11.00;196.39;0.00;0
118;fuel_silo;2184.31;11.00;193.05;0.00;0
118;radar_station;2170.58;11.00;196.39;0.00;0
118;nuclear_reactor_spawn;2184.31;11.00;193.05;0.00;0
118;rocket_site_spawn;2170.58;11.00;196.39;0.00;0
118;synthetic_refinery;2184.31;11.00;193.05;0.00;0
118;supply_node;2170.58;11.00;196.39;0.00;0
118;dockyard;2184.31;11.00;193.05;0.00;0
118;coastal_bunker;2170.58;11.00;196.39;0.00;0
12;arms_factory;1895.96;11.00;1446.63;0.00;0
12;industrial_complex;1887.68;11.00;1430.91;0.00;0
12;air_base;1881.66;11.00;1486.54;0.00;0
12;anti_air_building;1890.70;11.00;1459.78;0.00;0
12;bunker;1871.47;11.00;1413.26;0.00;0
12;fuel_silo;1887.25;11.00;1500.82;0.00;0
12;radar_station;1873.92;11.00;1503.78;0.00;0
12;nuclear_reactor_spawn;1882.92;11.00;1468.97;0.00;0
12;rocket_site_spawn;1862.24;11.00;1490.71;0.00;0
12;synthetic_refinery;1882.46;11.00;1447.18;0.00;0
12;supply_node;1899.71;11.00;1493.07;0.00;0
12;dockyard;1874.34;11.00;1455.92;0.00;0
12;coastal_bunker;1880.60;11.00;1513.63;0.00;0
119;arms_factory;3696.08;11.00;1268.77;0.00;0
119;industrial_complex;3644.99;11.00;1250.91;0.00;0
119;air_base;3704.95;11.00;1276.37;0.00;0
119;anti_air_building;3673.70;11.00;1260.56;0.00;0
119;bunker;3657.77;11.00;1213.80;0.00;0
119;fuel_silo;3620.95;11.00;1263.33;0.00;0
119;radar_station;3635.65;11.00;1263.37;0.00;0
119;nuclear_reactor_spawn;3725.55;11.00;1273.08;0.00;0
119;rocket_site_spawn;3683.85;11.00;1274.82;0.00;0
119;synthetic_refinery;3675.72;11.00;1238.09;0.00;0
119;supply_node;3708.81;11.00;1263.33;0.00;0
119;dockyard;3651.40;11.00;1264.92;0.00;0
119;coastal_bunker;3694.42;11.00;1252.47;0.00;0
120;arms_factory;2071.54;11.00;1683.38;0.00;0
120;industrial_complex;2089.90;11.00;1722.45;0.00;0
120;air_base;2083.10;11.00;1657.06;0.00;0
120;anti_air_building;2092.83;11.00;1680.74;0.00;0
120;bunker;2081.46;11.00;1701.95;0.00;0
120;fuel_silo;2078.58;11.00;1728.00;0.00;0
120;radar_station;2075.56;11.00;1717.35;0.00;0
120;nuclear_reactor_spawn;2095.87;11.00;1706.59;0.00;0
120;rocket_site_spawn;2112.88;11.00;1698.41;0.00;0
120;synthetic_refinery;2107.60;11.00;1689.29;0.00;0
120;supply_node;2053.02;11.00;1680.16;0.00;0
120;dockyard;2108.03;11.00;1667.29;0.00;0
120;coastal_bunker;2068.32;11.00;1667.52;0.00;0
121;arms_factory;1877.38;11.00;1325.97;0.00;0
121;industrial_complex;1841.07;11.00;1368.65;0.00;0
121;air_base;1855.74;11.00;1343.11;0.00;0
121;anti_air_building;1873.60;11.00;1352.12;0.00;0
121;bunker;1869.00;11.00;1386.44;0.00;0
121;fuel_silo;1865.11;11.00;1371.61;0.00;0
121;radar_station;1832.61;11.00;1343.53;0.00;0
121;nuclear_reactor_spawn;1877.38;11.00;1325.97;0.00;0
121;rocket_site_spawn;1841.07;11.00;1368.65;0.00;0
121;synthetic_refinery;1855.74;11.00;1343.11;0.00;0
121;supply_node;1873.60;11.00;1352.12;0.00;0
121;dockyard;1869.00;11.00;1386.44;0.00;0
121;coastal_bunker;1865.11;11.00;1371.61;0.00;0
122;arms_factory;2042.29;11.00;1458.86;0.00;0
122;industrial_complex;2020.46;11.00;1455.41;0.00;0
122;air_base;2044.16;11.00;1420.00;0.00;0
122;anti_air_building;2015.23;11.00;1423.27;0.00;0
122;bunker;2064.13;11.00;1463.57;0.00;0
122;fuel_silo;2070.33;11.00;1400.91;0.00;0
122;radar_station;2042.29;11.00;1458.86;0.00;0
122;nuclear_reactor_spawn;2020.46;11.00;1455.41;0.00;0
122;rocket_site_spawn;2044.16;11.00;1420.00;0.00;0
122;synthetic_refinery;2015.23;11.00;1423.27;0.00;0
122;supply_node;2064.13;11.00;1463.57;0.00;0
122;dockyard;2070.33;11.00;1400.91;0.00;0
122;coastal_bunker;2042.29;11.00;1458.86;0.00;0
123;arms_factory;2038.92;11.00;1249.44;0.00;0
123;industrial_complex;2020.36;11.00;1262.70;0.00;0
123;air_base;1963.36;11.00;1195.11;0.00;0
123;anti_air_building;1986.99;11.00;1251.66;0.00;0
123;bunker;2003.53;11.00;1221.02;0.00;0
123;fuel_silo;1931.93;11.00;1209.02;0.00;0
123;radar_station;1958.22;11.00;1225.28;0.00;0
123;nuclear_reactor_spawn;1983.61;11.00;1278.14;0.00;0
123;rocket_site_spawn;1995.49;11.00;1182.26;0.00;0
123;synthetic_refinery;2033.48;11.00;1215.96;0.00;0
123;supply_node;2045.67;11.00;1206.84;0.00;0
124;arms_factory;1732.07;11.00;1198.44;0.00;0
124;industrial_complex;1730.62;11.00;1163.45;0.00;0
124;air_base;1763.54;11.00;1210.04;0.00;0
124;anti_air_building;1706.34;11.00;1217.08;0.00;0
124;bunker;1769.48;11.00;1176.69;0.00;0
124;fuel_silo;1773.65;11.00;1191.20;0.00;0
124;radar_station;1753.00;11.00;1175.92;0.00;0
124;nuclear_reactor_spawn;1724.29;11.00;1221.06;0.00;0
124;rocket_site_spawn;1707.07;11.00;1197.52;0.00;0
124;synthetic_refinery;1751.35;11.00;1152.22;0.00;0
124;supply_node;1743.36;11.00;1223.90;0.00;0
125;arms_factory;2131.59;11.00;1661.38;0.00;0
125;industrial_complex;2122.68;11.00;1690.34;0.00;0
125;air_base;2138.99;11.00;1689.21;0.00;0
125;anti_air_building;2158.87;11.00;1661.16;0.00;0
125;bunker;2149.66;11.00;1672.69;0.00;0
125;fuel_silo;2141.21;11.00;1708.18;0.00;0
125;radar_station;2151.46;11.00;1689.82;0.00;0
125;nuclear_reactor_spawn;2123.87;11.00;1677.31;0.00;0
125;rocket_site_spawn;2147.57;11.00;1652.79;0.00;0
125;synthetic_refinery;2131.59;11.00;1661.38;0.00;0
125;supply_node;2122.68;11.00;1690.34;0.00;0
125;dockyard;2138.99;11.00;1689.21;0.00;0
125;coastal_bunker;2158.87;11.00;1661.16;0.00;0
126;arms_factory;2553.00;11.00;948.24;0.00;0
126;industrial_complex;2526.62;11.00;956.47;0.00;0
126;air_base;2561.02;11.00;918.63;0.00;0
126;anti_air_building;2508.24;11.00;940.83;0.00;0
126;bunker;2553.09;11.00;978.84;0.00;0
126;fuel_silo;2582.25;11.00;984.55;0.00;0
126;radar_station;2575.88;11.00;956.14;0.00;0
126;nuclear_reactor_spawn;2580.42;11.00;933.23;0.00;0
126;rocket_site_spawn;2536.13;11.00;936.35;0.00;0
126;synthetic_refinery;2585.36;11.00;909.90;0.00;0
126;supply_node;2553.00;11.00;948.24;0.00;0
127;arms_factory;2237.40;11.00;1597.46;0.00;0
127;industrial_complex;2268.29;11.00;1635.50;0.00;0
127;air_base;2260.21;11.00;1605.13;0.00;0
127;anti_air_building;2239.41;11.00;1624.65;0.00;0
127;bunker;2236.56;11.00;1612.61;0.00;0
127;fuel_silo;2242.29;11.00;1588.19;0.00;0
127;radar_station;2269.20;11.00;1644.75;0.00;0
127;nuclear_reactor_spawn;2245.01;11.00;1634.30;0.00;0
127;rocket_site_spawn;2259.62;11.00;1633.20;0.00;0
127;synthetic_refinery;2251.74;11.00;1625.93;0.00;0
127;supply_node;2262.62;11.00;1625.00;0.00;0
127;dockyard;2255.21;11.00;1616.34;0.00;0
127;coastal_bunker;2247.06;11.00;1612.19;0.00;0
128;arms_factory;2198.20;11.00;1635.35;0.00;0
128;industrial_complex;2180.05;11.00;1659.18;0.00;0
128;air_base;2202.53;11.00;1622.17;0.00;0
128;anti_air_building;2224.86;11.00;1625.45;0.00;0
128;bunker;2209.03;11.00;1657.52;0.00;0
128;fuel_silo;2193.78;11.00;1614.40;0.00;0
128;radar_station;2197.52;11.00;1667.75;0.00;0
128;nuclear_reactor_spawn;2205.88;11.00;1666.20;0.00;0
128;rocket_site_spawn;2190.53;11.00;1660.94;0.00;0
128;synthetic_refinery;2216.51;11.00;1653.49;0.00;0
128;supply_node;2187.40;11.00;1644.32;0.00;0
128;dockyard;2222.50;11.00;1646.13;0.00;0
128;coastal_bunker;2207.96;11.00;1644.16;0.00;0
13;arms_factory;2694.95;11.00;1498.10;0.00;0
13;industrial_complex;2684.78;11.00;1478.72;0.00;0
13;air_base;2726.26;11.00;1487.06;0.00;0
13;anti_air_building;2698.83;11.00;1475.75;0.00;0
13;bunker;2684.27;11.00;1497.94;0.00;0
13;fuel_silo;2690.93;11.00;1509.80;0.00;0
13;radar_station;2717.46;11.00;1495.48;0.00;0
13;nuclear_reactor_spawn;2704.86;11.00;1484.48;0.00;0
13;rocket_site_spawn;2717.12;11.00;1474.42;0.00;0
13;synthetic_refinery;2704.15;11.00;1510.98;0.00;0
13;supply_node;2712.71;11.00;1514.45;0.00;0
13;dockyard;2718.96;11.00;1505.98;0.00;0
13;coastal_bunker;2709.93;11.00;1505.13;0.00;0
129;arms_factory;2168.03;11.00;1378.42;0.00;0
129;industrial_complex;2186.45;11.00;1331.63;0.00;0
129;air_base;2163.03;11.00;1351.45;0.00;0
129;anti_air_building;2176.34;11.00;1367.27;0.00;0
129;bunker;2191.43;11.00;1360.49;0.00;0
129;fuel_silo;2188.17;11.00;1381.78;0.00;0
129;radar_station;2149.77;11.00;1332.24;0.00;0
129;nuclear_reactor_spawn;2168.03;11.00;1378.42;0.00;0
129;rocket_site_spawn;2186.45;11.00;1331.63;0.00;0
129;synthetic_refinery;2163.03;11.00;1351.45;0.00;0
129;supply_node;2176.34;11.00;1367.27;0.00;0
130;arms_factory;2100.51;11.00;1617.29;0.00;0
130;industrial_complex;2123.48;11.00;1615.75;0.00;0
130;air_base;2103.21;11.00;1646.80;0.00;0
130;anti_air_building;2087.66;11.00;1627.24;0.00;0
130;bunker;2139.14;11.00;1639.18;0.00;0
130;fuel_silo;2122.97;11.00;1646.01;0.00;0
130;radar_station;2089.36;11.00;1639.42;0.00;0
130;nuclear_reactor_spawn;2130.47;11.00;1630.08;0.00;0
130;rocket_site_spawn;2114.37;11.00;1628.80;0.00;0
130;synthetic_refinery;2138.86;11.00;1621.60;0.00;0
130;supply_node;2134.88;11.00;1613.38;0.00;0
131;arms_factory;2542.07;11.00;1341.37;0.00;0
131;industrial_complex;2573.38;11.00;1333.35;0.00;0
131;air_base;2562.08;11.00;1361.97;0.00;0
131;anti_air_building;2577.18;11.00;1353.54;0.00;0
131;bunker;2560.90;11.00;1331.12;0.00;0
131;fuel_silo;2589.06;11.00;1348.07;0.00;0
131;radar_station;2573.11;11.00;1368.04;0.00;0
131;nuclear_reactor_spawn;2585.87;11.00;1366.17;0.00;0
131;rocket_site_spawn;2589.99;11.00;1358.02;0.00;0
131;synthetic_refinery;2560.59;11.00;1349.46;0.00;0
131;supply_node;2597.68;11.00;1349.32;0.00;0
131;dockyard;2570.29;11.00;1342.38;0.00;0
131;coastal_bunker;2581.06;11.00;1341.78;0.00;0
132;arms_factory;2111.32;11.00;1589.52;0.00;0
132;industrial_complex;2147.06;11.00;1587.22;0.00;0
132;air_base;2139.29;11.00;1602.64;0.00;0
132;anti_air_building;2133.15;11.00;1582.38;0.00;0
132;bunker;2126.52;11.00;1603.61;0.00;0
132;fuel_silo;2149.21;11.00;1598.19;0.00;0
132;radar_station;2118.74;11.00;1596.47;0.00;0
132;nuclear_reactor_spawn;2132.84;11.00;1593.99;0.00;0
132;rocket_site_spawn;2123.49;11.00;1587.87;0.00;0
132;synthetic_refinery;2116.10;11.00;1580.10;0.00;0
132;supply_node;2141.99;11.00;1578.56;0.00;0
132;dockyard;2124.90;11.00;1575.10;0.00;0
132;coastal_bunker;2115.29;11.00;1569.20;0.00;0
133;arms_factory;2228.84;11.00;1569.03;0.00;0
133;industrial_complex;2210.58;11.00;1613.52;0.00;0
133;air_base;2214.92;11.00;1576.47;0.00;0
133;anti_air_building;2214.68;11.00;1603.77;0.00;0
133;bunker;2222.15;11.00;1585.92;0.00;0
133;fuel_silo;2220.85;11.00;1615.97;0.00;0
133;radar_station;2226.97;11.00;1607.69;0.00;0
133;nuclear_reactor_spawn;2202.15;11.00;1607.50;0.00;0
133;rocket_site_spawn;2223.98;11.00;1597.30;0.00;0
133;synthetic_refinery;2204.01;11.00;1597.17;0.00;0
133;supply_node;2213.66;11.00;1592.90;0.00;0
133;dockyard;2205.63;11.00;1585.74;0.00;0
133;coastal_bunker;2231.07;11.00;1584.20;0.00;0
134;arms_factory;2037.91;11.00;1664.82;0.00;0
134;industrial_complex;2034.15;11.00;1607.47;0.00;0
134;air_base;2016.07;11.00;1608.90;0.00;0
134;anti_air_building;2035.67;11.00;1686.55;0.00;0
134;bunker;2014.84;11.00;1678.29;0.00;0
134;fuel_silo;2042.92;11.00;1627.08;0.00;0
134;radar_station;2003.40;11.00;1638.64;0.00;0
134;nuclear_reactor_spawn;1988.96;11.00;1652.51;0.00;0
134;rocket_site_spawn;2052.43;11.00;1645.33;0.00;0
134;synthetic_refinery;2022.57;11.00;1637.59;0.00;0
134;supply_node;2009.58;11.00;1656.59;0.00;0
134;dockyard;2083.26;11.00;1612.17;0.00;0
134;coastal_bunker;2056.04;11.00;1660.79;0.00;0
135;arms_factory;2176.28;11.00;1639.35;0.00;0
135;industrial_complex;2165.26;11.00;1604.68;0.00;0
135;air_base;2154.24;11.00;1607.85;0.00;0
135;anti_air_building;2167.01;11.00;1630.28;0.00;0
135;bunker;2163.91;11.00;1615.92;0.00;0
135;fuel_silo;2163.08;11.00;1643.33;0.00;0
135;radar_station;2154.30;11.00;1638.24;0.00;0
135;nuclear_reactor_spawn;2146.92;11.00;1629.47;0.00;0
135;rocket_site_spawn;2178.32;11.00;1628.47;0.00;0
135;synthetic_refinery;2157.40;11.00;1626.25;0.00;0
135;supply_node;2148.60;11.00;1617.52;0.00;0
135;dockyard;2174.50;11.00;1619.83;0.00;0
135;coastal_bunker;2158.95;11.00;1595.69;0.00;0
136;arms_factory;2090.07;11.00;1532.83;0.00;0
136;industrial_complex;2052.43;11.00;1531.39;0.00;0
136;air_base;2074.29;11.00;1490.35;0.00;0
136;anti_air_building;2101.58;11.00;1524.55;0.00;0
136;bunker;2077.87;11.00;1528.28;0.00;0
136;fuel_silo;2088.96;11.00;1510.38;0.00;0
136;radar_station;2066.06;11.00;1537.26;0.00;0
136;nuclear_reactor_spawn;2059.60;11.00;1546.87;0.00;0
136;rocket_site_spawn;2080.51;11.00;1542.14;0.00;0
136;synthetic_refinery;2063.61;11.00;1526.70;0.00;0
136;supply_node;2072.44;11.00;1513.90;0.00;0
137;arms_factory;2052.05;11.00;1584.32;0.00;0
137;industrial_complex;2044.50;11.00;1562.81;0.00;0
137;air_base;2012.65;11.00;1575.10;0.00;0
137;anti_air_building;2031.11;11.00;1573.70;0.00;0
137;bunker;1987.59;11.00;1596.03;0.00;0
137;fuel_silo;1980.84;11.00;1584.17;0.00;0
137;radar_station;2031.73;11.00;1588.99;0.00;0
137;nuclear_reactor_spawn;2046.06;11.00;1575.49;0.00;0
137;rocket_site_spawn;1997.03;11.00;1586.62;0.00;0
137;synthetic_refinery;1990.57;11.00;1573.06;0.00;0
137;supply_node;1995.40;11.00;1562.41;0.00;0
137;dockyard;2052.05;11.00;1584.32;0.00;0
137;coastal_bunker;2044.50;11.00;1562.81;0.00;0
138;arms_factory;2062.35;11.00;1572.55;0.00;0
138;industrial_complex;2064.70;11.00;1588.62;0.00;0
138;air_base;2076.47;11.00;1563.18;0.00;0
138;anti_air_building;2076.62;11.00;1586.95;0.00;0
138;bunker;2090.46;11.00;1575.83;0.00;0
138;fuel_silo;2087.17;11.00;1598.05;0.00;0
138;radar_station;2098.03;11.00;1596.77;0.00;0
138;nuclear_reactor_spawn;2098.29;11.00;1562.48;0.00;0
138;rocket_site_spawn;2075.55;11.00;1574.92;0.00;0
138;synthetic_refinery;2075.02;11.00;1599.21;0.00;0
138;supply_node;2090.48;11.00;1586.56;0.00;0
14;arms_factory;2765.31;11.00;1507.62;0.00;0
14;industrial_complex;2765.31;11.00;1507.62;0.00;0
14;air_base;2765.31;11.00;1507.62;0.00;0
14;anti_air_building;2765.31;11.00;1507.62;0.00;0
14;bunker;2765.31;11.00;1507.62;0.00;0
14;fuel_silo;2765.31;11.00;1507.62;0.00;0
14;radar_station;2765.31;11.00;1507.62;0.00;0
14;nuclear_reactor_spawn;2765.31;11.00;1507.62;0.00;0
14;rocket_site_spawn;2765.31;11.00;1507.62;0.00;0
14;synthetic_refinery;2765.31;11.00;1507.62;0.00;0
14;supply_node;2765.31;11.00;1507.62;0.00;0
14;dockyard;2765.31;11.00;1507.62;0.00;0
14;coastal_bunker;2765.31;11.00;1507.62;0.00;0
139;arms_factory;2144.13;11.00;1514.34;0.00;0
139;industrial_complex;2115.78;11.00;1546.13;0.00;0
139;air_base;2134.82;11.00;1529.95;0.00;0
139;anti_air_building;2156.92;11.00;1530.91;0.00;0
139;bunker;2157.40;11.00;1558.23;0.00;0
139;fuel_silo;2164.25;11.00;1548.23;0.00;0
139;radar_station;2140.49;11.00;1544.30;0.00;0
139;nuclear_reactor_spawn;2119.20;11.00;1525.16;0.00;0
139;rocket_site_spawn;2145.89;11.00;1530.44;0.00;0
139;synthetic_refinery;2155.73;11.00;1518.36;0.00;0
139;supply_node;2167.82;11.00;1536.21;0.00;0
139;dockyard;2168.52;11.00;1524.58;0.00;0
139;coastal_bunker;2129.48;11.00;1516.00;0.00;0
140;arms_factory;2198.25;11.00;1564.73;0.00;0
140;industrial_complex;2186.28;11.00;1547.52;0.00;0
140;air_base;2180.06;11.00;1569.94;0.00;0
140;anti_air_building;2169.21;11.00;1560.95;0.00;0
140;bunker;2195.03;11.00;1539.44;0.00;0
140;fuel_silo;2183.59;11.00;1534.76;0.00;0
140;radar_station;2183.54;11.00;1583.89;0.00;0
140;nuclear_reactor_spawn;2198.34;11.00;1553.38;0.00;0
140;rocket_site_spawn;2184.75;11.00;1599.22;0.00;0
140;synthetic_refinery;2194.02;11.00;1590.14;0.00;0
140;supply_node;2200.45;11.00;1576.42;0.00;0
140;dockyard;2193.15;11.00;1602.05;0.00;0
140;coastal_bunker;2174.65;11.00;1582.31;0.00;0
141;arms_factory;2013.33;11.00;1502.17;0.00;0
141;industrial_complex;2040.20;11.00;1511.97;0.00;0
141;air_base;2016.63;11.00;1524.94;0.00;0
141;anti_air_building;2039.21;11.00;1548.63;0.00;0
141;bunker;2016.55;11.00;1540.00;0.00;0
141;fuel_silo;2002.41;11.00;1510.96;0.00;0
141;radar_station;2018.17;11.00;1553.40;0.00;0
141;nuclear_reactor_spawn;2028.14;11.00;1511.08;0.00;0
141;rocket_site_spawn;2025.63;11.00;1494.42;0.00;0
141;synthetic_refinery;2041.70;11.00;1529.90;0.00;0
141;supply_node;1997.55;11.00;1520.30;0.00;0
141;dockyard;1999.18;11.00;1552.36;0.00;0
141;coastal_bunker;2001.46;11.00;1538.37;0.00;0
142;arms_factory;2522.38;11.00;1499.78;0.00;0
142;industrial_complex;2516.76;11.00;1474.93;0.00;0
142;air_base;2535.82;11.00;1497.01;0.00;0
142;anti_air_building;2519.32;11.00;1458.09;0.00;0
142;bunker;2545.85;11.00;1469.79;0.00;0
142;fuel_silo;2504.19;11.00;1462.07;0.00;0
142;radar_station;2524.39;11.00;1487.78;0.00;0
142;nuclear_reactor_spawn;2551.97;11.00;1501.31;0.00;0
142;rocket_site_spawn;2564.16;11.00;1497.16;0.00;0
142;synthetic_refinery;2543.76;11.00;1486.49;0.00;0
142;supply_node;2555.10;11.00;1485.80;0.00;0
142;dockyard;2533.77;11.00;1482.06;0.00;0
142;coastal_bunker;2529.73;11.00;1470.20;0.00;0
143;arms_factory;2496.10;11.00;1471.25;0.00;0
143;industrial_complex;2512.34;11.00;1493.03;0.00;0
143;air_base;2482.76;11.00;1512.07;0.00;0
143;anti_air_building;2474.29;11.00;1490.59;0.00;0
143;bunker;2482.24;11.00;1469.05;0.00;0
143;fuel_silo;2477.19;11.00;1503.58;0.00;0
143;radar_station;2463.85;11.00;1482.54;0.00;0
143;nuclear_reactor_spawn;2488.36;11.00;1481.82;0.00;0
143;rocket_site_spawn;2486.06;11.00;1503.89;0.00;0
143;synthetic_refinery;2482.60;11.00;1494.90;0.00;0
143;supply_node;2492.15;11.00;1492.18;0.00;0
143;dockyard;2464.40;11.00;1490.70;0.00;0
143;coastal_bunker;2502.44;11.00;1488.71;0.00;0
144;arms_factory;2905.30;11.00;1474.96;0.00;0
144;industrial_complex;2905.90;11.00;1506.96;0.00;0
144;air_base;2925.86;11.00;1490.77;0.00;0
144;anti_air_building;2909.66;11.00;1486.05;0.00;0
144;bunker;2913.61;11.00;1496.96;0.00;0
144;fuel_silo;2911.02;11.00;1514.94;0.00;0
144;radar_station;2913.89;11.00;1506.73;0.00;0
144;nuclear_reactor_spawn;2919.96;11.00;1480.97;0.00;0
144;rocket_site_spawn;2930.78;11.00;1475.90;0.00;0
144;synthetic_refinery;2917.36;11.00;1471.02;0.00;0
144;supply_node;2905.30;11.00;1474.96;0.00;0
144;dockyard;2905.90;11.00;1506.96;0.00;0
144;coastal_bunker;2925.86;11.00;1490.77;0.00;0
145;arms_factory;2877.65;11.00;1501.40;0.00;0
145;industrial_complex;2892.27;11.00;1477.51;0.00;0
145;air_base;2880.78;11.00;1508.86;0.00;0
145;anti_air_building;2887.69;11.00;1500.72;0.00;0
145;bunker;2900.24;11.00;1497.56;0.00;0
145;fuel_silo;2885.75;11.00;1492.78;0.00;0
145;radar_station;2897.05;11.00;1488.65;0.00;0
145;nuclear_reactor_spawn;2883.92;11.00;1471.71;0.00;0
145;rocket_site_spawn;2877.65;11.00;1501.40;0.00;0
145;synthetic_refinery;2892.27;11.00;1477.51;0.00;0
145;supply_node;2880.78;11.00;1508.86;0.00;0
145;dockyard;2887.69;11.00;1500.72;0.00;0
145;coastal_bunker;2900.24;11.00;1497.56;0.00;0
146;arms_factory;3658.78;11.00;1422.13;0.00;0
146;industrial_complex;3678.77;11.00;1431.27;0.00;0
146;air_base;3662.84;11.00;1465.69;0.00;0
146;anti_air_building;3676.82;11.00;1480.09;0.00;0
146;bunker;3656.20;11.00;1436.35;0.00;0
146;fuel_silo;3685.11;11.00;1461.39;0.00;0
146;radar_station;3670.93;11.00;1446.41;0.00;0
146;nuclear_reactor_spawn;3683.57;11.00;1419.78;0.00;0
146;rocket_site_spawn;3658.78;11.00;1422.13;0.00;0
146;synthetic_refinery;3678.77;11.00;1431.27;0.00;0
146;supply_node;3662.84;11.00;1465.69;0.00;0
146;dockyard;3676.82;11.00;1480.09;0.00;0
146;coastal_bunker;3656.20;11.00;1436.35;0.00;0
147;arms_factory;2383.32;11.00;1478.62;0.00;0
147;industrial_complex;2359.88;11.00;1489.87;0.00;0
147;air_base;2354.79;11.00;1469.10;0.00;0
147;anti_air_building;2371.78;11.00;1493.17;0.00;0
147;bunker;2383.74;11.00;1490.45;0.00;0
147;fuel_silo;2376.09;11.00;1468.48;0.00;0
147;radar_station;2365.53;11.00;1463.16;0.00;0
147;nuclear_reactor_spawn;2376.30;11.00;1499.48;0.00;0
147;rocket_site_spawn;2350.30;11.00;1483.93;0.00;0
147;synthetic_refinery;2367.47;11.00;1482.83;0.00;0
147;supply_node;2343.25;11.00;1476.63;0.00;0
147;dockyard;2356.69;11.00;1478.81;0.00;0
147;coastal_bunker;2379.49;11.00;1452.00;0.00;0
148;arms_factory;3512.47;11.00;1462.04;0.00;0
148;industrial_complex;3535.81;11.00;1466.63;0.00;0
148;air_base;3556.11;11.00;1462.46;0.00;0
148;anti_air_building;3563.38;11.00;1497.70;0.00;0
148;bunker;3545.47;11.00;1489.93;0.00;0
148;fuel_silo;3540.03;11.00;1479.56;0.00;0
148;radar_station;3573.53;11.00;1445.30;0.00;0
148;nuclear_reactor_spawn;3544.64;11.00;1434.53;0.00;0
148;rocket_site_spawn;3563.54;11.00;1430.51;0.00;0
148;synthetic_refinery;3527.12;11.00;1450.58;0.00;0
148;supply_node;3555.01;11.00;1447.15;0.00;0
148;dockyard;3555.03;11.00;1491.71;0.00;0
148;coastal_bunker;3529.15;11.00;1483.07;0.00;0
15;arms_factory;3490.75;11.00;1449.63;0.00;0
15;industrial_complex;3486.90;11.00;1499.27;0.00;0
15;air_base;3489.22;11.00;1488.52;0.00;0
15;anti_air_building;3462.25;11.00;1497.44;0.00;0
15;bunker;3446.49;11.00;1497.93;0.00;0
15;fuel_silo;3440.58;11.00;1485.52;0.00;0
15;radar_station;3437.36;11.00;1506.39;0.00;0
15;nuclear_reactor_spawn;3452.51;11.00;1464.96;0.00;0
15;rocket_site_spawn;3472.46;11.00;1462.66;0.00;0
15;synthetic_refinery;3476.83;11.00;1487.42;0.00;0
15;supply_node;3444.37;11.00;1508.67;0.00;0
15;dockyard;3465.59;11.00;1506.35;0.00;0
15;coastal_bunker;3453.29;11.00;1505.05;0.00;0
149;arms_factory;2139.19;11.00;1499.51;0.00;0
149;industrial_complex;2117.59;11.00;1489.01;0.00;0
149;air_base;2162.01;11.00;1501.92;0.00;0
149;anti_air_building;2137.95;11.00;1479.78;0.00;0
149;bunker;2166.09;11.00;1489.86;0.00;0
149;fuel_silo;2179.38;11.00;1514.76;0.00;0
149;radar_station;2098.06;11.00;1487.04;0.00;0
149;nuclear_reactor_spawn;2110.68;11.00;1509.42;0.00;0
149;rocket_site_spawn;2181.38;11.00;1501.45;0.00;0
149;synthetic_refinery;2166.72;11.00;1513.96;0.00;0
149;supply_node;2173.63;11.00;1505.74;0.00;0
149;dockyard;2151.94;11.00;1501.96;0.00;0
149;coastal_bunker;2124.44;11.00;1500.95;0.00;0
150;arms_factory;3719.77;11.00;1458.52;0.00;0
150;industrial_complex;3718.58;11.00;1435.63;0.00;0
150;air_base;3713.91;11.00;1485.94;0.00;0
150;anti_air_building;3700.22;11.00;1469.06;0.00;0
150;bunker;3703.29;11.00;1421.51;0.00;0
150;fuel_silo;3721.01;11.00;1477.90;0.00;0
150;radar_station;3731.01;11.00;1465.43;0.00;0
150;nuclear_reactor_spawn;3694.51;11.00;1485.23;0.00;0
150;rocket_site_spawn;3698.14;11.00;1449.07;0.00;0
150;synthetic_refinery;3692.23;11.00;1424.16;0.00;0
150;supply_node;3713.44;11.00;1479.60;0.00;0
150;dockyard;3718.58;11.00;1469.30;0.00;0
150;coastal_bunker;3708.37;11.00;1459.90;0.00;0
151;arms_factory;2945.94;11.00;1473.30;0.00;0
151;industrial_complex;2943.06;11.00;1494.95;0.00;0
151;air_base;2959.93;11.00;1490.10;0.00;0
151;anti_air_building;2971.11;11.00;1487.75;0.00;0
151;bunker;2937.73;11.00;1485.21;0.00;0
151;fuel_silo;2950.53;11.00;1484.66;0.00;0
151;radar_station;2959.56;11.00;1480.15;0.00;0
151;nuclear_reactor_spawn;2956.78;11.00;1470.19;0.00;0
151;rocket_site_spawn;2941.33;11.00;1462.26;0.00;0
151;synthetic_refinery;2962.44;11.00;1461.21;0.00;0
151;supply_node;2952.33;11.00;1460.46;0.00;0
151;dockyard;2945.94;11.00;1473.30;0.00;0
151;coastal_bunker;2943.06;11.00;1494.95;0.00;0
152;arms_factory;3590.33;11.00;1446.67;0.00;0
152;industrial_complex;3614.20;11.00;1427.78;0.00;0
152;air_base;3627.12;11.00;1451.72;0.00;0
152;anti_air_building;3638.68;11.00;1419.51;0.00;0
152;bunker;3611.22;11.00;1442.84;0.00;0
152;fuel_silo;3603.60;11.00;1466.29;0.00;0
152;radar_station;3615.53;11.00;1462.33;0.00;0
152;nuclear_reactor_spawn;3598.01;11.00;1456.28;0.00;0
152;rocket_site_spawn;3607.05;11.00;1452.86;0.00;0
152;synthetic_refinery;3640.69;11.00;1439.56;0.00;0
152;supply_node;3623.80;11.00;1429.38;0.00;0
152;dockyard;3647.41;11.00;1409.40;0.00;0
152;coastal_bunker;3590.33;11.00;1446.67;0.00;0
153;arms_factory;3538.50;11.00;1420.20;0.00;0
153;industrial_complex;3556.16;11.00;1378.55;0.00;0
153;air_base;3523.99;11.00;1400.69;0.00;0
153;anti_air_building;3551.22;11.00;1420.46;0.00;0
153;bunker;3518.46;11.00;1374.57;0.00;0
153;fuel_silo;3575.61;11.00;1405.40;0.00;0
153;radar_station;3555.05;11.00;1408.77;0.00;0
153;nuclear_reactor_spawn;3535.86;11.00;1391.06;0.00;0
153;rocket_site_spawn;3566.99;11.00;1416.51;0.00;0
153;synthetic_refinery;3526.57;11.00;1414.78;0.00;0
153;supply_node;3538.07;11.00;1407.69;0.00;0
153;dockyard;3564.68;11.00;1396.28;0.00;0
153;coastal_bunker;3548.62;11.00;1393.35;0.00;0
154;arms_factory;3318.69;11.00;1460.15;0.00;0
154;industrial_complex;3302.40;11.00;1462.33;0.00;0
154;air_base;3309.49;11.00;1403.80;0.00;0
154;anti_air_building;3325.39;11.00;1429.86;0.00;0
154;bunker;3289.24;11.00;1425.35;0.00;0
154;fuel_silo;3306.58;11.00;1473.09;0.00;0
154;radar_station;3311.06;11.00;1453.66;0.00;0
154;nuclear_reactor_spawn;3297.24;11.00;1448.29;0.00;0
154;rocket_site_spawn;3319.46;11.00;1447.30;0.00;0
154;synthetic_refinery;3308.64;11.00;1441.19;0.00;0
154;supply_node;3316.62;11.00;1435.90;0.00;0
154;dockyard;3310.17;11.00;1422.62;0.00;0
154;coastal_bunker;3324.47;11.00;1418.10;0.00;0
155;arms_factory;2196.56;11.00;1485.21;0.00;0
155;industrial_complex;2216.50;11.00;1489.85;0.00;0
155;air_base;2272.13;11.00;1462.97;0.00;0
155;anti_air_building;2237.92;11.00;1491.71;0.00;0
155;bunker;2238.43;11.00;1460.46;0.00;0
155;fuel_silo;2250.84;11.00;1470.58;0.00;0
155;radar_station;2235.09;11.00;1481.10;0.00;0
155;nuclear_reactor_spawn;2226.99;11.00;1470.23;0.00;0
155;rocket_site_spawn;2248.20;11.00;1445.35;0.00;0
155;synthetic_refinery;2204.04;11.00;1495.68;0.00;0
155;supply_node;2219.03;11.00;1457.51;0.00;0
155;dockyard;2206.54;11.00;1457.91;0.00;0
155;coastal_bunker;2194.02;11.00;1494.56;0.00;0
156;arms_factory;2562.81;11.00;1406.70;0.00;0
156;industrial_complex;2518.68;11.00;1444.35;0.00;0
156;air_base;2571.92;11.00;1425.27;0.00;0
156;anti_air_building;2501.91;11.00;1447.12;0.00;0
156;bunker;2544.10;11.00;1423.36;0.00;0
156;fuel_silo;2576.67;11.00;1451.13;0.00;0
156;radar_station;2538.37;11.00;1446.71;0.00;0
156;nuclear_reactor_spawn;2558.01;11.00;1461.52;0.00;0
156;rocket_site_spawn;2570.85;11.00;1457.51;0.00;0
156;synthetic_refinery;2555.64;11.00;1452.28;0.00;0
156;supply_node;2568.10;11.00;1448.31;0.00;0
156;dockyard;2504.29;11.00;1431.04;0.00;0
156;coastal_bunker;2560.86;11.00;1435.49;0.00;0
157;arms_factory;2715.36;11.00;1454.90;0.00;0
157;industrial_complex;2691.04;11.00;1411.28;0.00;0
157;air_base;2687.52;11.00;1449.51;0.00;0
157;anti_air_building;2690.57;11.00;1435.18;0.00;0
157;bunker;2718.49;11.00;1437.16;0.00;0
157;fuel_silo;2689.07;11.00;1423.93;0.00;0
157;radar_station;2704.47;11.00;1428.32;0.00;0
157;nuclear_reactor_spawn;2671.37;11.00;1451.11;0.00;0
157;rocket_site_spawn;2697.73;11.00;1459.34;0.00;0
157;synthetic_refinery;2675.79;11.00;1438.27;0.00;0
157;supply_node;2689.82;11.00;1467.46;0.00;0
157;dockyard;2681.44;11.00;1459.45;0.00;0
157;coastal_bunker;2725.30;11.00;1453.75;0.00;0
158;arms_factory;3367.52;11.00;1412.95;0.00;0
158;industrial_complex;3342.78;11.00;1406.46;0.00;0
158;air_base;3364.50;11.00;1464.90;0.00;0
158;anti_air_building;3349.56;11.00;1447.05;0.00;0
158;bunker;3338.88;11.00;1422.56;0.00;0
158;fuel_silo;3337.87;11.00;1471.37;0.00;0
158;radar_station;3340.70;11.00;1435.93;0.00;0
158;nuclear_reactor_spawn;3348.09;11.00;1459.63;0.00;0
158;rocket_site_spawn;3337.48;11.00;1451.36;0.00;0
158;synthetic_refinery;3355.03;11.00;1433.61;0.00;0
158;supply_node;3372.49;11.00;1464.19;0.00;0
158;dockyard;3358.62;11.00;1457.98;0.00;0
158;coastal_bunker;3349.56;11.00;1427.33;0.00;0
16;arms_factory;1698.72;11.00;1501.01;0.00;0
16;industrial_complex;1708.21;11.00;1473.87;0.00;0
16;air_base;1698.72;11.00;1501.01;0.00;0
16;anti_air_building;1708.21;11.00;1473.87;0.00;0
16;bunker;1698.72;11.00;1501.01;0.00;0
16;fuel_silo;1708.21;11.00;1473.87;0.00;0
16;radar_station;1698.72;11.00;1501.01;0.00;0
16;nuclear_reactor_spawn;1708.21;11.00;1473.87;0.00;0
16;rocket_site_spawn;1698.72;11.00;1501.01;0.00;0
16;synthetic_refinery;1708.21;11.00;1473.87;0.00;0
16;supply_node;1698.72;11.00;1501.01;0.00;0
16;dockyard;1708.21;11.00;1473.87;0.00;0
16;coastal_bunker;1698.72;11.00;1501.01;0.00;0
159;arms_factory;3285.17;11.00;1391.06;0.00;0
159;industrial_complex;3265.96;11.00;1403.89;0.00;0
159;air_base;3249.52;11.00;1420.77;0.00;0
159;anti_air_building;3240.38;11.00;1399.21;0.00;0
159;bunker;3229.18;11.00;1414.91;0.00;0
159;fuel_silo;3250.12;11.00;1382.06;0.00;0
159;radar_station;3265.63;11.00;1376.34;0.00;0
159;nuclear_reactor_spawn;3285.17;11.00;1391.06;0.00;0
159;rocket_site_spawn;3265.96;11.00;1403.89;0.00;0
159;synthetic_refinery;3249.52;11.00;1420.77;0.00;0
159;supply_node;3240.38;11.00;1399.21;0.00;0
159;dockyard;3229.18;11.00;1414.91;0.00;0
159;coastal_bunker;3250.12;11.00;1382.06;0.00;0
160;arms_factory;2236.85;11.00;1401.83;0.00;0
160;industrial_complex;2284.90;11.00;1382.31;0.00;0
160;air_base;2222.40;11.00;1428.01;0.00;0
160;anti_air_building;2204.32;11.00;1433.90;0.00;0
160;bunker;2258.39;11.00;1420.77;0.00;0
160;fuel_silo;2205.43;11.00;1407.88;0.00;0
160;radar_station;2252.49;11.00;1373.59;0.00;0
160;nuclear_reactor_spawn;2270.87;11.00;1435.13;0.00;0
160;rocket_site_spawn;2237.52;11.00;1431.51;0.00;0
160;synthetic_refinery;2258.23;11.00;1438.85;0.00;0
160;supply_node;2247.97;11.00;1427.96;0.00;0
161;arms_factory;3765.69;11.00;1414.13;0.00;0
161;industrial_complex;3738.02;11.00;1395.33;0.00;0
161;air_base;3779.94;11.00;1396.86;0.00;0
161;anti_air_building;3781.82;11.00;1449.79;0.00;0
161;bunker;3794.38;11.00;1421.63;0.00;0
161;fuel_silo;3773.71;11.00;1381.71;0.00;0
161;radar_station;3772.31;11.00;1431.37;0.00;0
161;nuclear_reactor_spawn;3749.74;11.00;1438.66;0.00;0
161;rocket_site_spawn;3756.86;11.00;1428.46;0.00;0
161;synthetic_refinery;3731.78;11.00;1412.52;0.00;0
161;supply_node;3730.85;11.00;1439.22;0.00;0
161;dockyard;3730.90;11.00;1452.13;0.00;0
161;coastal_bunker;3722.91;11.00;1380.42;0.00;0
162;arms_factory;2073.16;11.00;1433.86;0.00;0
162;industrial_complex;2164.31;11.00;1390.94;0.00;0
162;air_base;2138.96;11.00;1452.39;0.00;0
162;anti_air_building;2174.62;11.00;1479.95;0.00;0
162;bunker;2161.47;11.00;1446.39;0.00;0
162;fuel_silo;2107.72;11.00;1444.27;0.00;0
162;radar_station;2182.83;11.00;1451.70;0.00;0
162;nuclear_reactor_spawn;2165.69;11.00;1464.44;0.00;0
162;rocket_site_spawn;2081.78;11.00;1441.94;0.00;0
162;synthetic_refinery;2175.84;11.00;1468.79;0.00;0
162;supply_node;2151.73;11.00;1466.31;0.00;0
162;dockyard;2109.17;11.00;1391.50;0.00;0
162;coastal_bunker;2123.81;11.00;1382.54;0.00;0
163;arms_factory;2298.39;11.00;1458.58;0.00;0
163;industrial_complex;2329.21;11.00;1460.27;0.00;0
163;air_base;2314.53;11.00;1448.06;0.00;0
163;anti_air_building;2306.60;11.00;1470.50;0.00;0
163;bunker;2281.31;11.00;1440.70;0.00;0
163;fuel_silo;2311.10;11.00;1434.90;0.00;0
163;radar_station;2288.55;11.00;1450.09;0.00;0
163;nuclear_reactor_spawn;2314.38;11.00;1475.31;0.00;0
163;rocket_site_spawn;2324.84;11.00;1470.62;0.00;0
163;synthetic_refinery;2316.86;11.00;1464.39;0.00;0
163;supply_node;2309.54;11.00;1457.82;0.00;0
163;dockyard;2324.61;11.00;1450.65;0.00;0
163;coastal_bunker;2301.14;11.00;1448.37;0.00;0
164;arms_factory;3316.03;11.00;1388.14;0.00;0
164;industrial_complex;3339.34;11.00;1380.92;0.00;0
164;air_base;3362.66;11.00;1379.30;0.00;0
164;anti_air_building;3356.96;11.00;1396.37;0.00;0
164;bunker;3337.47;11.00;1395.71;0.00;0
164;fuel_silo;3369.48;11.00;1395.80;0.00;0
164;radar_station;3322.69;11.00;1374.90;0.00;0
164;nuclear_reactor_spawn;3349.18;11.00;1389.35;0.00;0
164;rocket_site_spawn;3328.37;11.00;1389.56;0.00;0
164;synthetic_refinery;3303.31;11.00;1383.09;0.00;0
164;supply_node;3349.22;11.00;1374.38;0.00;0
164;dockyard;3333.64;11.00;1371.75;0.00;0
164;coastal_bunker;3372.04;11.00;1374.48;0.00;0
165;arms_factory;2784.40;11.00;1450.58;0.00;0
165;industrial_complex;2772.47;11.00;1476.11;0.00;0
165;air_base;2798.64;11.00;1417.72;0.00;0
165;anti_air_building;2788.38;11.00;1466.98;0.00;0
165;bunker;2809.23;11.00;1436.87;0.00;0
165;fuel_silo;2795.37;11.00;1440.67;0.00;0
165;radar_station;2776.14;11.00;1461.69;0.00;0
165;nuclear_reactor_spawn;2799.60;11.00;1460.34;0.00;0
165;rocket_site_spawn;2802.38;11.00;1450.38;0.00;0
165;synthetic_refinery;2783.33;11.00;1434.13;0.00;0
165;supply_node;2792.79;11.00;1427.56;0.00;0
165;dockyard;2779.53;11.00;1423.10;0.00;0
165;coastal_bunker;2787.64;11.00;1415.73;0.00;0
166;arms_factory;2383.95;11.00;1431.12;0.00;0
166;industrial_complex;2430.05;11.00;1408.51;0.00;0
166;air_base;2415.44;11.00;1452.27;0.00;0
166;anti_air_building;2448.19;11.00;1433.27;0.00;0
166;bunker;2430.05;11.00;1463.96;0.00;0
166;fuel_silo;2431.78;11.00;1452.78;0.00;0
166;radar_station;2423.57;11.00;1430.42;0.00;0
166;nuclear_reactor_spawn;2410.92;11.00;1440.58;0.00;0
166;rocket_site_spawn;2442.77;11.00;1458.45;0.00;0
166;synthetic_refinery;2400.98;11.00;1447.58;0.00;0
166;supply_node;2393.76;11.00;1475.50;0.00;0
166;dockyard;2397.93;11.00;1422.89;0.00;0
166;coastal_bunker;2405.82;11.00;1464.88;0.00;0
167;arms_factory;2762.90;11.00;1450.55;0.00;0
167;industrial_complex;2746.92;11.00;1428.15;0.00;0
167;air_base;2740.15;11.00;1472.71;0.00;0
167;anti_air_building;2771.27;11.00;1438.43;0.00;0
167;bunker;2735.48;11.00;1458.96;0.00;0
167;fuel_silo;2753.16;11.00;1475.95;0.00;0
167;radar_station;2757.84;11.00;1413.29;0.00;0
167;nuclear_reactor_spawn;2758.77;11.00;1430.79;0.00;0
167;rocket_site_spawn;2734.88;11.00;1416.85;0.00;0
167;synthetic_refinery;2740.65;11.00;1492.08;0.00;0
167;supply_node;2747.57;11.00;1488.35;0.00;0
167;dockyard;2741.45;11.00;1484.38;0.00;0
167;coastal_bunker;2729.67;11.00;1471.24;0.00;0
168;arms_factory;3470.03;11.00;1412.17;0.00;0
168;industrial_complex;3509.59;11.00;1415.74;0.00;0
168;air_base;3467.79;11.00;1431.83;0.00;0
168;anti_air_building;3510.27;11.00;1432.32;0.00;0
168;bunker;3492.47;11.00;1403.45;0.00;0
168;fuel_silo;3464.59;11.00;1393.11;0.00;0
168;radar_station;3504.71;11.00;1371.53;0.00;0
168;nuclear_reactor_spawn;3484.99;11.00;1415.68;0.00;0
168;rocket_site_spawn;3483.42;11.00;1393.88;0.00;0
168;synthetic_refinery;3493.25;11.00;1377.92;0.00;0
168;supply_node;3507.37;11.00;1405.59;0.00;0
168;dockyard;3487.73;11.00;1429.52;0.00;0
168;coastal_bunker;3463.64;11.00;1402.53;0.00;0
17;arms_factory;2062.77;11.00;1137.87;0.00;0
17;industrial_complex;2055.73;11.00;1154.33;0.00;0
17;air_base;2065.18;11.00;1180.60;0.00;0
17;anti_air_building;2093.21;11.00;1197.93;0.00;0
17;bunker;2059.96;11.00;1203.76;0.00;0
17;fuel_silo;2071.13;11.00;1199.94;0.00;0
17;radar_station;2094.09;11.00;1173.05;0.00;0
17;nuclear_reactor_spawn;2085.07;11.00;1188.05;0.00;0
17;rocket_site_spawn;2061.74;11.00;1190.73;0.00;0
17;synthetic_refinery;2079.53;11.00;1178.05;0.00;0
17;supply_node;2073.19;11.00;1164.62;0.00;0
169;arms_factory;2907.68;11.00;1462.76;0.00;0
169;industrial_complex;2904.80;11.00;1451.98;0.00;0
169;air_base;2932.40;11.00;1462.57;0.00;0
169;anti_air_building;2929.19;11.00;1449.12;0.00;0
169;bunker;2884.23;11.00;1450.70;0.00;0
169;fuel_silo;2893.63;11.00;1465.71;0.00;0
169;radar_station;2884.28;11.00;1461.99;0.00;0
169;nuclear_reactor_spawn;2922.09;11.00;1461.78;0.00;0
169;rocket_site_spawn;2894.81;11.00;1455.04;0.00;0
169;synthetic_refinery;2915.81;11.00;1453.05;0.00;0
169;supply_node;2894.23;11.00;1444.88;0.00;0
169;dockyard;2910.53;11.00;1442.97;0.00;0
169;coastal_bunker;2920.49;11.00;1442.05;0.00;0
170;arms_factory;3054.79;11.00;1243.09;0.00;0
170;industrial_complex;3038.77;11.00;1330.33;0.00;0
170;air_base;3075.60;11.00;1259.09;0.00;0
170;anti_air_building;3043.60;11.00;1303.43;0.00;0
170;bunker;3072.48;11.00;1330.27;0.00;0
170;fuel_silo;3034.69;11.00;1265.46;0.00;0
170;radar_station;3101.66;11.00;1286.51;0.00;0
170;nuclear_reactor_spawn;3086.46;11.00;1305.35;0.00;0
170;rocket_site_spawn;3003.94;11.00;1314.46;0.00;0
170;synthetic_refinery;3050.56;11.00;1349.99;0.00;0
170;supply_node;3018.66;11.00;1244.39;0.00;0
170;dockyard;3014.23;11.00;1324.30;0.00;0
170;coastal_bunker;3096.81;11.00;1264.24;0.00;0
171;arms_factory;2857.04;11.00;1427.70;0.00;0
171;industrial_complex;2887.03;11.00;1424.68;0.00;0
171;air_base;2892.27;11.00;1435.00;0.00;0
171;anti_air_building;2864.78;11.00;1430.42;0.00;0
171;bunker;2879.15;11.00;1442.91;0.00;0
171;fuel_silo;2856.69;11.00;1433.86;0.00;0
171;radar_station;2902.85;11.00;1436.15;0.00;0
171;nuclear_reactor_spawn;2881.28;11.00;1434.63;0.00;0
171;rocket_site_spawn;2913.69;11.00;1432.12;0.00;0
171;synthetic_refinery;2874.35;11.00;1426.18;0.00;0
171;supply_node;2898.74;11.00;1425.84;0.00;0
171;dockyard;2918.31;11.00;1423.84;0.00;0
171;coastal_bunker;2867.03;11.00;1421.25;0.00;0
172;arms_factory;2658.56;11.00;1420.20;0.00;0
172;industrial_complex;2643.50;11.00;1427.36;0.00;0
172;air_base;2661.40;11.00;1391.82;0.00;0
172;anti_air_building;2674.36;11.00;1419.40;0.00;0
172;bunker;2659.25;11.00;1436.96;0.00;0
172;fuel_silo;2635.04;11.00;1434.78;0.00;0
172;radar_station;2667.21;11.00;1405.21;0.00;0
172;nuclear_reactor_spawn;2681.65;11.00;1405.75;0.00;0
172;rocket_site_spawn;2673.11;11.00;1394.51;0.00;0
172;synthetic_refinery;2658.56;11.00;1420.20;0.00;0
172;supply_node;2643.50;11.00;1427.36;0.00;0
172;dockyard;2661.40;11.00;1391.82;0.00;0
172;coastal_bunker;2674.36;11.00;1419.40;0.00;0
173;arms_factory;1797.89;11.00;1422.67;0.00;0
173;industrial_complex;1750.73;11.00;1472.51;0.00;0
173;air_base;1716.05;11.00;1417.85;0.00;0
173;anti_air_building;1730.28;11.00;1384.29;0.00;0
173;bunker;1741.15;11.00;1465.26;0.00;0
173;fuel_silo;1753.96;11.00;1407.23;0.00;0
173;radar_station;1743.11;11.00;1447.99;0.00;0
173;nuclear_reactor_spawn;1803.40;11.00;1467.64;0.00;0
173;rocket_site_spawn;1712.59;11.00;1391.04;0.00;0
173;synthetic_refinery;1796.93;11.00;1453.21;0.00;0
173;supply_node;1795.52;11.00;1481.52;0.00;0
173;dockyard;1738.65;11.00;1489.83;0.00;0
173;coastal_bunker;1810.85;11.00;1435.90;0.00;0
174;arms_factory;3825.65;11.00;1412.09;0.00;0
174;industrial_complex;3815.55;11.00;1364.23;0.00;0
174;air_base;3809.94;11.00;1387.17;0.00;0
174;anti_air_building;3817.81;11.00;1398.72;0.00;0
174;bunker;3820.39;11.00;1376.61;0.00;0
174;fuel_silo;3791.10;11.00;1373.76;0.00;0
174;radar_station;3803.88;11.00;1403.17;0.00;0
174;nuclear_reactor_spawn;3810.18;11.00;1428.58;0.00;0
174;rocket_site_spawn;3821.16;11.00;1421.30;0.00;0
174;synthetic_refinery;3808.13;11.00;1418.87;0.00;0
174;supply_node;3794.17;11.00;1396.26;0.00;0
174;dockyard;3787.01;11.00;1384.25;0.00;0
174;coastal_bunker;3800.78;11.00;1379.86;0.00;0
175;arms_factory;2364.54;11.00;1408.15;0.00;0
175;industrial_complex;2328.10;11.00;1375.90;0.00;0
175;air_base;2333.04;11.00;1418.02;0.00;0
175;anti_air_building;2321.02;11.00;1400.18;0.00;0
175;bunker;2343.45;11.00;1432.73;0.00;0
175;fuel_silo;2345.74;11.00;1416.95;0.00;0
175;radar_station;2347.65;11.00;1390.11;0.00;0
175;nuclear_reactor_spawn;2363.03;11.00;1367.42;0.00;0
175;rocket_site_spawn;2378.46;11.00;1386.69;0.00;0
175;synthetic_refinery;2364.54;11.00;1408.15;0.00;0
175;supply_node;2328.10;11.00;1375.90;0.00;0
176;arms_factory;2929.57;11.00;1434.22;0.00;0
176;industrial_complex;2943.55;11.00;1432.13;0.00;0
176;air_base;2918.55;11.00;1394.27;0.00;0
176;anti_air_building;2946.47;11.00;1449.76;0.00;0
176;bunker;2930.47;11.00;1399.49;0.00;0
176;fuel_silo;2928.79;11.00;1422.78;0.00;0
176;radar_station;2912.92;11.00;1408.48;0.00;0
176;nuclear_reactor_spawn;2942.20;11.00;1401.33;0.00;0
176;rocket_site_spawn;2940.26;11.00;1420.22;0.00;0
176;synthetic_refinery;2940.09;11.00;1388.01;0.00;0
176;supply_node;2948.18;11.00;1412.11;0.00;0
177;arms_factory;2849.48;11.00;1401.67;0.00;0
177;industrial_complex;2870.41;11.00;1400.75;0.00;0
177;air_base;2907.12;11.00;1394.21;0.00;0
177;anti_air_building;2895.98;11.00;1396.09;0.00;0
177;bunker;2878.74;11.00;1389.34;0.00;0
177;fuel_silo;2879.67;11.00;1417.17;0.00;0
177;radar_station;2893.31;11.00;1414.28;0.00;0
177;nuclear_reactor_spawn;2869.05;11.00;1410.78;0.00;0
177;rocket_site_spawn;2902.29;11.00;1409.55;0.00;0
177;synthetic_refinery;2884.52;11.00;1408.38;0.00;0
177;supply_node;2885.10;11.00;1398.06;0.00;0
177;dockyard;2863.85;11.00;1391.73;0.00;0
177;coastal_bunker;2854.78;11.00;1382.30;0.00;0
178;arms_factory;2964.17;11.00;1395.69;0.00;0
178;industrial_complex;2956.84;11.00;1385.65;0.00;0
178;air_base;2972.96;11.00;1407.90;0.00;0
178;anti_air_building;2967.43;11.00;1435.80;0.00;0
178;bunker;2953.88;11.00;1401.47;0.00;0
178;fuel_silo;2979.90;11.00;1431.60;0.00;0
178;radar_station;2961.88;11.00;1423.29;0.00;0
178;nuclear_reactor_spawn;2973.33;11.00;1376.81;0.00;0
178;rocket_site_spawn;2960.01;11.00;1368.16;0.00;0
178;synthetic_refinery;2975.10;11.00;1454.66;0.00;0
178;supply_node;2983.94;11.00;1451.12;0.00;0
178;dockyard;2967.90;11.00;1447.50;0.00;0
178;coastal_bunker;2977.90;11.00;1443.96;0.00;0
18;arms_factory;3641.00;11.00;1472.47;0.00;0
18;industrial_complex;3658.54;11.00;1492.45;0.00;0
18;air_base;3648.56;11.00;1497.77;0.00;0
18;anti_air_building;3671.24;11.00;1499.55;0.00;0
18;bunker;3676.12;11.00;1492.36;0.00;0
18;fuel_silo;3620.33;11.00;1473.69;0.00;0
18;radar_station;3641.00;11.00;1472.47;0.00;0
18;nuclear_reactor_spawn;3658.54;11.00;1492.45;0.00;0
18;rocket_site_spawn;3648.56;11.00;1497.77;0.00;0
18;synthetic_refinery;3671.24;11.00;1499.55;0.00;0
18;supply_node;3676.12;11.00;1492.36;0.00;0
18;dockyard;3620.33;11.00;1473.69;0.00;0
18;coastal_bunker;3641.00;11.00;1472.47;0.00;0
179;arms_factory;2818.59;11.00;1400.77;0.00;0
179;industrial_complex;2833.62;11.00;1382.47;0.00;0
179;air_base;2809.69;11.00;1420.60;0.00;0
179;anti_air_building;2819.22;11.00;1427.46;0.00;0
179;bunker;2824.39;11.00;1411.95;0.00;0
179;fuel_silo;2818.59;11.00;1400.77;0.00;0
179;radar_station;2833.62;11.00;1382.47;0.00;0
179;nuclear_reactor_spawn;2809.69;11.00;1420.60;0.00;0
179;rocket_site_spawn;2819.22;11.00;1427.46;0.00;0
179;synthetic_refinery;2824.39;11.00;1411.95;0.00;0
179;supply_node;2818.59;11.00;1400.77;0.00;0
179;dockyard;2833.62;11.00;1382.47;0.00;0
179;coastal_bunker;2809.69;11.00;1420.60;0.00;0
180;arms_factory;1900.61;11.00;1342.97;0.00;0
180;industrial_complex;1915.10;11.00;1367.56;0.00;0
180;air_base;1897.35;11.00;1397.90;0.00;0
180;anti_air_building;1879.90;11.00;1388.30;0.00;0
180;bunker;1889.10;11.00;1377.48;0.00;0
180;fuel_silo;1898.21;11.00;1318.99;0.00;0
180;radar_station;1885.78;11.00;1357.11;0.00;0
180;nuclear_reactor_spawn;1900.61;11.00;1342.97;0.00;0
180;rocket_site_spawn;1915.10;11.00;1367.56;0.00;0
180;synthetic_refinery;1897.35;11.00;1397.90;0.00;0
180;supply_node;1879.90;11.00;1388.30;0.00;0
180;dockyard;1889.10;11.00;1377.48;0.00;0
180;coastal_bunker;1898.21;11.00;1318.99;0.00;0
181;arms_factory;3202.78;11.00;1380.20;0.00;0
181;industrial_complex;3204.22;11.00;1350.88;0.00;0
181;air_base;3213.91;11.00;1326.47;0.00;0
181;anti_air_building;3179.11;11.00;1313.18;0.00;0
181;bunker;3191.67;11.00;1298.95;0.00;0
181;fuel_silo;3214.20;11.00;1302.09;0.00;0
181;radar_station;3139.34;11.00;1290.78;0.00;0
181;nuclear_reactor_spawn;3149.78;11.00;1299.60;0.00;0
181;rocket_site_spawn;3139.94;11.00;1330.29;0.00;0
181;synthetic_refinery;3166.45;11.00;1300.26;0.00;0
181;supply_node;3195.02;11.00;1404.63;0.00;0
181;dockyard;3125.86;11.00;1325.45;0.00;0
181;coastal_bunker;3132.88;11.00;1303.56;0.00;0
182;arms_factory;3838.30;11.00;1388.55;0.00;0
182;industrial_complex;3850.95;11.00;1390.42;0.00;0
182;air_base;3837.23;11.00;1355.72;0.00;0
182;anti_air_building;3848.96;11.00;1378.81;0.00;0
182;bunker;3836.00;11.00;1398.97;0.00;0
182;fuel_silo;3855.95;11.00;1399.78;0.00;0
182;radar_station;3826.48;11.00;1391.48;0.00;0
182;nuclear_reactor_spawn;3829.11;11.00;1381.98;0.00;0
182;rocket_site_spawn;3839.97;11.00;1378.31;0.00;0
182;synthetic_refinery;3830.20;11.00;1370.94;0.00;0
182;supply_node;3840.57;11.00;1367.97;0.00;0
182;dockyard;3846.60;11.00;1365.38;0.00;0
182;coastal_bunker;3831.50;11.00;1360.66;0.00;0
183;arms_factory;2111.64;11.00;1366.77;0.00;0
183;industrial_complex;2134.69;11.00;1355.69;0.00;0
183;air_base;2080.42;11.00;1388.95;0.00;0
183;anti_air_building;2079.79;11.00;1369.85;0.00;0
183;bunker;2096.76;11.00;1377.16;0.00;0
183;fuel_silo;2108.66;11.00;1348.15;0.00;0
183;radar_station;2111.64;11.00;1366.77;0.00;0
183;nuclear_reactor_spawn;2134.69;11.00;1355.69;0.00;0
183;rocket_site_spawn;2080.42;11.00;1388.95;0.00;0
183;synthetic_refinery;2079.79;11.00;1369.85;0.00;0
183;supply_node;2096.76;11.00;1377.16;0.00;0
184;arms_factory;2743.46;11.00;1343.76;0.00;0
184;industrial_complex;2688.91;11.00;1375.29;0.00;0
184;air_base;2740.72;11.00;1401.83;0.00;0
184;anti_air_building;2717.64;11.00;1370.61;0.00;0
184;bunker;2750.08;11.00;1391.62;0.00;0
184;fuel_silo;2687.05;11.00;1389.89;0.00;0
184;radar_station;2713.22;11.00;1340.51;0.00;0
184;nuclear_reactor_spawn;2727.71;11.00;1386.25;0.00;0
184;rocket_site_spawn;2690.91;11.00;1360.85;0.00;0
184;synthetic_refinery;2715.44;11.00;1351.86;0.00;0
184;supply_node;2713.11;11.00;1385.20;0.00;0
184;dockyard;2731.18;11.00;1402.25;0.00;0
184;coastal_bunker;2695.17;11.00;1399.87;0.00;0
185;arms_factory;2497.06;11.00;1362.79;0.00;0
185;industrial_complex;2478.94;11.00;1341.76;0.00;0
185;air_base;2497.61;11.00;1388.28;0.00;0
185;anti_air_building;2447.39;11.00;1388.33;0.00;0
185;bunker;2455.50;11.00;1415.04;0.00;0
185;fuel_silo;2474.06;11.00;1370.89;0.00;0
185;radar_station;2475.90;11.00;1400.26;0.00;0
185;nuclear_reactor_spawn;2451.33;11.00;1361.83;0.00;0
185;rocket_site_spawn;2433.01;11.00;1370.19;0.00;0
185;synthetic_refinery;2497.06;11.00;1362.79;0.00;0
185;supply_node;2478.94;11.00;1341.76;0.00;0
186;arms_factory;2360.56;11.00;1334.78;0.00;0
186;industrial_complex;2386.04;11.00;1326.21;0.00;0
186;air_base;2407.27;11.00;1334.85;0.00;0
186;anti_air_building;2384.59;11.00;1360.15;0.00;0
186;bunker;2407.58;11.00;1366.90;0.00;0
186;fuel_silo;2374.12;11.00;1303.24;0.00;0
186;radar_station;2448.40;11.00;1328.97;0.00;0
186;nuclear_reactor_spawn;2427.40;11.00;1348.58;0.00;0
186;rocket_site_spawn;2360.56;11.00;1334.78;0.00;0
186;synthetic_refinery;2386.04;11.00;1326.21;0.00;0
186;supply_node;2407.27;11.00;1334.85;0.00;0
187;arms_factory;2009.38;11.00;1357.07;0.00;0
187;industrial_complex;1980.07;11.00;1342.14;0.00;0
187;air_base;1990.45;11.00;1418.52;0.00;0
187;anti_air_building;1966.83;11.00;1366.14;0.00;0
187;bunker;1992.02;11.00;1315.26;0.00;0
187;fuel_silo;1968.03;11.00;1402.94;0.00;0
187;radar_station;1957.93;11.00;1392.26;0.00;0
187;nuclear_reactor_spawn;1983.84;11.00;1390.83;0.00;0
187;rocket_site_spawn;2018.74;11.00;1391.70;0.00;0
187;synthetic_refinery;2016.54;11.00;1325.42;0.00;0
187;supply_node;1983.42;11.00;1293.65;0.00;0
187;dockyard;2009.38;11.00;1357.07;0.00;0
187;coastal_bunker;1980.07;11.00;1342.14;0.00;0
188;arms_factory;2909.17;11.00;1377.75;0.00;0
188;industrial_complex;2880.42;11.00;1348.00;0.00;0
188;air_base;2865.47;11.00;1349.69;0.00;0
188;anti_air_building;2858.91;11.00;1363.66;0.00;0
188;bunker;2894.40;11.00;1380.72;0.00;0
188;fuel_silo;2905.32;11.00;1359.29;0.00;0
188;radar_station;2897.32;11.00;1345.26;0.00;0
188;nuclear_reactor_spawn;2926.16;11.00;1378.22;0.00;0
188;rocket_site_spawn;2929.83;11.00;1362.71;0.00;0
188;synthetic_refinery;2913.37;11.00;1340.65;0.00;0
188;supply_node;2941.11;11.00;1369.69;0.00;0
19;arms_factory;2652.64;11.00;1494.69;0.00;0
19;industrial_complex;2661.17;11.00;1478.52;0.00;0
19;air_base;2663.91;11.00;1487.66;0.00;0
19;anti_air_building;2658.21;11.00;1496.90;0.00;0
19;bunker;2655.92;11.00;1480.49;0.00;0
19;fuel_silo;2652.64;11.00;1494.69;0.00;0
19;radar_station;2661.17;11.00;1478.52;0.00;0
19;nuclear_reactor_spawn;2663.91;11.00;1487.66;0.00;0
19;rocket_site_spawn;2658.21;11.00;1496.90;0.00;0
19;synthetic_refinery;2655.92;11.00;1480.49;0.00;0
19;supply_node;2652.64;11.00;1494.69;0.00;0
19;dockyard;2661.17;11.00;1478.52;0.00;0
19;coastal_bunker;2663.91;11.00;1487.66;0.00;0
189;arms_factory;2785.81;11.00;1346.36;0.00;0
189;industrial_complex;2766.69;11.00;1331.56;0.00;0
189;air_base;2778.83;11.00;1336.05;0.00;0
189;anti_air_building;2805.03;11.00;1340.49;0.00;0
189;bunker;2784.70;11.00;1329.44;0.00;0
189;fuel_silo;2782.93;11.00;1353.23;0.00;0
189;radar_station;2773.23;11.00;1343.78;0.00;0
189;nuclear_reactor_spawn;2793.05;11.00;1340.36;0.00;0
189;rocket_site_spawn;2802.56;11.00;1331.26;0.00;0
189;synthetic_refinery;2773.07;11.00;1328.84;0.00;0
189;supply_node;2785.81;11.00;1346.36;0.00;0
189;dockyard;2766.69;11.00;1331.56;0.00;0
189;coastal_bunker;2778.83;11.00;1336.05;0.00;0
190;arms_factory;2875.10;11.00;1335.35;0.00;0
190;industrial_complex;2846.54;11.00;1319.89;0.00;0
190;air_base;2857.39;11.00;1330.11;0.00;0
190;anti_air_building;2870.41;11.00;1323.11;0.00;0
190;bunker;2856.27;11.00;1311.92;0.00;0
190;fuel_silo;2875.10;11.00;1335.35;0.00;0
190;radar_station;2846.54;11.00;1319.89;0.00;0
190;nuclear_reactor_spawn;2857.39;11.00;1330.11;0.00;0
190;rocket_site_spawn;2870.41;11.00;1323.11;0.00;0
190;synthetic_refinery;2856.27;11.00;1311.92;0.00;0
190;supply_node;2875.10;11.00;1335.35;0.00;0
190;dockyard;2846.54;11.00;1319.89;0.00;0
190;coastal_bunker;2857.39;11.00;1330.11;0.00;0
191;arms_factory;2935.96;11.00;1348.14;0.00;0
191;industrial_complex;2967.90;11.00;1353.49;0.00;0
191;air_base;2940.54;11.00;1329.57;0.00;0
191;anti_air_building;2945.85;11.00;1358.98;0.00;0
191;bunker;2954.59;11.00;1351.67;0.00;0
191;fuel_silo;2947.38;11.00;1341.84;0.00;0
191;radar_station;2927.31;11.00;1336.37;0.00;0
191;nuclear_reactor_spawn;2935.96;11.00;1348.14;0.00;0
191;rocket_site_spawn;2967.90;11.00;1353.49;0.00;0
191;synthetic_refinery;2940.54;11.00;1329.57;0.00;0
191;supply_node;2945.85;11.00;1358.98;0.00;0
191;dockyard;2954.59;11.00;1351.67;0.00;0
191;coastal_bunker;2947.38;11.00;1341.84;0.00;0
192;arms_factory;1751.77;11.00;1333.54;0.00;0
192;industrial_complex;1802.76;11.00;1329.78;0.00;0
192;air_base;1797.19;11.00;1277.96;0.00;0
192;anti_air_building;1772.39;11.00;1333.95;0.00;0
192;bunker;1813.72;11.00;1306.06;0.00;0
192;fuel_silo;1737.33;11.00;1356.44;0.00;0
192;radar_station;1769.64;11.00;1303.64;0.00;0
192;nuclear_reactor_spawn;1790.31;11.00;1305.86;0.00;0
192;rocket_site_spawn;1751.77;11.00;1333.54;0.00;0
192;synthetic_refinery;1802.76;11.00;1329.78;0.00;0
192;supply_node;1797.19;11.00;1277.96;0.00;0
192;dockyard;1772.39;11.00;1333.95;0.00;0
192;coastal_bunker;1813.72;11.00;1306.06;0.00;0
193;arms_factory;2916.43;11.00;1324.31;0.00;0
193;industrial_complex;2911.33;11.00;1300.41;0.00;0
193;air_base;2895.17;11.00;1328.29;0.00;0
193;anti_air_building;2933.35;11.00;1320.34;0.00;0
193;bunker;2908.20;11.00;1283.95;0.00;0
193;fuel_silo;2882.00;11.00;1322.25;0.00;0
193;radar_station;2904.14;11.00;1316.00;0.00;0
193;nuclear_reactor_spawn;2890.26;11.00;1312.14;0.00;0
193;rocket_site_spawn;2922.44;11.00;1310.56;0.00;0
193;synthetic_refinery;2898.89;11.00;1298.09;0.00;0
193;supply_node;2897.80;11.00;1284.91;0.00;0
193;dockyard;2916.43;11.00;1324.31;0.00;0
193;coastal_bunker;2911.33;11.00;1300.41;0.00;0
194;arms_factory;2789.81;11.00;1292.16;0.00;0
194;industrial_complex;2842.56;11.00;1306.73;0.00;0
194;air_base;2808.49;11.00;1279.69;0.00;0
194;anti_air_building;2818.26;11.00;1288.21;0.00;0
194;bunker;2788.05;11.00;1307.96;0.00;0
194;fuel_silo;2832.34;11.00;1283.69;0.00;0
194;radar_station;2783.02;11.00;1277.97;0.00;0
194;nuclear_reactor_spawn;2770.60;11.00;1298.68;0.00;0
194;rocket_site_spawn;2850.11;11.00;1294.74;0.00;0
194;synthetic_refinery;2768.80;11.00;1284.36;0.00;0
194;supply_node;2830.31;11.00;1271.01;0.00;0
194;dockyard;2814.39;11.00;1322.30;0.00;0
194;coastal_bunker;2796.23;11.00;1277.42;0.00;0
195;arms_factory;3912.79;11.00;1290.16;0.00;0
195;industrial_complex;3936.45;11.00;1282.43;0.00;0
195;air_base;3932.56;11.00;1263.68;0.00;0
195;anti_air_building;3936.81;11.00;1295.61;0.00;0
195;bunker;3947.72;11.00;1255.30;0.00;0
195;fuel_silo;3961.16;11.00;1268.29;0.00;0
195;radar_station;3957.44;11.00;1284.41;0.00;0
195;nuclear_reactor_spawn;3950.31;11.00;1294.79;0.00;0
195;rocket_site_spawn;3921.61;11.00;1280.54;0.00;0
195;synthetic_refinery;3948.18;11.00;1273.62;0.00;0
195;supply_node;3958.87;11.00;1248.76;0.00;0
195;dockyard;3912.79;11.00;1290.16;0.00;0
195;coastal_bunker;3936.45;11.00;1282.43;0.00;0
196;arms_factory;1928.91;11.00;1303.88;0.00;0
196;industrial_complex;1956.76;11.00;1312.80;0.00;0
196;air_base;1940.21;11.00;1251.16;0.00;0
196;anti_air_building;1906.85;11.00;1307.34;0.00;0
196;bunker;1907.90;11.00;1283.37;0.00;0
196;fuel_silo;1943.15;11.00;1279.50;0.00;0
196;radar_station;1931.50;11.00;1335.28;0.00;0
196;nuclear_reactor_spawn;1913.25;11.00;1261.43;0.00;0
196;rocket_site_spawn;1919.61;11.00;1238.99;0.00;0
196;synthetic_refinery;1928.91;11.00;1303.88;0.00;0
196;supply_node;1956.76;11.00;1312.80;0.00;0
196;dockyard;1940.21;11.00;1251.16;0.00;0
196;coastal_bunker;1906.85;11.00;1307.34;0.00;0
197;arms_factory;2557.04;11.00;1316.38;0.00;0
197;industrial_complex;2451.82;11.00;1293.68;0.00;0
197;air_base;2407.38;11.00;1297.25;0.00;0
197;anti_air_building;2494.80;11.00;1300.93;0.00;0
197;bunker;2574.67;11.00;1280.33;0.00;0
197;fuel_silo;2562.21;11.00;1302.41;0.00;0
197;radar_station;2506.74;11.00;1258.81;0.00;0
197;nuclear_reactor_spawn;2512.57;11.00;1321.01;0.00;0
197;rocket_site_spawn;2547.31;11.00;1284.74;0.00;0
197;synthetic_refinery;2455.91;11.00;1263.01;0.00;0
197;supply_node;2581.52;11.00;1292.36;0.00;0
197;dockyard;2488.03;11.00;1255.08;0.00;0
197;coastal_bunker;2487.68;11.00;1239.85;0.00;0
198;arms_factory;2740.82;11.00;1233.34;0.00;0
198;industrial_complex;2709.57;11.00;1267.79;0.00;0
198;air_base;2718.21;11.00;1231.61;0.00;0
198;anti_air_building;2709.06;11.00;1255.75;0.00;0
198;bunker;2769.21;11.00;1241.37;0.00;0
198;fuel_silo;2734.34;11.00;1243.03;0.00;0
198;radar_station;2751.21;11.00;1245.56;0.00;0
198;nuclear_reactor_spawn;2689.75;11.00;1249.21;0.00;0
198;rocket_site_spawn;2756.04;11.00;1261.50;0.00;0
198;synthetic_refinery;2769.34;11.00;1272.35;0.00;0
198;supply_node;2728.90;11.00;1265.42;0.00;0
198;dockyard;2740.72;11.00;1262.34;0.00;0
198;coastal_bunker;2697.09;11.00;1262.05;0.00;0
2;arms_factory;2189.49;11.00;1726.57;0.00;0
2;industrial_complex;2189.49;11.00;1726.57;0.00;0
2;air_base;2189.49;11.00;1726.57;0.00;0
2;anti_air_building;2189.49;11.00;1726.57;0.00;0
2;bunker;2189.49;11.00;1726.57;0.00;0
2;fuel_silo;2189.49;11.00;1726.57;0.00;0
2;radar_station;2189.49;11.00;1726.57;0.00;0
2;nuclear_reactor_spawn;2189.49;11.00;1726.57;0.00;0
2;rocket_site_spawn;2189.49;11.00;1726.57;0.00;0
2;synthetic_refinery;2189.49;11.00;1726.57;0.00;0
2;supply_node;2189.49;11.00;1726.57;0.00;0
2;dockyard;2189.49;11.00;1726.57;0.00;0
2;coastal_bunker;2189.49;11.00;1726.57;0.00;0
20;arms_factory;3279.61;11.00;1457.52;0.00;0
20;industrial_complex;3251.83;11.00;1454.61;0.00;0
20;air_base;3271.64;11.00;1477.46;0.00;0
20;anti_air_building;3281.46;11.00;1491.25;0.00;0
20;bunker;3288.26;11.00;1484.91;0.00;0
20;fuel_silo;3279.77;11.00;1480.26;0.00;0
20;radar_station;3292.69;11.00;1474.77;0.00;0
20;nuclear_reactor_spawn;3261.81;11.00;1467.83;0.00;0
20;rocket_site_spawn;3268.23;11.00;1435.24;0.00;0
20;synthetic_refinery;3279.61;11.00;1457.52;0.00;0
20;supply_node;3251.83;11.00;1454.61;0.00;0
20;dockyard;3271.64;11.00;1477.46;0.00;0
20;coastal_bunker;3281.46;11.00;1491.25;0.00;0
199;arms_factory;3301.54;11.00;1365.09;0.00;0
199;industrial_complex;3327.55;11.00;1325.50;0.00;0
199;air_base;3268.89;11.00;1353.82;0.00;0
199;anti_air_building;3274.90;11.00;1317.67;0.00;0
199;bunker;3292.61;11.00;1342.93;0.00;0
199;fuel_silo;3334.36;11.00;1359.60;0.00;0
199;radar_station;3324.60;11.00;1346.26;0.00;0
199;nuclear_reactor_spawn;3288.33;11.00;1367.04;0.00;0
199;rocket_site_spawn;3311.67;11.00;1350.51;0.00;0
199;synthetic_refinery;3256.64;11.00;1330.47;0.00;0
199;supply_node;3302.36;11.00;1322.40;0.00;0
200;arms_factory;2836.59;11.00;1225.91;0.00;0
200;industrial_complex;2873.54;11.00;1224.47;0.00;0
200;air_base;2864.36;11.00;1237.04;0.00;0
200;anti_air_building;2838.22;11.00;1238.37;0.00;0
200;bunker;2866.54;11.00;1249.36;0.00;0
200;fuel_silo;2873.78;11.00;1276.55;0.00;0
200;radar_station;2846.51;11.00;1265.46;0.00;0
200;nuclear_reactor_spawn;2857.43;11.00;1279.62;0.00;0
200;rocket_site_spawn;2864.29;11.00;1262.25;0.00;0
200;synthetic_refinery;2851.30;11.00;1231.24;0.00;0
200;supply_node;2862.52;11.00;1223.69;0.00;0
200;dockyard;2877.67;11.00;1292.57;0.00;0
200;coastal_bunker;2881.37;11.00;1286.61;0.00;0
201;arms_factory;3481.77;11.00;1133.10;0.00;0
201;industrial_complex;3461.00;11.00;1158.58;0.00;0
201;air_base;3495.23;11.00;1163.49;0.00;0
201;anti_air_building;3424.57;11.00;1078.86;0.00;0
201;bunker;3479.12;11.00;1090.01;0.00;0
201;fuel_silo;3505.88;11.00;1074.84;0.00;0
201;radar_station;3429.47;11.00;1148.52;0.00;0
201;nuclear_reactor_spawn;3512.45;11.00;1124.25;0.00;0
201;rocket_site_spawn;3479.09;11.00;1055.56;0.00;0
201;synthetic_refinery;3518.53;11.00;1098.21;0.00;0
201;supply_node;3449.41;11.00;1104.33;0.00;0
202;arms_factory;2251.01;11.00;1219.95;0.00;0
202;industrial_complex;2264.20;11.00;1243.76;0.00;0
202;air_base;2212.58;11.00;1253.19;0.00;0
202;anti_air_building;2247.76;11.00;1252.96;0.00;0
202;bunker;2229.43;11.00;1234.80;0.00;0
202;fuel_silo;2235.67;11.00;1263.33;0.00;0
202;radar_station;2234.69;11.00;1248.92;0.00;0
202;nuclear_reactor_spawn;2246.84;11.00;1235.44;0.00;0
202;rocket_site_spawn;2217.49;11.00;1268.03;0.00;0
202;synthetic_refinery;2248.69;11.00;1264.04;0.00;0
202;supply_node;2243.99;11.00;1276.72;0.00;0
203;arms_factory;3338.99;11.00;1251.07;0.00;0
203;industrial_complex;3336.44;11.00;1123.13;0.00;0
203;air_base;3370.80;11.00;1124.67;0.00;0
203;anti_air_building;3396.46;11.00;1194.57;0.00;0
203;bunker;3331.69;11.00;1185.22;0.00;0
203;fuel_silo;3306.48;11.00;1233.26;0.00;0
203;radar_station;3414.33;11.00;1191.11;0.00;0
203;nuclear_reactor_spawn;3341.22;11.00;1167.89;0.00;0
203;rocket_site_spawn;3367.87;11.00;1231.06;0.00;0
203;synthetic_refinery;3405.52;11.00;1216.95;0.00;0
203;supply_node;3299.28;11.00;1193.46;0.00;0
204;arms_factory;2418.88;11.00;1203.81;0.00;0
204;industrial_complex;2403.66;11.00;1271.48;0.00;0
204;air_base;2517.75;11.00;1210.19;0.00;0
204;anti_air_building;2460.31;11.00;1197.72;0.00;0
204;bunker;2473.24;11.00;1227.11;0.00;0
204;fuel_silo;2431.85;11.00;1255.57;0.00;0
204;radar_station;2481.95;11.00;1211.11;0.00;0
204;nuclear_reactor_spawn;2402.79;11.00;1222.11;0.00;0
204;rocket_site_spawn;2447.52;11.00;1183.40;0.00;0
204;synthetic_refinery;2457.11;11.00;1230.58;0.00;0
204;supply_node;2512.10;11.00;1189.47;0.00;0
205;arms_factory;2819.73;11.00;1246.97;0.00;0
205;industrial_complex;2806.11;11.00;1216.30;0.00;0
205;air_base;2765.11;11.00;1218.49;0.00;0
205;anti_air_building;2783.29;11.00;1200.06;0.00;0
205;bunker;2787.22;11.00;1249.67;0.00;0
205;fuel_silo;2805.44;11.00;1245.40;0.00;0
205;radar_station;2824.58;11.00;1235.48;0.00;0
205;nuclear_reactor_spawn;2818.81;11.00;1206.57;0.00;0
205;rocket_site_spawn;2789.32;11.00;1263.87;0.00;0
205;synthetic_refinery;2795.69;11.00;1240.21;0.00;0
205;supply_node;2809.07;11.00;1198.77;0.00;0
205;dockyard;2793.95;11.00;1209.51;0.00;0
205;coastal_bunker;2824.10;11.00;1217.18;0.00;0
206;arms_factory;2583.72;11.00;1218.77;0.00;0
206;industrial_complex;2584.11;11.00;1268.46;0.00;0
206;air_base;2536.79;11.00;1240.63;0.00;0
206;anti_air_building;2558.50;11.00;1232.74;0.00;0
206;bunker;2595.78;11.00;1242.01;0.00;0
206;fuel_silo;2560.72;11.00;1264.30;0.00;0
206;radar_station;2563.89;11.00;1209.02;0.00;0
206;nuclear_reactor_spawn;2611.58;11.00;1204.14;0.00;0
206;rocket_site_spawn;2621.02;11.00;1211.58;0.00;0
206;synthetic_refinery;2631.17;11.00;1207.18;0.00;0
206;supply_node;2634.34;11.00;1218.10;0.00;0
206;dockyard;2553.40;11.00;1246.98;0.00;0
206;coastal_bunker;2569.56;11.00;1237.19;0.00;0
207;arms_factory;3960.70;11.00;1232.00;0.00;0
207;industrial_complex;3948.33;11.00;1206.09;0.00;0
207;air_base;3935.29;11.00;1214.64;0.00;0
207;anti_air_building;3928.16;11.00;1247.70;0.00;0
207;bunker;3969.52;11.00;1217.36;0.00;0
207;fuel_silo;3968.05;11.00;1239.96;0.00;0
207;radar_station;3944.38;11.00;1240.92;0.00;0
207;nuclear_reactor_spawn;3927.16;11.00;1229.57;0.00;0
207;rocket_site_spawn;3947.44;11.00;1225.95;0.00;0
207;synthetic_refinery;3962.59;11.00;1204.93;0.00;0
207;supply_node;3960.70;11.00;1232.00;0.00;0
207;dockyard;3948.33;11.00;1206.09;0.00;0
207;coastal_bunker;3935.29;11.00;1214.64;0.00;0
208;arms_factory;3344.95;11.00;1093.74;0.00;0
208;industrial_complex;3326.18;11.00;1080.18;0.00;0
208;air_base;3422.23;11.00;1016.53;0.00;0
208;anti_air_building;3352.51;11.00;1073.27;0.00;0
208;bunker;3378.84;11.00;1041.66;0.00;0
208;fuel_silo;3320.04;11.00;963.39;0.00;0
208;radar_station;3421.32;11.00;985.64;0.00;0
208;nuclear_reactor_spawn;3485.34;11.00;955.08;0.00;0
208;rocket_site_spawn;3333.85;11.00;1058.05;0.00;0
208;synthetic_refinery;3338.18;11.00;1016.85;0.00;0
208;supply_node;3350.45;11.00;1040.45;0.00;0
21;arms_factory;2605.73;11.00;1481.71;0.00;0
21;industrial_complex;2617.11;11.00;1481.18;0.00;0
21;air_base;2614.04;11.00;1471.24;0.00;0
21;anti_air_building;2601.28;11.00;1471.91;0.00;0
21;bunker;2605.87;11.00;1460.42;0.00;0
21;fuel_silo;2605.73;11.00;1481.71;0.00;0
21;radar_station;2617.11;11.00;1481.18;0.00;0
21;nuclear_reactor_spawn;2614.04;11.00;1471.24;0.00;0
21;rocket_site_spawn;2601.28;11.00;1471.91;0.00;0
21;synthetic_refinery;2605.87;11.00;1460.42;0.00;0
21;supply_node;2605.73;11.00;1481.71;0.00;0
21;dockyard;2617.11;11.00;1481.18;0.00;0
21;coastal_bunker;2614.04;11.00;1471.24;0.00;0
209;arms_factory;4030.01;11.00;1168.78;0.00;0
209;industrial_complex;3990.91;11.00;1193.31;0.00;0
209;air_base;3984.48;11.00;1207.17;0.00;0
209;anti_air_building;4007.00;11.00;1190.89;0.00;0
209;bunker;3973.29;11.00;1195.42;0.00;0
209;fuel_silo;4009.33;11.00;1176.62;0.00;0
209;radar_station;3983.97;11.00;1181.26;0.00;0
209;nuclear_reactor_spawn;4024.80;11.00;1178.31;0.00;0
209;rocket_site_spawn;4030.01;11.00;1168.78;0.00;0
209;synthetic_refinery;3990.91;11.00;1193.31;0.00;0
209;supply_node;3984.48;11.00;1207.17;0.00;0
209;dockyard;4007.00;11.00;1190.89;0.00;0
209;coastal_bunker;3973.29;11.00;1195.42;0.00;0
210;arms_factory;2101.43;11.00;1210.58;0.00;0
210;industrial_complex;2090.69;11.00;1258.82;0.00;0
210;air_base;2089.89;11.00;1214.91;0.00;0
210;anti_air_building;2112.20;11.00;1221.24;0.00;0
210;bunker;2074.76;11.00;1223.83;0.00;0
210;fuel_silo;2094.76;11.00;1292.87;0.00;0
210;radar_station;2126.76;11.00;1259.66;0.00;0
210;nuclear_reactor_spawn;2058.06;11.00;1279.41;0.00;0
210;rocket_site_spawn;2052.91;11.00;1221.24;0.00;0
210;synthetic_refinery;2064.40;11.00;1231.49;0.00;0
210;supply_node;2111.47;11.00;1206.23;0.00;0
211;arms_factory;1579.94;11.00;1151.83;0.00;0
211;industrial_complex;1638.89;11.00;1126.49;0.00;0
211;air_base;1598.38;11.00;1107.51;0.00;0
211;anti_air_building;1586.40;11.00;1172.86;0.00;0
211;bunker;1615.26;11.00;1150.62;0.00;0
211;fuel_silo;1561.89;11.00;1166.56;0.00;0
211;radar_station;1612.90;11.00;1105.30;0.00;0
211;nuclear_reactor_spawn;1625.88;11.00;1098.86;0.00;0
211;rocket_site_spawn;1576.66;11.00;1161.95;0.00;0
211;synthetic_refinery;1547.00;11.00;1164.11;0.00;0
211;supply_node;1565.20;11.00;1139.99;0.00;0
211;dockyard;1595.55;11.00;1120.36;0.00;0
211;coastal_bunker;1577.25;11.00;1172.65;0.00;0
212;arms_factory;2164.62;11.00;1163.46;0.00;0
212;industrial_complex;2175.02;11.00;1168.87;0.00;0
212;air_base;2122.30;11.00;1202.16;0.00;0
212;anti_air_building;2225.37;11.00;1212.60;0.00;0
212;bunker;2171.71;11.00;1240.60;0.00;0
212;fuel_silo;2162.09;11.00;1218.45;0.00;0
212;radar_station;2150.46;11.00;1175.89;0.00;0
212;nuclear_reactor_spawn;2125.60;11.00;1228.52;0.00;0
212;rocket_site_spawn;2150.57;11.00;1199.42;0.00;0
212;synthetic_refinery;2179.26;11.00;1219.26;0.00;0
212;supply_node;2178.90;11.00;1178.86;0.00;0
213;arms_factory;2870.50;11.00;1174.77;0.00;0
213;industrial_complex;2834.16;11.00;1154.71;0.00;0
213;air_base;2846.65;11.00;1195.23;0.00;0
213;anti_air_building;2820.42;11.00;1191.21;0.00;0
213;bunker;2810.01;11.00;1167.58;0.00;0
213;fuel_silo;2875.13;11.00;1165.74;0.00;0
213;radar_station;2854.91;11.00;1215.54;0.00;0
213;nuclear_reactor_spawn;2858.91;11.00;1205.30;0.00;0
213;rocket_site_spawn;2871.94;11.00;1209.14;0.00;0
213;synthetic_refinery;2832.18;11.00;1201.03;0.00;0
213;supply_node;2879.55;11.00;1193.81;0.00;0
213;dockyard;2810.06;11.00;1180.98;0.00;0
213;coastal_bunker;2821.34;11.00;1156.93;0.00;0
214;arms_factory;4072.13;11.00;1173.39;0.00;0
214;industrial_complex;4081.30;11.00;1162.43;0.00;0
214;air_base;4071.77;11.00;1152.98;0.00;0
214;anti_air_building;4057.41;11.00;1162.28;0.00;0
214;bunker;4056.98;11.00;1182.02;0.00;0
214;fuel_silo;4061.78;11.00;1174.99;0.00;0
214;radar_station;4069.53;11.00;1164.38;0.00;0
214;nuclear_reactor_spawn;4057.30;11.00;1152.52;0.00;0
214;rocket_site_spawn;4061.93;11.00;1143.55;0.00;0
214;synthetic_refinery;4072.13;11.00;1173.39;0.00;0
214;supply_node;4081.30;11.00;1162.43;0.00;0
214;dockyard;4071.77;11.00;1152.98;0.00;0
214;coastal_bunker;4057.41;11.00;1162.28;0.00;0
215;arms_factory;2474.87;11.00;1162.32;0.00;0
215;industrial_complex;2531.81;11.00;1136.37;0.00;0
215;air_base;2513.78;11.00;1154.86;0.00;0
215;anti_air_building;2535.13;11.00;1173.91;0.00;0
215;bunker;2493.11;11.00;1146.94;0.00;0
215;fuel_silo;2512.85;11.00;1175.32;0.00;0
215;radar_station;2483.76;11.00;1176.69;0.00;0
215;nuclear_reactor_spawn;2468.59;11.00;1171.50;0.00;0
215;rocket_site_spawn;2526.70;11.00;1151.12;0.00;0
215;synthetic_refinery;2521.69;11.00;1163.79;0.00;0
215;supply_node;2555.91;11.00;1168.11;0.00;0
216;arms_factory;2634.82;11.00;1172.71;0.00;0
216;industrial_complex;2652.40;11.00;1135.47;0.00;0
216;air_base;2620.83;11.00;1197.52;0.00;0
216;anti_air_building;2629.13;11.00;1148.23;0.00;0
216;bunker;2645.21;11.00;1158.94;0.00;0
216;fuel_silo;2614.61;11.00;1148.11;0.00;0
216;radar_station;2640.79;11.00;1186.72;0.00;0
216;nuclear_reactor_spawn;2628.41;11.00;1188.48;0.00;0
216;rocket_site_spawn;2602.11;11.00;1197.63;0.00;0
216;synthetic_refinery;2637.06;11.00;1195.61;0.00;0
216;supply_node;2610.51;11.00;1191.71;0.00;0
216;dockyard;2600.43;11.00;1186.89;0.00;0
216;coastal_bunker;2648.44;11.00;1183.12;0.00;0
217;arms_factory;4117.79;11.00;1141.05;0.00;0
217;industrial_complex;4100.14;11.00;1133.28;0.00;0
217;air_base;4079.69;11.00;1112.21;0.00;0
217;anti_air_building;4107.54;11.00;1125.16;0.00;0
217;bunker;4075.32;11.00;1125.52;0.00;0
217;fuel_silo;4093.42;11.00;1119.61;0.00;0
217;radar_station;4110.05;11.00;1153.81;0.00;0
217;nuclear_reactor_spawn;4083.91;11.00;1146.50;0.00;0
217;rocket_site_spawn;4091.28;11.00;1159.92;0.00;0
217;synthetic_refinery;4073.53;11.00;1140.14;0.00;0
217;supply_node;4101.92;11.00;1163.18;0.00;0
217;dockyard;4099.70;11.00;1153.80;0.00;0
217;coastal_bunker;4118.69;11.00;1150.58;0.00;0
218;arms_factory;2396.12;11.00;1157.86;0.00;0
218;industrial_complex;2383.40;11.00;1101.83;0.00;0
218;air_base;2388.49;11.00;1188.09;0.00;0
218;anti_air_building;2362.52;11.00;1181.65;0.00;0
218;bunker;2376.72;11.00;1148.03;0.00;0
218;fuel_silo;2349.71;11.00;1148.23;0.00;0
218;radar_station;2399.33;11.00;1122.57;0.00;0
218;nuclear_reactor_spawn;2411.95;11.00;1139.61;0.00;0
218;rocket_site_spawn;2365.26;11.00;1127.42;0.00;0
218;synthetic_refinery;2357.05;11.00;1106.69;0.00;0
218;supply_node;2396.12;11.00;1157.86;0.00;0
22;arms_factory;2135.33;11.00;1050.24;0.00;0
22;industrial_complex;2089.28;11.00;1002.57;0.00;0
22;air_base;2137.35;11.00;974.18;0.00;0
22;anti_air_building;2154.36;11.00;1016.80;0.00;0
22;bunker;2095.55;11.00;1044.96;0.00;0
22;fuel_silo;2046.22;11.00;999.35;0.00;0
22;radar_station;2076.71;11.00;1047.93;0.00;0
22;nuclear_reactor_spawn;2156.53;11.00;1039.32;0.00;0
22;rocket_site_spawn;2111.33;11.00;990.40;0.00;0
22;synthetic_refinery;2063.63;11.00;1012.38;0.00;0
22;supply_node;2082.34;11.00;1024.54;0.00;0
219;arms_factory;2147.74;11.00;1150.73;0.00;0
219;industrial_complex;2103.94;11.00;1195.21;0.00;0
219;air_base;2127.88;11.00;1140.01;0.00;0
219;anti_air_building;2113.34;11.00;1172.03;0.00;0
219;bunker;2102.86;11.00;1142.73;0.00;0
219;fuel_silo;2117.30;11.00;1149.40;0.00;0
219;radar_station;2153.07;11.00;1161.46;0.00;0
219;nuclear_reactor_spawn;2111.20;11.00;1135.74;0.00;0
219;rocket_site_spawn;2084.95;11.00;1132.80;0.00;0
219;synthetic_refinery;2102.37;11.00;1152.66;0.00;0
219;supply_node;2128.87;11.00;1174.85;0.00;0
220;arms_factory;3917.75;11.00;1209.69;0.00;0
220;industrial_complex;3873.13;11.00;1201.06;0.00;0
220;air_base;3923.93;11.00;1178.47;0.00;0
220;anti_air_building;3945.23;11.00;1129.84;0.00;0
220;bunker;3957.88;11.00;1182.67;0.00;0
220;fuel_silo;3915.63;11.00;1151.60;0.00;0
220;radar_station;3953.94;11.00;1153.07;0.00;0
220;nuclear_reactor_spawn;3931.87;11.00;1171.70;0.00;0
220;rocket_site_spawn;3890.58;11.00;1172.69;0.00;0
220;synthetic_refinery;3912.42;11.00;1197.83;0.00;0
220;supply_node;3937.79;11.00;1153.53;0.00;0
220;dockyard;3896.45;11.00;1209.12;0.00;0
220;coastal_bunker;3980.94;11.00;1160.43;0.00;0
221;arms_factory;2251.49;11.00;1130.38;0.00;0
221;industrial_complex;2211.52;11.00;1142.00;0.00;0
221;air_base;2236.28;11.00;1155.99;0.00;0
221;anti_air_building;2216.72;11.00;1154.05;0.00;0
221;bunker;2283.25;11.00;1139.41;0.00;0
221;fuel_silo;2232.86;11.00;1140.85;0.00;0
221;radar_station;2244.85;11.00;1205.64;0.00;0
221;nuclear_reactor_spawn;2237.75;11.00;1188.49;0.00;0
221;rocket_site_spawn;2230.54;11.00;1169.53;0.00;0
221;synthetic_refinery;2247.93;11.00;1166.78;0.00;0
221;supply_node;2260.00;11.00;1148.27;0.00;0
222;arms_factory;2963.35;11.00;1191.49;0.00;0
222;industrial_complex;2969.96;11.00;1167.15;0.00;0
222;air_base;2946.02;11.00;1158.52;0.00;0
222;anti_air_building;2933.28;11.00;1174.13;0.00;0
222;bunker;2953.43;11.00;1174.36;0.00;0
222;fuel_silo;2960.07;11.00;1156.71;0.00;0
222;radar_station;2984.87;11.00;1157.92;0.00;0
222;nuclear_reactor_spawn;2971.78;11.00;1184.55;0.00;0
222;rocket_site_spawn;2953.10;11.00;1187.88;0.00;0
222;synthetic_refinery;2939.27;11.00;1183.55;0.00;0
222;supply_node;2928.51;11.00;1182.74;0.00;0
222;dockyard;2963.42;11.00;1180.78;0.00;0
222;coastal_bunker;2985.32;11.00;1171.39;0.00;0
223;arms_factory;2081.02;11.00;1080.18;0.00;0
223;industrial_complex;2079.61;11.00;1110.67;0.00;0
223;air_base;2092.38;11.00;1112.98;0.00;0
223;anti_air_building;2055.61;11.00;1102.59;0.00;0
223;bunker;2102.80;11.00;1087.96;0.00;0
223;fuel_silo;2081.02;11.00;1080.18;0.00;0
223;radar_station;2079.61;11.00;1110.67;0.00;0
223;nuclear_reactor_spawn;2092.38;11.00;1112.98;0.00;0
223;rocket_site_spawn;2055.61;11.00;1102.59;0.00;0
223;synthetic_refinery;2102.80;11.00;1087.96;0.00;0
223;supply_node;2081.02;11.00;1080.18;0.00;0
224;arms_factory;1915.96;11.00;1109.66;0.00;0
224;industrial_complex;1836.65;11.00;1106.03;0.00;0
224;air_base;1931.73;11.00;1131.41;0.00;0
224;anti_air_building;1873.15;11.00;1112.78;0.00;0
224;bunker;1909.75;11.00;1085.63;0.00;0
224;fuel_silo;1847.87;11.00;1131.81;0.00;0
224;radar_station;1893.34;11.00;1119.95;0.00;0
224;nuclear_reactor_spawn;1864.82;11.00;1097.93;0.00;0
224;rocket_site_spawn;1879.99;11.00;1141.89;0.00;0
224;synthetic_refinery;1889.51;11.00;1098.16;0.00;0
224;supply_node;1855.89;11.00;1119.30;0.00;0
225;arms_factory;2937.50;11.00;1116.18;0.00;0
225;industrial_complex;2959.75;11.00;1133.92;0.00;0
225;air_base;2944.30;11.00;1146.79;0.00;0
225;anti_air_building;2927.88;11.00;1143.85;0.00;0
225;bunker;2963.74;11.00;1142.84;0.00;0
225;fuel_silo;2952.50;11.00;1140.80;0.00;0
225;radar_station;2916.77;11.00;1137.10;0.00;0
225;nuclear_reactor_spawn;2935.74;11.00;1139.48;0.00;0
225;rocket_site_spawn;2924.86;11.00;1131.64;0.00;0
225;synthetic_refinery;2942.69;11.00;1130.59;0.00;0
225;supply_node;2937.50;11.00;1116.18;0.00;0
225;dockyard;2959.75;11.00;1133.92;0.00;0
225;coastal_bunker;2944.30;11.00;1146.79;0.00;0
226;arms_factory;3995.20;11.00;1168.24;0.00;0
226;industrial_complex;4020.70;11.00;1062.15;0.00;0
226;air_base;4055.93;11.00;1131.96;0.00;0
226;anti_air_building;4015.06;11.00;1160.90;0.00;0
226;bunker;4045.03;11.00;1139.89;0.00;0
226;fuel_silo;4025.06;11.00;1122.26;0.00;0
226;radar_station;4047.68;11.00;1092.07;0.00;0
226;nuclear_reactor_spawn;3987.17;11.00;1143.97;0.00;0
226;rocket_site_spawn;4008.26;11.00;1072.07;0.00;0
226;synthetic_refinery;4022.40;11.00;1148.01;0.00;0
226;supply_node;4006.42;11.00;1143.07;0.00;0
226;dockyard;4039.32;11.00;1121.01;0.00;0
226;coastal_bunker;4024.06;11.00;1079.62;0.00;0
227;arms_factory;2671.57;11.00;1102.73;0.00;0
227;industrial_complex;2643.59;11.00;1119.82;0.00;0
227;air_base;2596.65;11.00;1109.41;0.00;0
227;anti_air_building;2612.76;11.00;1119.82;0.00;0
227;bunker;2628.94;11.00;1132.99;0.00;0
227;fuel_silo;2640.01;11.00;1105.30;0.00;0
227;radar_station;2626.06;11.00;1116.17;0.00;0
227;nuclear_reactor_spawn;2599.01;11.00;1122.12;0.00;0
227;rocket_site_spawn;2662.61;11.00;1110.29;0.00;0
227;synthetic_refinery;2655.21;11.00;1091.81;0.00;0
227;supply_node;2646.37;11.00;1090.68;0.00;0
227;dockyard;2650.77;11.00;1078.64;0.00;0
227;coastal_bunker;2613.90;11.00;1131.55;0.00;0
228;arms_factory;2296.02;11.00;1221.61;0.00;0
228;industrial_complex;2273.36;11.00;1194.66;0.00;0
228;air_base;2309.55;11.00;1239.31;0.00;0
228;anti_air_building;2291.86;11.00;1172.31;0.00;0
228;bunker;2279.55;11.00;1236.37;0.00;0
228;fuel_silo;2299.92;11.00;1198.45;0.00;0
228;radar_station;2288.42;11.00;1246.28;0.00;0
228;nuclear_reactor_spawn;2301.30;11.00;1256.90;0.00;0
228;rocket_site_spawn;2271.47;11.00;1216.43;0.00;0
228;synthetic_refinery;2296.02;11.00;1221.61;0.00;0
228;supply_node;2273.36;11.00;1194.66;0.00;0
23;arms_factory;2412.06;11.00;892.30;0.00;0
23;industrial_complex;2393.42;11.00;867.41;0.00;0
23;air_base;2329.97;11.00;863.73;0.00;0
23;anti_air_building;2377.33;11.00;871.74;0.00;0
23;bunker;2409.33;11.00;858.98;0.00;0
23;fuel_silo;2354.93;11.00;841.27;0.00;0
23;radar_station;2358.71;11.00;881.65;0.00;0
23;nuclear_reactor_spawn;2407.01;11.00;836.50;0.00;0
23;rocket_site_spawn;2385.38;11.00;852.87;0.00;0
23;synthetic_refinery;2431.80;11.00;866.05;0.00;0
23;supply_node;2392.44;11.00;844.27;0.00;0
229;arms_factory;3848.90;11.00;1149.19;0.00;0
229;industrial_complex;3867.89;11.00;1104.08;0.00;0
229;air_base;3852.42;11.00;1192.69;0.00;0
229;anti_air_building;3837.05;11.00;1114.51;0.00;0
229;bunker;3832.99;11.00;1197.79;0.00;0
229;fuel_silo;3912.24;11.00;1094.47;0.00;0
229;radar_station;3905.21;11.00;1144.17;0.00;0
229;nuclear_reactor_spawn;3929.16;11.00;1126.00;0.00;0
229;rocket_site_spawn;3884.33;11.00;1151.46;0.00;0
229;synthetic_refinery;3870.22;11.00;1170.26;0.00;0
229;supply_node;3870.73;11.00;1133.85;0.00;0
229;dockyard;3889.63;11.00;1119.95;0.00;0
229;coastal_bunker;3899.59;11.00;1100.34;0.00;0
230;arms_factory;2559.98;11.00;1131.01;0.00;0
230;industrial_complex;2555.88;11.00;1114.61;0.00;0
230;air_base;2574.39;11.00;1118.53;0.00;0
230;anti_air_building;2581.12;11.00;1144.31;0.00;0
230;bunker;2557.49;11.00;1155.01;0.00;0
230;fuel_silo;2575.15;11.00;1157.37;0.00;0
230;radar_station;2548.38;11.00;1122.07;0.00;0
230;nuclear_reactor_spawn;2566.84;11.00;1148.96;0.00;0
230;rocket_site_spawn;2567.19;11.00;1166.56;0.00;0
230;synthetic_refinery;2547.59;11.00;1147.99;0.00;0
230;supply_node;2555.98;11.00;1142.42;0.00;0
231;arms_factory;2020.24;11.00;1056.68;0.00;0
231;industrial_complex;1995.65;11.00;1068.23;0.00;0
231;air_base;1991.29;11.00;1087.52;0.00;0
231;anti_air_building;2013.20;11.00;1089.05;0.00;0
231;bunker;2012.52;11.00;1034.37;0.00;0
231;fuel_silo;2045.32;11.00;1067.70;0.00;0
231;radar_station;2039.29;11.00;1045.76;0.00;0
231;nuclear_reactor_spawn;1994.22;11.00;1052.10;0.00;0
231;rocket_site_spawn;2031.02;11.00;1083.18;0.00;0
231;synthetic_refinery;2036.66;11.00;1023.51;0.00;0
231;supply_node;2018.28;11.00;1012.81;0.00;0
232;arms_factory;2445.14;11.00;1131.15;0.00;0
232;industrial_complex;2464.90;11.00;1157.43;0.00;0
232;air_base;2456.19;11.00;1118.04;0.00;0
232;anti_air_building;2467.87;11.00;1106.21;0.00;0
232;bunker;2441.62;11.00;1161.58;0.00;0
232;fuel_silo;2465.70;11.00;1136.15;0.00;0
232;radar_station;2440.03;11.00;1120.73;0.00;0
232;nuclear_reactor_spawn;2439.07;11.00;1098.70;0.00;0
232;rocket_site_spawn;2434.96;11.00;1150.31;0.00;0
232;synthetic_refinery;2454.69;11.00;1135.39;0.00;0
232;supply_node;2435.84;11.00;1136.44;0.00;0
233;arms_factory;2502.18;11.00;1092.01;0.00;0
233;industrial_complex;2533.33;11.00;1102.91;0.00;0
233;air_base;2520.90;11.00;1125.60;0.00;0
233;anti_air_building;2484.73;11.00;1092.35;0.00;0
233;bunker;2507.41;11.00;1113.94;0.00;0
233;fuel_silo;2502.61;11.00;1122.36;0.00;0
233;radar_station;2521.50;11.00;1103.31;0.00;0
233;nuclear_reactor_spawn;2489.60;11.00;1103.20;0.00;0
233;rocket_site_spawn;2514.07;11.00;1089.65;0.00;0
233;synthetic_refinery;2523.69;11.00;1114.25;0.00;0
233;supply_node;2493.68;11.00;1113.53;0.00;0
234;arms_factory;2720.05;11.00;1034.38;0.00;0
234;industrial_complex;2743.82;11.00;1020.38;0.00;0
234;air_base;2789.12;11.00;1068.94;0.00;0
234;anti_air_building;2796.10;11.00;1060.04;0.00;0
234;bunker;2753.57;11.00;1048.45;0.00;0
234;fuel_silo;2778.76;11.00;1047.06;0.00;0
234;radar_station;2732.24;11.00;1054.82;0.00;0
234;nuclear_reactor_spawn;2762.37;11.00;1026.47;0.00;0
234;rocket_site_spawn;2755.88;11.00;1066.15;0.00;0
234;synthetic_refinery;2713.41;11.00;1021.53;0.00;0
234;supply_node;2732.56;11.00;1066.06;0.00;0
234;dockyard;2729.77;11.00;1018.27;0.00;0
234;coastal_bunker;2769.42;11.00;1063.79;0.00;0
235;arms_factory;1656.00;11.00;1075.37;0.00;0
235;industrial_complex;1755.47;11.00;1125.64;0.00;0
235;air_base;1694.98;11.00;1125.68;0.00;0
235;anti_air_building;1663.68;11.00;1050.40;0.00;0
235;bunker;1757.57;11.00;1091.11;0.00;0
235;fuel_silo;1716.67;11.00;1095.70;0.00;0
235;radar_station;1752.90;11.00;1065.46;0.00;0
235;nuclear_reactor_spawn;1688.81;11.00;1060.00;0.00;0
235;rocket_site_spawn;1657.23;11.00;1104.94;0.00;0
235;synthetic_refinery;1716.43;11.00;1116.33;0.00;0
235;supply_node;1785.12;11.00;1106.65;0.00;0
235;dockyard;1715.55;11.00;1057.03;0.00;0
235;coastal_bunker;1776.05;11.00;1159.69;0.00;0
236;arms_factory;2842.92;11.00;1016.70;0.00;0
236;industrial_complex;2843.77;11.00;1032.16;0.00;0
236;air_base;2870.29;11.00;1041.92;0.00;0
236;anti_air_building;2876.16;11.00;1057.86;0.00;0
236;bunker;2864.42;11.00;1022.99;0.00;0
236;fuel_silo;2873.89;11.00;1079.76;0.00;0
236;radar_station;2854.75;11.00;1048.22;0.00;0
236;nuclear_reactor_spawn;2885.62;11.00;1082.78;0.00;0
236;rocket_site_spawn;2889.59;11.00;1076.72;0.00;0
236;synthetic_refinery;2881.30;11.00;1070.69;0.00;0
236;supply_node;2856.90;11.00;1035.60;0.00;0
236;dockyard;2842.92;11.00;1016.70;0.00;0
236;coastal_bunker;2843.77;11.00;1032.16;0.00;0
237;arms_factory;2502.73;11.00;1056.40;0.00;0
237;industrial_complex;2516.30;11.00;1018.41;0.00;0
237;air_base;2496.18;11.00;1068.42;0.00;0
237;anti_air_building;2511.43;11.00;1074.69;0.00;0
237;bunker;2552.32;11.00;1049.05;0.00;0
237;fuel_silo;2536.61;11.00;1039.02;0.00;0
237;radar_station;2523.01;11.00;1075.70;0.00;0
237;nuclear_reactor_spawn;2535.38;11.00;1073.74;0.00;0
237;rocket_site_spawn;2542.69;11.00;1082.02;0.00;0
237;synthetic_refinery;2523.07;11.00;1055.16;0.00;0
237;supply_node;2548.68;11.00;1019.28;0.00;0
238;arms_factory;2131.36;11.00;1098.65;0.00;0
238;industrial_complex;2158.96;11.00;1065.94;0.00;0
238;air_base;2186.43;11.00;1128.47;0.00;0
238;anti_air_building;2184.82;11.00;1103.24;0.00;0
238;bunker;2160.57;11.00;1090.11;0.00;0
238;fuel_silo;2158.03;11.00;1113.50;0.00;0
238;radar_station;2182.77;11.00;1075.05;0.00;0
238;nuclear_reactor_spawn;2174.91;11.00;1054.32;0.00;0
238;rocket_site_spawn;2171.13;11.00;1143.92;0.00;0
238;synthetic_refinery;2165.51;11.00;1130.73;0.00;0
238;supply_node;2209.97;11.00;1129.98;0.00;0
24;arms_factory;1849.82;11.00;1456.98;0.00;0
24;industrial_complex;1852.06;11.00;1466.23;0.00;0
24;air_base;1841.69;11.00;1464.90;0.00;0
24;anti_air_building;1849.82;11.00;1456.98;0.00;0
24;bunker;1852.06;11.00;1466.23;0.00;0
24;fuel_silo;1841.69;11.00;1464.90;0.00;0
24;radar_station;1849.82;11.00;1456.98;0.00;0
24;nuclear_reactor_spawn;1852.06;11.00;1466.23;0.00;0
24;rocket_site_spawn;1841.69;11.00;1464.90;0.00;0
24;synthetic_refinery;1849.82;11.00;1456.98;0.00;0
24;supply_node;1852.06;11.00;1466.23;0.00;0
24;dockyard;1841.69;11.00;1464.90;0.00;0
24;coastal_bunker;1849.82;11.00;1456.98;0.00;0
239;arms_factory;2693.62;11.00;1015.99;0.00;0
239;industrial_complex;2643.65;11.00;1008.08;0.00;0
239;air_base;2699.59;11.00;955.75;0.00;0
239;anti_air_building;2652.38;11.00;1024.48;0.00;0
239;bunker;2704.73;11.00;976.43;0.00;0
239;fuel_silo;2670.90;11.00;1003.36;0.00;0
239;radar_station;2666.98;11.00;981.93;0.00;0
239;nuclear_reactor_spawn;2706.70;11.00;992.57;0.00;0
239;rocket_site_spawn;2648.00;11.00;978.18;0.00;0
239;synthetic_refinery;2681.86;11.00;968.92;0.00;0
239;supply_node;2712.37;11.00;961.22;0.00;0
239;dockyard;2691.98;11.00;989.85;0.00;0
239;coastal_bunker;2674.92;11.00;1023.14;0.00;0
240;arms_factory;2475.67;11.00;1061.23;0.00;0
240;industrial_complex;2480.50;11.00;1033.06;0.00;0
240;air_base;2463.91;11.00;1074.08;0.00;0
240;anti_air_building;2412.20;11.00;1063.77;0.00;0
240;bunker;2442.34;11.00;1079.41;0.00;0
240;fuel_silo;2458.30;11.00;1030.03;0.00;0
240;radar_station;2440.61;11.00;1046.32;0.00;0
240;nuclear_reactor_spawn;2470.53;11.00;1048.26;0.00;0
240;rocket_site_spawn;2494.75;11.00;1043.59;0.00;0
240;synthetic_refinery;2474.08;11.00;1075.70;0.00;0
240;supply_node;2428.19;11.00;1088.39;0.00;0
241;arms_factory;2565.00;11.00;1104.36;0.00;0
241;industrial_complex;2554.38;11.00;1080.10;0.00;0
241;air_base;2575.31;11.00;1065.51;0.00;0
241;anti_air_building;2544.67;11.00;1097.92;0.00;0
241;bunker;2602.07;11.00;1067.73;0.00;0
241;fuel_silo;2599.55;11.00;1095.47;0.00;0
241;radar_station;2573.20;11.00;1099.29;0.00;0
241;nuclear_reactor_spawn;2557.30;11.00;1065.89;0.00;0
241;rocket_site_spawn;2578.91;11.00;1078.90;0.00;0
241;synthetic_refinery;2554.64;11.00;1091.57;0.00;0
241;supply_node;2568.89;11.00;1087.24;0.00;0
241;dockyard;2575.26;11.00;1035.91;0.00;0
241;coastal_bunker;2605.09;11.00;1054.04;0.00;0
242;arms_factory;3839.46;11.00;1089.66;0.00;0
242;industrial_complex;3851.68;11.00;1096.57;0.00;0
242;air_base;3867.76;11.00;1061.60;0.00;0
242;anti_air_building;3827.51;11.00;1052.72;0.00;0
242;bunker;3829.03;11.00;1105.91;0.00;0
242;fuel_silo;3854.59;11.00;1075.60;0.00;0
242;radar_station;3892.32;11.00;1086.13;0.00;0
242;nuclear_reactor_spawn;3846.22;11.00;1057.43;0.00;0
242;rocket_site_spawn;3890.61;11.00;1053.64;0.00;0
242;synthetic_refinery;3895.19;11.00;1070.24;0.00;0
242;supply_node;3802.18;11.00;1094.46;0.00;0
242;dockyard;3809.48;11.00;1109.16;0.00;0
242;coastal_bunker;3906.19;11.00;1076.74;0.00;0
243;arms_factory;2237.32;11.00;965.19;0.00;0
243;industrial_complex;2273.56;11.00;992.01;0.00;0
243;air_base;2265.23;11.00;927.10;0.00;0
243;anti_air_building;2275.93;11.00;955.99;0.00;0
243;bunker;2302.75;11.00;978.84;0.00;0
243;fuel_silo;2324.23;11.00;991.95;0.00;0
243;radar_station;2237.32;11.00;965.19;0.00;0
243;nuclear_reactor_spawn;2273.56;11.00;992.01;0.00;0
243;rocket_site_spawn;2265.23;11.00;927.10;0.00;0
243;synthetic_refinery;2275.93;11.00;955.99;0.00;0
243;supply_node;2302.75;11.00;978.84;0.00;0
244;arms_factory;3937.96;11.00;1075.72;0.00;0
244;industrial_complex;3954.34;11.00;1039.03;0.00;0
244;air_base;3926.52;11.00;1020.55;0.00;0
244;anti_air_building;3905.32;11.00;1046.96;0.00;0
244;bunker;3927.39;11.00;1045.74;0.00;0
244;fuel_silo;3916.64;11.00;1034.74;0.00;0
244;radar_station;3916.72;11.00;1056.28;0.00;0
244;nuclear_reactor_spawn;3937.90;11.00;1033.08;0.00;0
244;rocket_site_spawn;3929.79;11.00;1062.24;0.00;0
244;synthetic_refinery;3950.85;11.00;1019.44;0.00;0
244;supply_node;3945.69;11.00;1052.50;0.00;0
244;dockyard;3929.42;11.00;1083.07;0.00;0
244;coastal_bunker;3921.78;11.00;1073.47;0.00;0
245;arms_factory;3067.85;11.00;1135.94;0.00;0
245;industrial_complex;3087.66;11.00;1133.90;0.00;0
245;air_base;3161.01;11.00;1012.67;0.00;0
245;anti_air_building;3082.74;11.00;1043.19;0.00;0
245;bunker;3115.75;11.00;1077.09;0.00;0
245;fuel_silo;3066.05;11.00;1117.90;0.00;0
245;radar_station;3107.16;11.00;1032.63;0.00;0
245;nuclear_reactor_spawn;3060.57;11.00;1060.40;0.00;0
245;rocket_site_spawn;3070.78;11.00;1087.20;0.00;0
245;synthetic_refinery;3030.59;11.00;1100.98;0.00;0
245;supply_node;3060.77;11.00;1153.75;0.00;0
245;dockyard;3054.58;11.00;1105.22;0.00;0
245;coastal_bunker;3140.71;11.00;1081.54;0.00;0
246;arms_factory;3859.37;11.00;1044.00;0.00;0
246;industrial_complex;3904.03;11.00;1009.49;0.00;0
246;air_base;3884.81;11.00;1032.59;0.00;0
246;anti_air_building;3918.08;11.00;1009.96;0.00;0
246;bunker;3896.93;11.00;1023.29;0.00;0
246;fuel_silo;3899.79;11.00;1034.89;0.00;0
246;radar_station;3908.97;11.00;1022.54;0.00;0
246;nuclear_reactor_spawn;3878.59;11.00;1013.41;0.00;0
246;rocket_site_spawn;3876.49;11.00;1046.60;0.00;0
246;synthetic_refinery;3890.27;11.00;1041.79;0.00;0
246;supply_node;3871.15;11.00;1032.01;0.00;0
246;dockyard;3857.01;11.00;1029.58;0.00;0
246;coastal_bunker;3879.90;11.00;1023.42;0.00;0
247;arms_factory;2309.06;11.00;1064.25;0.00;0
247;industrial_complex;2343.71;11.00;1006.42;0.00;0
247;air_base;2260.23;11.00;1089.37;0.00;0
247;anti_air_building;2370.82;11.00;990.71;0.00;0
247;bunker;2331.01;11.00;1030.46;0.00;0
247;fuel_silo;2311.37;11.00;1104.15;0.00;0
247;radar_station;2378.38;11.00;1037.04;0.00;0
247;nuclear_reactor_spawn;2333.50;11.00;1088.32;0.00;0
247;rocket_site_spawn;2349.75;11.00;1064.75;0.00;0
247;synthetic_refinery;2281.28;11.00;1110.52;0.00;0
247;supply_node;2385.53;11.00;1061.11;0.00;0
248;arms_factory;1835.71;11.00;1028.10;0.00;0
248;industrial_complex;1844.17;11.00;1094.82;0.00;0
248;air_base;1816.28;11.00;1110.32;0.00;0
248;anti_air_building;1812.97;11.00;1078.69;0.00;0
248;bunker;1826.14;11.00;1079.46;0.00;0
248;fuel_silo;1855.56;11.00;1072.63;0.00;0
248;radar_station;1864.76;11.00;1053.84;0.00;0
248;nuclear_reactor_spawn;1805.71;11.00;1089.96;0.00;0
248;rocket_site_spawn;1833.06;11.00;1053.52;0.00;0
248;synthetic_refinery;1801.09;11.00;1047.01;0.00;0
248;supply_node;1801.01;11.00;1120.29;0.00;0
25;arms_factory;2807.38;11.00;1390.25;0.00;0
25;industrial_complex;2765.80;11.00;1401.29;0.00;0
25;air_base;2787.97;11.00;1379.85;0.00;0
25;anti_air_building;2805.49;11.00;1365.85;0.00;0
25;bunker;2843.74;11.00;1359.12;0.00;0
25;fuel_silo;2789.08;11.00;1406.72;0.00;0
25;radar_station;2776.69;11.00;1399.50;0.00;0
25;nuclear_reactor_spawn;2774.70;11.00;1382.05;0.00;0
25;rocket_site_spawn;2789.32;11.00;1394.39;0.00;0
25;synthetic_refinery;2770.36;11.00;1390.56;0.00;0
25;supply_node;2783.07;11.00;1369.49;0.00;0
25;dockyard;2821.94;11.00;1351.15;0.00;0
25;coastal_bunker;2835.67;11.00;1335.73;0.00;0
249;arms_factory;3987.94;11.00;1060.69;0.00;0
249;industrial_complex;3961.32;11.00;1004.93;0.00;0
249;air_base;3985.91;11.00;1046.64;0.00;0
249;anti_air_building;4007.48;11.00;1024.29;0.00;0
249;bunker;3969.52;11.00;1022.09;0.00;0
249;fuel_silo;4001.53;11.00;1045.98;0.00;0
249;radar_station;3993.24;11.00;1008.08;0.00;0
249;nuclear_reactor_spawn;3990.44;11.00;1028.30;0.00;0
249;rocket_site_spawn;4005.75;11.00;1010.80;0.00;0
249;synthetic_refinery;4000.52;11.00;1062.52;0.00;0
249;supply_node;3972.36;11.00;1037.50;0.00;0
249;dockyard;3978.27;11.00;1009.51;0.00;0
249;coastal_bunker;3987.94;11.00;1060.69;0.00;0
250;arms_factory;1827.03;11.00;924.02;0.00;0
250;industrial_complex;1841.73;11.00;973.16;0.00;0
250;air_base;1840.99;11.00;988.05;0.00;0
250;anti_air_building;1869.90;11.00;1006.41;0.00;0
250;bunker;1881.98;11.00;989.00;0.00;0
250;fuel_silo;1897.64;11.00;978.69;0.00;0
250;radar_station;1856.77;11.00;970.05;0.00;0
250;nuclear_reactor_spawn;1888.65;11.00;972.94;0.00;0
250;rocket_site_spawn;1838.32;11.00;1014.02;0.00;0
250;synthetic_refinery;1821.79;11.00;1005.87;0.00;0
250;supply_node;1861.25;11.00;959.35;0.00;0
251;arms_factory;2770.54;11.00;996.61;0.00;0
251;industrial_complex;2793.43;11.00;1004.87;0.00;0
251;air_base;2812.41;11.00;1017.92;0.00;0
251;anti_air_building;2743.04;11.00;1000.20;0.00;0
251;bunker;2823.34;11.00;1006.55;0.00;0
251;fuel_silo;2756.26;11.00;1005.52;0.00;0
251;radar_station;2784.24;11.00;1021.25;0.00;0
251;nuclear_reactor_spawn;2803.78;11.00;1033.52;0.00;0
251;rocket_site_spawn;2827.86;11.00;1024.45;0.00;0
251;synthetic_refinery;2809.06;11.00;997.15;0.00;0
251;supply_node;2752.15;11.00;991.63;0.00;0
251;dockyard;2773.10;11.00;1012.09;0.00;0
251;coastal_bunker;2814.50;11.00;1034.40;0.00;0
252;arms_factory;2951.72;11.00;1003.00;0.00;0
252;industrial_complex;2961.45;11.00;962.88;0.00;0
252;air_base;2947.14;11.00;938.35;0.00;0
252;anti_air_building;2938.96;11.00;978.79;0.00;0
252;bunker;2967.17;11.00;992.83;0.00;0
252;fuel_silo;2932.97;11.00;957.24;0.00;0
252;radar_station;2951.72;11.00;1003.00;0.00;0
252;nuclear_reactor_spawn;2961.45;11.00;962.88;0.00;0
252;rocket_site_spawn;2947.14;11.00;938.35;0.00;0
252;synthetic_refinery;2938.96;11.00;978.79;0.00;0
252;supply_node;2967.17;11.00;992.83;0.00;0
252;dockyard;2932.97;11.00;957.24;0.00;0
252;coastal_bunker;2951.72;11.00;1003.00;0.00;0
253;arms_factory;1902.76;11.00;997.33;0.00;0
253;industrial_complex;1975.43;11.00;1030.22;0.00;0
253;air_base;1918.11;11.00;1038.79;0.00;0
253;anti_air_building;1931.53;11.00;1018.08;0.00;0
253;bunker;1929.77;11.00;986.58;0.00;0
253;fuel_silo;1977.85;11.00;1001.51;0.00;0
253;radar_station;1920.22;11.00;975.10;0.00;0
253;nuclear_reactor_spawn;1937.91;11.00;969.06;0.00;0
253;rocket_site_spawn;1946.48;11.00;1041.81;0.00;0
253;synthetic_refinery;1941.53;11.00;1072.98;0.00;0
253;supply_node;1893.66;11.00;1039.73;0.00;0
254;arms_factory;3063.41;11.00;989.06;0.00;0
254;industrial_complex;3110.00;11.00;1009.24;0.00;0
254;air_base;3114.23;11.00;983.81;0.00;0
254;anti_air_building;3089.24;11.00;1001.01;0.00;0
254;bunker;3057.91;11.00;958.43;0.00;0
254;fuel_silo;3095.97;11.00;966.04;0.00;0
254;radar_station;3052.74;11.00;1011.17;0.00;0
254;nuclear_reactor_spawn;3077.43;11.00;952.69;0.00;0
254;rocket_site_spawn;3135.65;11.00;1000.45;0.00;0
254;synthetic_refinery;3074.05;11.00;1021.68;0.00;0
254;supply_node;3082.93;11.00;978.02;0.00;0
255;arms_factory;3825.63;11.00;998.59;0.00;0
255;industrial_complex;3792.87;11.00;1055.15;0.00;0
255;air_base;3766.90;11.00;993.18;0.00;0
255;anti_air_building;3813.86;11.00;1015.86;0.00;0
255;bunker;3835.22;11.00;1007.30;0.00;0
255;fuel_silo;3745.94;11.00;1089.30;0.00;0
255;radar_station;3741.14;11.00;1010.65;0.00;0
255;nuclear_reactor_spawn;3800.20;11.00;1006.01;0.00;0
255;rocket_site_spawn;3722.12;11.00;1071.12;0.00;0
255;synthetic_refinery;3840.83;11.00;994.33;0.00;0
255;supply_node;3763.62;11.00;1036.83;0.00;0
256;arms_factory;3887.08;11.00;978.07;0.00;0
256;industrial_complex;3879.76;11.00;943.25;0.00;0
256;air_base;3881.52;11.00;989.23;0.00;0
256;anti_air_building;3901.87;11.00;983.53;0.00;0
256;bunker;3897.31;11.00;968.13;0.00;0
256;fuel_silo;3877.93;11.00;968.65;0.00;0
256;radar_station;3870.29;11.00;962.40;0.00;0
256;nuclear_reactor_spawn;3864.45;11.00;971.45;0.00;0
256;rocket_site_spawn;3858.56;11.00;941.67;0.00;0
256;synthetic_refinery;3902.30;11.00;994.59;0.00;0
256;supply_node;3891.29;11.00;991.89;0.00;0
257;arms_factory;1940.87;11.00;892.52;0.00;0
257;industrial_complex;1983.73;11.00;923.80;0.00;0
257;air_base;2007.40;11.00;926.41;0.00;0
257;anti_air_building;1998.31;11.00;890.44;0.00;0
257;bunker;1978.64;11.00;900.57;0.00;0
257;fuel_silo;2031.93;11.00;927.69;0.00;0
257;radar_station;1970.50;11.00;874.78;0.00;0
257;nuclear_reactor_spawn;2014.61;11.00;902.13;0.00;0
257;rocket_site_spawn;1947.61;11.00;915.54;0.00;0
257;synthetic_refinery;1961.29;11.00;886.37;0.00;0
257;supply_node;1954.59;11.00;902.79;0.00;0
258;arms_factory;2454.81;11.00;951.95;0.00;0
258;industrial_complex;2427.74;11.00;966.54;0.00;0
258;air_base;2403.27;11.00;1011.24;0.00;0
258;anti_air_building;2425.88;11.00;993.17;0.00;0
258;bunker;2430.09;11.00;936.62;0.00;0
258;fuel_silo;2471.01;11.00;977.55;0.00;0
258;radar_station;2433.15;11.00;1018.91;0.00;0
258;nuclear_reactor_spawn;2405.79;11.00;955.57;0.00;0
258;rocket_site_spawn;2491.76;11.00;959.78;0.00;0
258;synthetic_refinery;2396.81;11.00;979.98;0.00;0
258;supply_node;2498.76;11.00;991.93;0.00;0
26;arms_factory;1648.51;11.00;1401.97;0.00;0
26;industrial_complex;1648.51;11.00;1401.97;0.00;0
26;air_base;1648.51;11.00;1401.97;0.00;0
26;anti_air_building;1648.51;11.00;1401.97;0.00;0
26;bunker;1648.51;11.00;1401.97;0.00;0
26;fuel_silo;1648.51;11.00;1401.97;0.00;0
26;radar_station;1648.51;11.00;1401.97;0.00;0
26;nuclear_reactor_spawn;1648.51;11.00;1401.97;0.00;0
26;rocket_site_spawn;1648.51;11.00;1401.97;0.00;0
26;synthetic_refinery;1648.51;11.00;1401.97;0.00;0
26;supply_node;1648.51;11.00;1401.97;0.00;0
26;dockyard;1648.51;11.00;1401.97;0.00;0
26;coastal_bunker;1648.51;11.00;1401.97;0.00;0
259;arms_factory;3213.66;11.00;1131.36;0.00;0
259;industrial_complex;3282.20;11.00;1099.77;0.00;0
259;air_base;3307.44;11.00;1080.35;0.00;0
259;anti_air_building;3216.05;11.00;1082.15;0.00;0
259;bunker;3254.99;11.00;1034.71;0.00;0
259;fuel_silo;3194.81;11.00;1014.64;0.00;0
259;radar_station;3255.25;11.00;1169.35;0.00;0
259;nuclear_reactor_spawn;3314.42;11.00;1027.61;0.00;0
259;rocket_site_spawn;3301.26;11.00;1025.67;0.00;0
259;synthetic_refinery;3291.65;11.00;1071.09;0.00;0
259;supply_node;3307.85;11.00;1090.36;0.00;0
259;dockyard;3245.38;11.00;1099.85;0.00;0
259;coastal_bunker;3248.79;11.00;1063.70;0.00;0
260;arms_factory;1770.53;11.00;984.20;0.00;0
260;industrial_complex;1813.86;11.00;1015.63;0.00;0
260;air_base;1729.85;11.00;1010.42;0.00;0
260;anti_air_building;1761.41;11.00;1032.06;0.00;0
260;bunker;1791.64;11.00;990.70;0.00;0
260;fuel_silo;1740.89;11.00;981.24;0.00;0
260;radar_station;1798.65;11.00;1021.05;0.00;0
260;nuclear_reactor_spawn;1800.89;11.00;1007.06;0.00;0
260;rocket_site_spawn;1777.08;11.00;1008.56;0.00;0
260;synthetic_refinery;1782.15;11.00;1030.25;0.00;0
260;supply_node;1751.86;11.00;1013.70;0.00;0
261;arms_factory;3164.10;11.00;988.20;0.00;0
261;industrial_complex;3190.70;11.00;901.29;0.00;0
261;air_base;3197.42;11.00;912.15;0.00;0
261;anti_air_building;3178.10;11.00;895.86;0.00;0
261;bunker;3160.13;11.00;961.38;0.00;0
261;fuel_silo;3188.01;11.00;933.19;0.00;0
261;radar_station;3189.89;11.00;962.52;0.00;0
261;nuclear_reactor_spawn;3199.87;11.00;989.44;0.00;0
261;rocket_site_spawn;3223.96;11.00;910.97;0.00;0
261;synthetic_refinery;3209.61;11.00;911.82;0.00;0
261;supply_node;3157.64;11.00;919.29;0.00;0
262;arms_factory;3802.91;11.00;959.26;0.00;0
262;industrial_complex;3796.08;11.00;982.54;0.00;0
262;air_base;3821.20;11.00;976.53;0.00;0
262;anti_air_building;3768.39;11.00;970.88;0.00;0
262;bunker;3784.03;11.00;949.55;0.00;0
262;fuel_silo;3846.61;11.00;950.31;0.00;0
262;radar_station;3783.35;11.00;974.69;0.00;0
262;nuclear_reactor_spawn;3841.52;11.00;977.25;0.00;0
262;rocket_site_spawn;3819.40;11.00;952.24;0.00;0
262;synthetic_refinery;3843.52;11.00;962.28;0.00;0
262;supply_node;3829.26;11.00;958.67;0.00;0
263;arms_factory;3589.70;11.00;1022.82;0.00;0
263;industrial_complex;3530.26;11.00;1063.21;0.00;0
263;air_base;3597.40;11.00;1084.26;0.00;0
263;anti_air_building;3560.38;11.00;1070.18;0.00;0
263;bunker;3514.12;11.00;1037.41;0.00;0
263;fuel_silo;3613.49;11.00;1033.03;0.00;0
263;radar_station;3615.99;11.00;1062.73;0.00;0
263;nuclear_reactor_spawn;3570.80;11.00;1043.24;0.00;0
263;rocket_site_spawn;3641.49;11.00;1074.10;0.00;0
263;synthetic_refinery;3590.36;11.00;1058.31;0.00;0
263;supply_node;3545.60;11.00;1038.38;0.00;0
264;arms_factory;3938.28;11.00;973.26;0.00;0
264;industrial_complex;3925.89;11.00;954.23;0.00;0
264;air_base;3945.16;11.00;984.84;0.00;0
264;anti_air_building;3928.79;11.00;996.95;0.00;0
264;bunker;3927.96;11.00;968.47;0.00;0
264;fuel_silo;3922.80;11.00;989.56;0.00;0
264;radar_station;3942.21;11.00;956.55;0.00;0
264;nuclear_reactor_spawn;3912.41;11.00;989.22;0.00;0
264;rocket_site_spawn;3938.98;11.00;991.55;0.00;0
264;synthetic_refinery;3947.83;11.00;991.67;0.00;0
264;supply_node;3932.64;11.00;985.23;0.00;0
264;dockyard;3918.54;11.00;979.03;0.00;0
264;coastal_bunker;3914.80;11.00;964.73;0.00;0
265;arms_factory;2814.38;11.00;945.29;0.00;0
265;industrial_complex;2818.97;11.00;975.81;0.00;0
265;air_base;2784.94;11.00;951.85;0.00;0
265;anti_air_building;2795.06;11.00;937.56;0.00;0
265;bunker;2774.21;11.00;932.07;0.00;0
265;fuel_silo;2787.55;11.00;926.89;0.00;0
265;radar_station;2779.75;11.00;984.41;0.00;0
265;nuclear_reactor_spawn;2750.97;11.00;943.13;0.00;0
265;rocket_site_spawn;2814.08;11.00;964.34;0.00;0
265;synthetic_refinery;2797.20;11.00;964.00;0.00;0
265;supply_node;2805.11;11.00;984.37;0.00;0
265;dockyard;2806.75;11.00;954.85;0.00;0
265;coastal_bunker;2763.90;11.00;942.36;0.00;0
266;arms_factory;3778.07;11.00;935.95;0.00;0
266;industrial_complex;3765.63;11.00;928.53;0.00;0
266;air_base;3764.73;11.00;940.15;0.00;0
266;anti_air_building;3755.09;11.00;974.81;0.00;0
266;bunker;3726.80;11.00;954.34;0.00;0
266;fuel_silo;3760.83;11.00;952.53;0.00;0
266;radar_station;3714.19;11.00;967.89;0.00;0
266;nuclear_reactor_spawn;3745.49;11.00;951.71;0.00;0
266;rocket_site_spawn;3746.57;11.00;963.62;0.00;0
266;synthetic_refinery;3736.74;11.00;974.89;0.00;0
266;supply_node;3758.88;11.00;963.05;0.00;0
267;arms_factory;3846.94;11.00;934.31;0.00;0
267;industrial_complex;3821.65;11.00;913.57;0.00;0
267;air_base;3832.50;11.00;924.52;0.00;0
267;anti_air_building;3791.86;11.00;934.92;0.00;0
267;bunker;3818.55;11.00;940.41;0.00;0
267;fuel_silo;3804.11;11.00;930.66;0.00;0
267;radar_station;3835.86;11.00;935.20;0.00;0
267;nuclear_reactor_spawn;3814.33;11.00;927.62;0.00;0
267;rocket_site_spawn;3792.49;11.00;922.39;0.00;0
267;synthetic_refinery;3802.93;11.00;918.37;0.00;0
267;supply_node;3806.15;11.00;907.47;0.00;0
268;arms_factory;1670.94;11.00;953.61;0.00;0
268;industrial_complex;1622.39;11.00;925.56;0.00;0
268;air_base;1670.34;11.00;996.35;0.00;0
268;anti_air_building;1574.42;11.00;999.25;0.00;0
268;bunker;1610.32;11.00;902.26;0.00;0
268;fuel_silo;1606.14;11.00;1002.25;0.00;0
268;radar_station;1579.32;11.00;986.44;0.00;0
268;nuclear_reactor_spawn;1655.67;11.00;903.26;0.00;0
268;rocket_site_spawn;1605.49;11.00;935.11;0.00;0
268;synthetic_refinery;1641.16;11.00;893.73;0.00;0
268;supply_node;1656.24;11.00;1022.33;0.00;0
268;dockyard;1717.67;11.00;994.84;0.00;0
268;coastal_bunker;1590.71;11.00;907.90;0.00;0
27;arms_factory;1710.92;11.00;1322.77;0.00;0
27;industrial_complex;1638.07;11.00;1294.87;0.00;0
27;air_base;1697.26;11.00;1361.47;0.00;0
27;anti_air_building;1669.56;11.00;1348.15;0.00;0
27;bunker;1672.70;11.00;1295.16;0.00;0
27;fuel_silo;1655.49;11.00;1319.87;0.00;0
27;radar_station;1660.17;11.00;1368.25;0.00;0
27;nuclear_reactor_spawn;1687.28;11.00;1386.30;0.00;0
27;rocket_site_spawn;1678.17;11.00;1383.85;0.00;0
27;synthetic_refinery;1668.37;11.00;1377.46;0.00;0
27;supply_node;1674.92;11.00;1369.15;0.00;0
27;dockyard;1640.12;11.00;1335.33;0.00;0
27;coastal_bunker;1638.07;11.00;1327.43;0.00;0
269;arms_factory;2366.27;11.00;950.62;0.00;0
269;industrial_complex;2339.45;11.00;932.96;0.00;0
269;air_base;2314.82;11.00;952.66;0.00;0
269;anti_air_building;2366.26;11.00;921.99;0.00;0
269;bunker;2278.27;11.00;878.94;0.00;0
269;fuel_silo;2329.73;11.00;902.54;0.00;0
269;radar_station;2357.61;11.00;970.02;0.00;0
269;nuclear_reactor_spawn;2334.10;11.00;968.47;0.00;0
269;rocket_site_spawn;2387.82;11.00;942.75;0.00;0
269;synthetic_refinery;2301.11;11.00;932.99;0.00;0
269;supply_node;2290.18;11.00;905.88;0.00;0
270;arms_factory;3613.68;11.00;983.95;0.00;0
270;industrial_complex;3692.11;11.00;991.72;0.00;0
270;air_base;3691.48;11.00;1024.55;0.00;0
270;anti_air_building;3659.13;11.00;1032.36;0.00;0
270;bunker;3517.28;11.00;952.94;0.00;0
270;fuel_silo;3542.41;11.00;952.94;0.00;0
270;radar_station;3595.69;11.00;915.50;0.00;0
270;nuclear_reactor_spawn;3705.67;11.00;909.94;0.00;0
270;rocket_site_spawn;3564.27;11.00;966.54;0.00;0
270;synthetic_refinery;3614.05;11.00;949.09;0.00;0
270;supply_node;3646.55;11.00;952.85;0.00;0
271;arms_factory;3949.96;11.00;934.70;0.00;0
271;industrial_complex;3930.90;11.00;936.04;0.00;0
271;air_base;3949.96;11.00;934.70;0.00;0
271;anti_air_building;3930.90;11.00;936.04;0.00;0
271;bunker;3949.96;11.00;934.70;0.00;0
271;fuel_silo;3930.90;11.00;936.04;0.00;0
271;radar_station;3949.96;11.00;934.70;0.00;0
271;nuclear_reactor_spawn;3930.90;11.00;936.04;0.00;0
271;rocket_site_spawn;3949.96;11.00;934.70;0.00;0
271;synthetic_refinery;3930.90;11.00;936.04;0.00;0
271;supply_node;3949.96;11.00;934.70;0.00;0
271;dockyard;3930.90;11.00;936.04;0.00;0
271;coastal_bunker;3949.96;11.00;934.70;0.00;0
272;arms_factory;2965.22;11.00;915.71;0.00;0
272;industrial_complex;2998.01;11.00;933.32;0.00;0
272;air_base;3030.23;11.00;919.77;0.00;0
272;anti_air_building;2988.50;11.00;907.09;0.00;0
272;bunker;3077.02;11.00;927.63;0.00;0
272;fuel_silo;3044.97;11.00;898.61;0.00;0
272;radar_station;3050.91;11.00;929.87;0.00;0
272;nuclear_reactor_spawn;2974.18;11.00;937.12;0.00;0
272;rocket_site_spawn;3068.29;11.00;904.32;0.00;0
272;synthetic_refinery;3019.98;11.00;940.51;0.00;0
272;supply_node;3011.60;11.00;906.29;0.00;0
273;arms_factory;3316.97;11.00;933.43;0.00;0
273;industrial_complex;3276.41;11.00;850.97;0.00;0
273;air_base;3293.36;11.00;897.43;0.00;0
273;anti_air_building;3269.41;11.00;875.78;0.00;0
273;bunker;3257.01;11.00;907.84;0.00;0
273;fuel_silo;3334.36;11.00;898.60;0.00;0
273;radar_station;3284.27;11.00;888.51;0.00;0
273;nuclear_reactor_spawn;3255.60;11.00;897.05;0.00;0
273;rocket_site_spawn;3285.96;11.00;871.97;0.00;0
273;synthetic_refinery;3255.83;11.00;869.03;0.00;0
273;supply_node;3262.60;11.00;885.59;0.00;0
274;arms_factory;3913.31;11.00;895.86;0.00;0
274;industrial_complex;3886.17;11.00;872.92;0.00;0
274;air_base;3917.57;11.00;920.86;0.00;0
274;anti_air_building;3868.63;11.00;922.16;0.00;0
274;bunker;3868.39;11.00;886.99;0.00;0
274;fuel_silo;3894.29;11.00;922.64;0.00;0
274;radar_station;3887.46;11.00;897.38;0.00;0
274;nuclear_reactor_spawn;3913.31;11.00;895.86;0.00;0
274;rocket_site_spawn;3886.17;11.00;872.92;0.00;0
274;synthetic_refinery;3917.57;11.00;920.86;0.00;0
274;supply_node;3868.63;11.00;922.16;0.00;0
275;arms_factory;1927.91;11.00;948.72;0.00;0
275;industrial_complex;1855.83;11.00;894.06;0.00;0
275;air_base;1830.13;11.00;893.72;0.00;0
275;anti_air_building;1817.46;11.00;880.12;0.00;0
275;bunker;1896.06;11.00;935.00;0.00;0
275;fuel_silo;1898.28;11.00;915.62;0.00;0
275;radar_station;1910.45;11.00;945.04;0.00;0
275;nuclear_reactor_spawn;1870.72;11.00;925.26;0.00;0
275;rocket_site_spawn;1854.48;11.00;909.93;0.00;0
275;synthetic_refinery;1808.07;11.00;894.26;0.00;0
275;supply_node;1908.27;11.00;930.26;0.00;0
276;arms_factory;3940.32;11.00;853.70;0.00;0
276;industrial_complex;3945.96;11.00;889.22;0.00;0
276;air_base;3972.37;11.00;874.47;0.00;0
276;anti_air_building;3915.82;11.00;871.85;0.00;0
276;bunker;3939.21;11.00;909.71;0.00;0
276;fuel_silo;3952.52;11.00;870.70;0.00;0
276;radar_station;3920.10;11.00;849.57;0.00;0
276;nuclear_reactor_spawn;3940.32;11.00;853.70;0.00;0
276;rocket_site_spawn;3945.96;11.00;889.22;0.00;0
276;synthetic_refinery;3972.37;11.00;874.47;0.00;0
276;supply_node;3915.82;11.00;871.85;0.00;0
276;dockyard;3939.21;11.00;909.71;0.00;0
276;coastal_bunker;3952.52;11.00;870.70;0.00;0
277;arms_factory;3858.02;11.00;821.20;0.00;0
277;industrial_complex;3835.94;11.00;790.84;0.00;0
277;air_base;3897.85;11.00;851.24;0.00;0
277;anti_air_building;3864.23;11.00;847.49;0.00;0
277;bunker;3879.16;11.00;804.13;0.00;0
277;fuel_silo;3842.06;11.00;809.07;0.00;0
277;radar_station;3887.30;11.00;832.96;0.00;0
277;nuclear_reactor_spawn;3820.69;11.00;810.89;0.00;0
277;rocket_site_spawn;3860.95;11.00;790.82;0.00;0
277;synthetic_refinery;3858.02;11.00;821.20;0.00;0
277;supply_node;3835.94;11.00;790.84;0.00;0
278;arms_factory;2683.16;11.00;832.79;0.00;0
278;industrial_complex;2705.32;11.00;891.12;0.00;0
278;air_base;2729.28;11.00;866.71;0.00;0
278;anti_air_building;2750.17;11.00;833.69;0.00;0
278;bunker;2721.26;11.00;879.59;0.00;0
278;fuel_silo;2703.88;11.00;829.44;0.00;0
278;radar_station;2721.56;11.00;822.54;0.00;0
278;nuclear_reactor_spawn;2731.90;11.00;819.24;0.00;0
278;rocket_site_spawn;2727.15;11.00;829.73;0.00;0
278;synthetic_refinery;2737.62;11.00;834.51;0.00;0
278;supply_node;2743.65;11.00;822.24;0.00;0
278;dockyard;2656.18;11.00;891.14;0.00;0
278;coastal_bunker;2679.49;11.00;904.87;0.00;0
28;arms_factory;3540.29;11.00;1331.88;0.00;0
28;industrial_complex;3566.59;11.00;1368.78;0.00;0
28;air_base;3557.78;11.00;1357.62;0.00;0
28;anti_air_building;3486.46;11.00;1343.74;0.00;0
28;bunker;3572.99;11.00;1336.08;0.00;0
28;fuel_silo;3558.99;11.00;1326.98;0.00;0
28;radar_station;3504.14;11.00;1310.81;0.00;0
28;nuclear_reactor_spawn;3513.39;11.00;1362.18;0.00;0
28;rocket_site_spawn;3482.68;11.00;1312.91;0.00;0
28;synthetic_refinery;3549.67;11.00;1346.60;0.00;0
28;supply_node;3493.54;11.00;1329.71;0.00;0
28;dockyard;3498.12;11.00;1293.48;0.00;0
28;coastal_bunker;3544.85;11.00;1365.92;0.00;0
279;arms_factory;3779.31;11.00;885.20;0.00;0
279;industrial_complex;3761.21;11.00;906.88;0.00;0
279;air_base;3783.07;11.00;913.38;0.00;0
279;anti_air_building;3795.34;11.00;908.92;0.00;0
279;bunker;3774.95;11.00;853.94;0.00;0
279;fuel_silo;3761.66;11.00;872.03;0.00;0
279;radar_station;3763.56;11.00;893.80;0.00;0
279;nuclear_reactor_spawn;3785.21;11.00;874.30;0.00;0
279;rocket_site_spawn;3788.34;11.00;891.70;0.00;0
279;synthetic_refinery;3774.08;11.00;902.21;0.00;0
279;supply_node;3782.00;11.00;924.94;0.00;0
280;arms_factory;4000.54;11.00;902.93;0.00;0
280;industrial_complex;3970.51;11.00;892.34;0.00;0
280;air_base;3985.55;11.00;883.20;0.00;0
280;anti_air_building;3964.32;11.00;913.88;0.00;0
280;bunker;3986.72;11.00;907.14;0.00;0
280;fuel_silo;4010.23;11.00;895.89;0.00;0
280;radar_station;3984.72;11.00;897.34;0.00;0
280;nuclear_reactor_spawn;3999.85;11.00;890.85;0.00;0
280;rocket_site_spawn;4000.54;11.00;902.93;0.00;0
280;synthetic_refinery;3970.51;11.00;892.34;0.00;0
280;supply_node;3985.55;11.00;883.20;0.00;0
280;dockyard;3964.32;11.00;913.88;0.00;0
280;coastal_bunker;3986.72;11.00;907.14;0.00;0
281;arms_factory;1760.96;11.00;838.92;0.00;0
281;industrial_complex;1796.23;11.00;842.80;0.00;0
281;air_base;1747.29;11.00;864.41;0.00;0
281;anti_air_building;1781.14;11.00;878.83;0.00;0
281;bunker;1769.44;11.00;866.45;0.00;0
281;fuel_silo;1806.89;11.00;853.56;0.00;0
281;radar_station;1744.05;11.00;847.77;0.00;0
281;nuclear_reactor_spawn;1799.52;11.00;871.49;0.00;0
281;rocket_site_spawn;1758.12;11.00;878.01;0.00;0
281;synthetic_refinery;1785.95;11.00;858.06;0.00;0
281;supply_node;1813.24;11.00;838.01;0.00;0
282;arms_factory;3758.90;11.00;859.17;0.00;0
282;industrial_complex;3728.01;11.00;876.68;0.00;0
282;air_base;3725.00;11.00;909.80;0.00;0
282;anti_air_building;3709.20;11.00;866.35;0.00;0
282;bunker;3716.04;11.00;899.85;0.00;0
282;fuel_silo;3741.40;11.00;880.31;0.00;0
282;radar_station;3731.74;11.00;850.01;0.00;0
282;nuclear_reactor_spawn;3750.67;11.00;841.33;0.00;0
282;rocket_site_spawn;3703.99;11.00;896.04;0.00;0
282;synthetic_refinery;3746.73;11.00;823.92;0.00;0
282;supply_node;3764.02;11.00;844.62;0.00;0
283;arms_factory;3108.95;11.00;883.70;0.00;0
283;industrial_complex;3111.09;11.00;927.98;0.00;0
283;air_base;3091.94;11.00;887.05;0.00;0
283;anti_air_building;3133.55;11.00;911.93;0.00;0
283;bunker;3135.72;11.00;969.63;0.00;0
283;fuel_silo;3110.71;11.00;951.26;0.00;0
283;radar_station;3092.01;11.00;903.89;0.00;0
283;nuclear_reactor_spawn;3081.12;11.00;895.20;0.00;0
283;rocket_site_spawn;3115.18;11.00;899.30;0.00;0
283;synthetic_refinery;3133.75;11.00;943.21;0.00;0
283;supply_node;3103.06;11.00;913.32;0.00;0
284;arms_factory;3011.23;11.00;785.31;0.00;0
284;industrial_complex;3010.26;11.00;853.02;0.00;0
284;air_base;2962.17;11.00;850.43;0.00;0
284;anti_air_building;2968.77;11.00;827.85;0.00;0
284;bunker;2986.97;11.00;785.68;0.00;0
284;fuel_silo;2993.06;11.00;810.94;0.00;0
284;radar_station;2986.67;11.00;847.04;0.00;0
284;nuclear_reactor_spawn;2986.95;11.00;880.23;0.00;0
284;rocket_site_spawn;3018.96;11.00;881.34;0.00;0
284;synthetic_refinery;2989.74;11.00;821.75;0.00;0
284;supply_node;2960.66;11.00;814.03;0.00;0
285;arms_factory;2940.85;11.00;821.57;0.00;0
285;industrial_complex;2939.87;11.00;871.28;0.00;0
285;air_base;2927.99;11.00;841.04;0.00;0
285;anti_air_building;2916.98;11.00;817.39;0.00;0
285;bunker;2914.90;11.00;862.25;0.00;0
285;fuel_silo;2940.85;11.00;821.57;0.00;0
285;radar_station;2939.87;11.00;871.28;0.00;0
285;nuclear_reactor_spawn;2927.99;11.00;841.04;0.00;0
285;rocket_site_spawn;2916.98;11.00;817.39;0.00;0
285;synthetic_refinery;2914.90;11.00;862.25;0.00;0
285;supply_node;2940.85;11.00;821.57;0.00;0
286;arms_factory;2564.04;11.00;872.82;0.00;0
286;industrial_complex;2507.97;11.00;904.25;0.00;0
286;air_base;2541.29;11.00;856.98;0.00;0
286;anti_air_building;2582.24;11.00;887.27;0.00;0
286;bunker;2547.23;11.00;902.01;0.00;0
286;fuel_silo;2469.29;11.00;888.46;0.00;0
286;radar_station;2589.01;11.00;862.50;0.00;0
286;nuclear_reactor_spawn;2454.28;11.00;915.21;0.00;0
286;rocket_site_spawn;2481.67;11.00;919.08;0.00;0
286;synthetic_refinery;2491.19;11.00;873.59;0.00;0
286;supply_node;2439.77;11.00;897.12;0.00;0
287;arms_factory;3845.91;11.00;896.20;0.00;0
287;industrial_complex;3802.67;11.00;842.28;0.00;0
287;air_base;3780.05;11.00;819.20;0.00;0
287;anti_air_building;3828.65;11.00;834.28;0.00;0
287;bunker;3794.40;11.00;860.39;0.00;0
287;fuel_silo;3847.59;11.00;862.75;0.00;0
287;radar_station;3801.03;11.00;884.89;0.00;0
287;nuclear_reactor_spawn;3818.69;11.00;864.24;0.00;0
287;rocket_site_spawn;3803.53;11.00;818.18;0.00;0
287;synthetic_refinery;3820.24;11.00;902.72;0.00;0
287;supply_node;3808.43;11.00;894.50;0.00;0
288;arms_factory;2132.57;11.00;923.10;0.00;0
288;industrial_complex;2170.05;11.00;961.96;0.00;0
288;air_base;2174.65;11.00;924.90;0.00;0
288;anti_air_building;2147.51;11.00;940.29;0.00;0
288;bunker;2152.30;11.00;904.63;0.00;0
288;fuel_silo;2131.62;11.00;944.77;0.00;0
288;radar_station;2201.66;11.00;957.01;0.00;0
288;nuclear_reactor_spawn;2207.21;11.00;928.70;0.00;0
288;rocket_site_spawn;2132.57;11.00;923.10;0.00;0
288;synthetic_refinery;2170.05;11.00;961.96;0.00;0
288;supply_node;2174.65;11.00;924.90;0.00;0
29;arms_factory;1629.32;11.00;1362.62;0.00;0
29;industrial_complex;1629.32;11.00;1362.62;0.00;0
29;air_base;1629.32;11.00;1362.62;0.00;0
29;anti_air_building;1629.32;11.00;1362.62;0.00;0
29;bunker;1629.32;11.00;1362.62;0.00;0
29;fuel_silo;1629.32;11.00;1362.62;0.00;0
29;radar_station;1629.32;11.00;1362.62;0.00;0
29;nuclear_reactor_spawn;1629.32;11.00;1362.62;0.00;0
29;rocket_site_spawn;1629.32;11.00;1362.62;0.00;0
29;synthetic_refinery;1629.32;11.00;1362.62;0.00;0
29;supply_node;1629.32;11.00;1362.62;0.00;0
29;dockyard;1629.32;11.00;1362.62;0.00;0
29;coastal_bunker;1629.32;11.00;1362.62;0.00;0
289;arms_factory;1675.36;11.00;858.71;0.00;0
289;industrial_complex;1670.16;11.00;919.47;0.00;0
289;air_base;1668.97;11.00;873.85;0.00;0
289;anti_air_building;1689.64;11.00;863.03;0.00;0
289;bunker;1683.77;11.00;845.55;0.00;0
289;fuel_silo;1702.47;11.00;900.24;0.00;0
289;radar_station;1710.24;11.00;868.29;0.00;0
289;nuclear_reactor_spawn;1714.75;11.00;851.91;0.00;0
289;rocket_site_spawn;1691.12;11.00;875.86;0.00;0
289;synthetic_refinery;1708.85;11.00;884.26;0.00;0
289;supply_node;1687.68;11.00;913.45;0.00;0
290;arms_factory;2634.36;11.00;821.19;0.00;0
290;industrial_complex;2631.63;11.00;859.94;0.00;0
290;air_base;2657.61;11.00;814.32;0.00;0
290;anti_air_building;2629.73;11.00;883.18;0.00;0
290;bunker;2655.89;11.00;841.56;0.00;0
290;fuel_silo;2636.05;11.00;839.69;0.00;0
290;radar_station;2617.46;11.00;853.57;0.00;0
290;nuclear_reactor_spawn;2669.91;11.00;811.64;0.00;0
290;rocket_site_spawn;2607.16;11.00;877.07;0.00;0
290;synthetic_refinery;2646.49;11.00;867.84;0.00;0
290;supply_node;2658.91;11.00;851.90;0.00;0
291;arms_factory;3025.23;11.00;826.96;0.00;0
291;industrial_complex;3094.48;11.00;813.93;0.00;0
291;air_base;3055.75;11.00;848.26;0.00;0
291;anti_air_building;3047.17;11.00;796.97;0.00;0
291;bunker;3047.83;11.00;832.93;0.00;0
291;fuel_silo;3074.84;11.00;881.51;0.00;0
291;radar_station;3060.12;11.00;876.94;0.00;0
291;nuclear_reactor_spawn;3094.48;11.00;845.79;0.00;0
291;rocket_site_spawn;3034.15;11.00;804.33;0.00;0
291;synthetic_refinery;3091.99;11.00;825.22;0.00;0
291;supply_node;3064.77;11.00;785.02;0.00;0
291;dockyard;3038.86;11.00;863.53;0.00;0
291;coastal_bunker;3073.29;11.00;807.99;0.00;0
292;arms_factory;2851.41;11.00;839.63;0.00;0
292;industrial_complex;2896.60;11.00;837.83;0.00;0
292;air_base;2876.00;11.00;831.65;0.00;0
292;anti_air_building;2890.82;11.00;811.26;0.00;0
292;bunker;2872.68;11.00;861.72;0.00;0
292;fuel_silo;2863.27;11.00;810.38;0.00;0
292;radar_station;2839.66;11.00;822.15;0.00;0
292;nuclear_reactor_spawn;2842.89;11.00;810.73;0.00;0
292;rocket_site_spawn;2833.92;11.00;802.60;0.00;0
292;synthetic_refinery;2845.55;11.00;798.51;0.00;0
292;supply_node;2851.41;11.00;839.63;0.00;0
292;dockyard;2896.60;11.00;837.83;0.00;0
292;coastal_bunker;2876.00;11.00;831.65;0.00;0
293;arms_factory;3441.96;11.00;749.97;0.00;0
293;industrial_complex;3414.83;11.00;747.99;0.00;0
293;air_base;3451.39;11.00;777.36;0.00;0
293;anti_air_building;3405.90;11.00;713.97;0.00;0
293;bunker;3389.72;11.00;738.96;0.00;0
293;fuel_silo;3465.92;11.00;797.50;0.00;0
293;radar_station;3415.44;11.00;724.14;0.00;0
293;nuclear_reactor_spawn;3461.24;11.00;741.76;0.00;0
293;rocket_site_spawn;3382.58;11.00;761.59;0.00;0
293;synthetic_refinery;3451.99;11.00;729.79;0.00;0
293;supply_node;3432.69;11.00;729.54;0.00;0
294;arms_factory;3168.81;11.00;791.69;0.00;0
294;industrial_complex;3116.63;11.00;772.40;0.00;0
294;air_base;3138.37;11.00;791.90;0.00;0
294;anti_air_building;3137.97;11.00;761.91;0.00;0
294;bunker;3126.05;11.00;801.17;0.00;0
294;fuel_silo;3118.66;11.00;787.02;0.00;0
294;radar_station;3197.65;11.00;833.45;0.00;0
294;nuclear_reactor_spawn;3147.08;11.00;805.91;0.00;0
294;rocket_site_spawn;3183.52;11.00;826.08;0.00;0
294;synthetic_refinery;3167.16;11.00;814.83;0.00;0
294;supply_node;3125.88;11.00;827.63;0.00;0
294;dockyard;3213.11;11.00;873.10;0.00;0
294;coastal_bunker;3184.47;11.00;854.88;0.00;0
295;arms_factory;1853.73;11.00;876.56;0.00;0
295;industrial_complex;1879.18;11.00;898.35;0.00;0
295;air_base;1950.05;11.00;948.13;0.00;0
295;anti_air_building;1922.90;11.00;918.01;0.00;0
295;bunker;1888.55;11.00;865.20;0.00;0
295;fuel_silo;1861.23;11.00;850.18;0.00;0
295;radar_station;1830.88;11.00;857.20;0.00;0
295;nuclear_reactor_spawn;1907.83;11.00;876.48;0.00;0
295;rocket_site_spawn;1901.31;11.00;888.12;0.00;0
295;synthetic_refinery;1901.67;11.00;862.72;0.00;0
295;supply_node;1923.49;11.00;876.76;0.00;0
296;arms_factory;3983.46;11.00;853.52;0.00;0
296;industrial_complex;4001.77;11.00;836.58;0.00;0
296;air_base;3964.67;11.00;858.87;0.00;0
296;anti_air_building;3984.37;11.00;837.28;0.00;0
296;bunker;3991.69;11.00;863.12;0.00;0
296;fuel_silo;3999.59;11.00;855.16;0.00;0
296;radar_station;3981.16;11.00;867.33;0.00;0
296;nuclear_reactor_spawn;3973.20;11.00;852.05;0.00;0
296;rocket_site_spawn;4008.02;11.00;848.16;0.00;0
296;synthetic_refinery;3993.48;11.00;848.39;0.00;0
296;supply_node;3955.60;11.00;848.73;0.00;0
296;dockyard;3970.25;11.00;842.49;0.00;0
296;coastal_bunker;3983.46;11.00;853.52;0.00;0
297;arms_factory;1833.08;11.00;800.90;0.00;0
297;industrial_complex;1795.14;11.00;787.77;0.00;0
297;air_base;1776.10;11.00;828.14;0.00;0
297;anti_air_building;1767.45;11.00;815.34;0.00;0
297;bunker;1773.76;11.00;786.51;0.00;0
297;fuel_silo;1831.50;11.00;825.08;0.00;0
297;radar_station;1810.06;11.00;774.89;0.00;0
297;nuclear_reactor_spawn;1800.21;11.00;814.26;0.00;0
297;rocket_site_spawn;1811.94;11.00;796.70;0.00;0
297;synthetic_refinery;1802.21;11.00;760.34;0.00;0
297;supply_node;1787.64;11.00;801.21;0.00;0
297;dockyard;1791.73;11.00;829.78;0.00;0
297;coastal_bunker;1811.65;11.00;825.07;0.00;0
298;arms_factory;3646.48;11.00;811.16;0.00;0
298;industrial_complex;3681.70;11.00;871.00;0.00;0
298;air_base;3679.44;11.00;845.63;0.00;0
298;anti_air_building;3685.96;11.00;782.83;0.00;0
298;bunker;3640.17;11.00;880.77;0.00;0
298;fuel_silo;3666.80;11.00;875.16;0.00;0
298;radar_station;3710.65;11.00;842.30;0.00;0
298;nuclear_reactor_spawn;3719.54;11.00;834.54;0.00;0
298;rocket_site_spawn;3697.54;11.00;875.77;0.00;0
298;synthetic_refinery;3695.32;11.00;861.42;0.00;0
298;supply_node;3679.30;11.00;812.24;0.00;0
3;arms_factory;2423.56;11.00;660.40;0.00;0
3;industrial_complex;2398.87;11.00;671.43;0.00;0
3;air_base;2383.46;11.00;695.69;0.00;0
3;anti_air_building;2382.17;11.00;636.51;0.00;0
3;bunker;2372.70;11.00;663.82;0.00;0
3;fuel_silo;2407.91;11.00;697.05;0.00;0
3;radar_station;2401.26;11.00;647.43;0.00;0
3;nuclear_reactor_spawn;2423.56;11.00;660.40;0.00;0
3;rocket_site_spawn;2398.87;11.00;671.43;0.00;0
3;synthetic_refinery;2383.46;11.00;695.69;0.00;0
3;supply_node;2382.17;11.00;636.51;0.00;0
30;arms_factory;2276.65;11.00;707.18;0.00;0
30;industrial_complex;2323.11;11.00;740.09;0.00;0
30;air_base;2269.46;11.00;750.60;0.00;0
30;anti_air_building;2354.61;11.00;740.76;0.00;0
30;bunker;2297.16;11.00;685.34;0.00;0
30;fuel_silo;2282.11;11.00;730.99;0.00;0
30;radar_station;2337.80;11.00;769.22;0.00;0
30;nuclear_reactor_spawn;2365.56;11.00;763.70;0.00;0
30;rocket_site_spawn;2307.62;11.00;757.35;0.00;0
30;synthetic_refinery;2302.93;11.00;726.64;0.00;0
30;supply_node;2340.34;11.00;723.64;0.00;0
299;arms_factory;2127.60;11.00;777.23;0.00;0
299;industrial_complex;2113.46;11.00;801.92;0.00;0
299;air_base;2137.68;11.00;825.28;0.00;0
299;anti_air_building;2123.51;11.00;841.36;0.00;0
299;bunker;2139.66;11.00;799.04;0.00;0
299;fuel_silo;2127.60;11.00;777.23;0.00;0
299;radar_station;2113.46;11.00;801.92;0.00;0
299;nuclear_reactor_spawn;2137.68;11.00;825.28;0.00;0
299;rocket_site_spawn;2123.51;11.00;841.36;0.00;0
299;synthetic_refinery;2139.66;11.00;799.04;0.00;0
299;supply_node;2127.60;11.00;777.23;0.00;0
300;arms_factory;1629.74;11.00;813.68;0.00;0
300;industrial_complex;1645.07;11.00;875.90;0.00;0
300;air_base;1639.46;11.00;827.14;0.00;0
300;anti_air_building;1627.50;11.00;830.08;0.00;0
300;bunker;1657.47;11.00;827.92;0.00;0
300;fuel_silo;1671.75;11.00;833.07;0.00;0
300;radar_station;1656.38;11.00;862.95;0.00;0
300;nuclear_reactor_spawn;1636.55;11.00;844.59;0.00;0
300;rocket_site_spawn;1630.89;11.00;866.10;0.00;0
300;synthetic_refinery;1642.18;11.00;859.47;0.00;0
300;supply_node;1623.14;11.00;855.40;0.00;0
300;dockyard;1664.53;11.00;848.39;0.00;0
300;coastal_bunker;1651.01;11.00;842.57;0.00;0
301;arms_factory;2235.35;11.00;791.93;0.00;0
301;industrial_complex;2180.59;11.00;819.78;0.00;0
301;air_base;2189.52;11.00;779.50;0.00;0
301;anti_air_building;2208.77;11.00;794.86;0.00;0
301;bunker;2162.83;11.00;785.48;0.00;0
301;fuel_silo;2218.01;11.00;767.53;0.00;0
301;radar_station;2244.08;11.00;770.35;0.00;0
301;nuclear_reactor_spawn;2235.35;11.00;791.93;0.00;0
301;rocket_site_spawn;2180.59;11.00;819.78;0.00;0
301;synthetic_refinery;2189.52;11.00;779.50;0.00;0
301;supply_node;2208.77;11.00;794.86;0.00;0
302;arms_factory;1864.34;11.00;812.31;0.00;0
302;industrial_complex;1860.99;11.00;826.77;0.00;0
302;air_base;1890.73;11.00;811.73;0.00;0
302;anti_air_building;1882.47;11.00;835.26;0.00;0
302;bunker;1861.28;11.00;798.74;0.00;0
302;fuel_silo;1905.55;11.00;836.60;0.00;0
302;radar_station;1923.91;11.00;854.71;0.00;0
302;nuclear_reactor_spawn;1888.06;11.00;849.01;0.00;0
302;rocket_site_spawn;1874.53;11.00;801.43;0.00;0
302;synthetic_refinery;1872.68;11.00;844.44;0.00;0
302;supply_node;1856.70;11.00;787.44;0.00;0
302;dockyard;1851.58;11.00;818.62;0.00;0
302;coastal_bunker;1912.80;11.00;849.62;0.00;0
303;arms_factory;1727.45;11.00;838.73;0.00;0
303;industrial_complex;1712.90;11.00;773.70;0.00;0
303;air_base;1731.09;11.00;793.66;0.00;0
303;anti_air_building;1700.06;11.00;781.66;0.00;0
303;bunker;1719.31;11.00;803.78;0.00;0
303;fuel_silo;1743.96;11.00;832.25;0.00;0
303;radar_station;1703.34;11.00;812.55;0.00;0
303;nuclear_reactor_spawn;1700.43;11.00;829.81;0.00;0
303;rocket_site_spawn;1730.68;11.00;820.26;0.00;0
303;synthetic_refinery;1743.31;11.00;806.17;0.00;0
303;supply_node;1753.49;11.00;820.79;0.00;0
304;arms_factory;1665.58;11.00;766.22;0.00;0
304;industrial_complex;1649.16;11.00;773.95;0.00;0
304;air_base;1684.04;11.00;789.71;0.00;0
304;anti_air_building;1673.35;11.00;810.08;0.00;0
304;bunker;1656.42;11.00;797.60;0.00;0
304;fuel_silo;1638.75;11.00;781.73;0.00;0
304;radar_station;1680.65;11.00;775.37;0.00;0
304;nuclear_reactor_spawn;1689.85;11.00;817.95;0.00;0
304;rocket_site_spawn;1687.14;11.00;804.09;0.00;0
304;synthetic_refinery;1669.04;11.00;798.42;0.00;0
304;supply_node;1662.48;11.00;783.92;0.00;0
304;dockyard;1678.99;11.00;759.84;0.00;0
304;coastal_bunker;1673.73;11.00;818.27;0.00;0
305;arms_factory;1906.32;11.00;824.28;0.00;0
305;industrial_complex;1920.07;11.00;792.26;0.00;0
305;air_base;1909.41;11.00;791.66;0.00;0
305;anti_air_building;1904.32;11.00;812.17;0.00;0
305;bunker;1916.22;11.00;809.28;0.00;0
305;fuel_silo;1906.95;11.00;803.94;0.00;0
305;radar_station;1921.89;11.00;800.99;0.00;0
305;nuclear_reactor_spawn;1906.32;11.00;824.28;0.00;0
305;rocket_site_spawn;1920.07;11.00;792.26;0.00;0
305;synthetic_refinery;1909.41;11.00;791.66;0.00;0
305;supply_node;1904.32;11.00;812.17;0.00;0
305;dockyard;1916.22;11.00;809.28;0.00;0
305;coastal_bunker;1906.95;11.00;803.94;0.00;0
306;arms_factory;1951.98;11.00;792.18;0.00;0
306;industrial_complex;1954.35;11.00;821.52;0.00;0
306;air_base;1968.10;11.00;819.30;0.00;0
306;anti_air_building;1939.95;11.00;830.60;0.00;0
306;bunker;1950.09;11.00;805.88;0.00;0
306;fuel_silo;1961.73;11.00;784.02;0.00;0
306;radar_station;1937.89;11.00;807.83;0.00;0
306;nuclear_reactor_spawn;1933.21;11.00;843.52;0.00;0
306;rocket_site_spawn;1940.66;11.00;841.08;0.00;0
306;synthetic_refinery;1951.05;11.00;837.58;0.00;0
306;supply_node;1960.17;11.00;831.20;0.00;0
306;dockyard;1938.13;11.00;819.63;0.00;0
306;coastal_bunker;1960.13;11.00;811.40;0.00;0
307;arms_factory;1580.92;11.00;815.66;0.00;0
307;industrial_complex;1582.02;11.00;842.62;0.00;0
307;air_base;1587.97;11.00;827.07;0.00;0
307;anti_air_building;1611.82;11.00;862.96;0.00;0
307;bunker;1584.11;11.00;790.88;0.00;0
307;fuel_silo;1576.49;11.00;887.66;0.00;0
307;radar_station;1549.09;11.00;790.24;0.00;0
307;nuclear_reactor_spawn;1590.22;11.00;801.39;0.00;0
307;rocket_site_spawn;1562.86;11.00;789.94;0.00;0
307;synthetic_refinery;1609.27;11.00;846.18;0.00;0
307;supply_node;1607.32;11.00;819.36;0.00;0
307;dockyard;1594.87;11.00;893.11;0.00;0
307;coastal_bunker;1598.38;11.00;806.99;0.00;0
308;arms_factory;4042.82;11.00;804.17;0.00;0
308;industrial_complex;4054.22;11.00;771.07;0.00;0
308;air_base;4052.91;11.00;830.84;0.00;0
308;anti_air_building;4037.68;11.00;827.36;0.00;0
308;bunker;4018.64;11.00;775.63;0.00;0
308;fuel_silo;4065.46;11.00;774.51;0.00;0
308;radar_station;4039.40;11.00;783.48;0.00;0
308;nuclear_reactor_spawn;4044.90;11.00;842.50;0.00;0
308;rocket_site_spawn;4024.95;11.00;795.24;0.00;0
308;synthetic_refinery;4019.94;11.00;846.08;0.00;0
308;supply_node;4029.85;11.00;842.56;0.00;0
308;dockyard;4017.44;11.00;836.97;0.00;0
308;coastal_bunker;4010.55;11.00;823.82;0.00;0
31;arms_factory;3801.93;11.00;1341.50;0.00;0
31;industrial_complex;3801.93;11.00;1341.50;0.00;0
31;air_base;3801.93;11.00;1341.50;0.00;0
31;anti_air_building;3801.93;11.00;1341.50;0.00;0
31;bunker;3801.93;11.00;1341.50;0.00;0
31;fuel_silo;3801.93;11.00;1341.50;0.00;0
31;radar_station;3801.93;11.00;1341.50;0.00;0
31;nuclear_reactor_spawn;3801.93;11.00;1341.50;0.00;0
31;rocket_site_spawn;3801.93;11.00;1341.50;0.00;0
31;synthetic_refinery;3801.93;11.00;1341.50;0.00;0
31;supply_node;3801.93;11.00;1341.50;0.00;0
31;dockyard;3801.93;11.00;1341.50;0.00;0
31;coastal_bunker;3801.93;11.00;1341.50;0.00;0
309;arms_factory;2916.52;11.00;752.72;0.00;0
309;industrial_complex;2963.15;11.00;712.97;0.00;0
309;air_base;2943.00;11.00;730.17;0.00;0
309;anti_air_building;2995.05;11.00;761.26;0.00;0
309;bunker;2943.66;11.00;768.46;0.00;0
309;fuel_silo;2924.69;11.00;788.50;0.00;0
309;radar_station;2991.79;11.00;701.20;0.00;0
309;nuclear_reactor_spawn;2963.38;11.00;745.82;0.00;0
309;rocket_site_spawn;2986.30;11.00;730.00;0.00;0
309;synthetic_refinery;2890.73;11.00;759.96;0.00;0
309;supply_node;2970.94;11.00;766.14;0.00;0
309;dockyard;3006.30;11.00;710.84;0.00;0
309;coastal_bunker;2890.66;11.00;785.29;0.00;0
310;arms_factory;1969.25;11.00;798.79;0.00;0
310;industrial_complex;1990.94;11.00;807.44;0.00;0
310;air_base;2011.28;11.00;820.25;0.00;0
310;anti_air_building;1981.47;11.00;819.85;0.00;0
310;bunker;1975.68;11.00;810.30;0.00;0
310;fuel_silo;1980.28;11.00;801.36;0.00;0
310;radar_station;1996.62;11.00;795.99;0.00;0
310;nuclear_reactor_spawn;2013.57;11.00;798.71;0.00;0
310;rocket_site_spawn;1977.81;11.00;791.69;0.00;0
310;synthetic_refinery;2023.65;11.00;797.02;0.00;0
310;supply_node;2006.62;11.00;786.11;0.00;0
311;arms_factory;4000.18;11.00;803.64;0.00;0
311;industrial_complex;3922.49;11.00;826.53;0.00;0
311;air_base;3959.98;11.00;835.01;0.00;0
311;anti_air_building;3907.49;11.00;803.21;0.00;0
311;bunker;3983.82;11.00;820.67;0.00;0
311;fuel_silo;3984.47;11.00;803.01;0.00;0
311;radar_station;3958.82;11.00;810.24;0.00;0
311;nuclear_reactor_spawn;3957.68;11.00;822.67;0.00;0
311;rocket_site_spawn;3962.96;11.00;784.50;0.00;0
311;synthetic_refinery;3944.90;11.00;813.55;0.00;0
311;supply_node;3945.88;11.00;836.10;0.00;0
311;dockyard;3971.76;11.00;831.07;0.00;0
311;coastal_bunker;3994.89;11.00;822.59;0.00;0
312;arms_factory;2059.75;11.00;752.90;0.00;0
312;industrial_complex;2048.62;11.00;813.79;0.00;0
312;air_base;2092.34;11.00;788.63;0.00;0
312;anti_air_building;2060.11;11.00;834.59;0.00;0
312;bunker;2043.30;11.00;779.64;0.00;0
312;fuel_silo;2067.42;11.00;790.26;0.00;0
312;radar_station;2051.42;11.00;765.03;0.00;0
312;nuclear_reactor_spawn;2087.21;11.00;802.60;0.00;0
312;rocket_site_spawn;2066.49;11.00;744.42;0.00;0
312;synthetic_refinery;2058.67;11.00;775.82;0.00;0
312;supply_node;2030.02;11.00;758.11;0.00;0
313;arms_factory;2928.52;11.00;706.22;0.00;0
313;industrial_complex;2980.25;11.00;666.49;0.00;0
313;air_base;3009.44;11.00;631.69;0.00;0
313;anti_air_building;2987.20;11.00;614.57;0.00;0
313;bunker;2927.83;11.00;629.51;0.00;0
313;fuel_silo;2914.81;11.00;672.47;0.00;0
313;radar_station;2958.53;11.00;599.39;0.00;0
313;nuclear_reactor_spawn;2923.65;11.00;643.31;0.00;0
313;rocket_site_spawn;3006.71;11.00;654.28;0.00;0
313;synthetic_refinery;2912.54;11.00;723.21;0.00;0
313;supply_node;2953.06;11.00;664.05;0.00;0
314;arms_factory;2300.59;11.00;855.18;0.00;0
314;industrial_complex;2335.44;11.00;798.89;0.00;0
314;air_base;2329.06;11.00;836.79;0.00;0
314;anti_air_building;2304.69;11.00;780.83;0.00;0
314;bunker;2292.74;11.00;829.81;0.00;0
314;fuel_silo;2394.27;11.00;808.22;0.00;0
314;radar_station;2374.22;11.00;818.49;0.00;0
314;nuclear_reactor_spawn;2376.91;11.00;804.28;0.00;0
314;rocket_site_spawn;2285.50;11.00;803.03;0.00;0
314;synthetic_refinery;2362.48;11.00;788.13;0.00;0
314;supply_node;2313.58;11.00;808.22;0.00;0
315;arms_factory;2636.18;11.00;803.62;0.00;0
315;industrial_complex;2550.03;11.00;820.48;0.00;0
315;air_base;2574.45;11.00;823.35;0.00;0
315;anti_air_building;2617.68;11.00;814.83;0.00;0
315;bunker;2610.82;11.00;787.70;0.00;0
315;fuel_silo;2568.02;11.00;791.36;0.00;0
315;radar_station;2596.23;11.00;813.41;0.00;0
315;nuclear_reactor_spawn;2547.78;11.00;806.85;0.00;0
315;rocket_site_spawn;2630.11;11.00;791.64;0.00;0
315;synthetic_refinery;2593.08;11.00;786.55;0.00;0
315;supply_node;2558.24;11.00;807.54;0.00;0
316;arms_factory;1744.60;11.00;787.65;0.00;0
316;industrial_complex;1730.62;11.00;777.11;0.00;0
316;air_base;1766.02;11.00;771.20;0.00;0
316;anti_air_building;1772.02;11.00;755.19;0.00;0
316;bunker;1752.39;11.00;754.01;0.00;0
316;fuel_silo;1764.19;11.00;742.17;0.00;0
316;radar_station;1739.23;11.00;762.78;0.00;0
316;nuclear_reactor_spawn;1758.10;11.00;802.19;0.00;0
316;rocket_site_spawn;1759.11;11.00;788.54;0.00;0
316;synthetic_refinery;1751.57;11.00;773.87;0.00;0
316;supply_node;1779.43;11.00;744.18;0.00;0
316;dockyard;1744.60;11.00;787.65;0.00;0
316;coastal_bunker;1730.62;11.00;777.11;0.00;0
317;arms_factory;2701.67;11.00;806.38;0.00;0
317;industrial_complex;2729.50;11.00;806.97;0.00;0
317;air_base;2720.76;11.00;777.58;0.00;0
317;anti_air_building;2692.31;11.00;783.95;0.00;0
317;bunker;2726.87;11.00;756.51;0.00;0
317;fuel_silo;2705.12;11.00;766.72;0.00;0
317;radar_station;2706.01;11.00;752.97;0.00;0
317;nuclear_reactor_spawn;2715.18;11.00;792.49;0.00;0
317;rocket_site_spawn;2690.19;11.00;796.37;0.00;0
317;synthetic_refinery;2705.96;11.00;787.53;0.00;0
317;supply_node;2714.58;11.00;744.07;0.00;0
317;dockyard;2698.54;11.00;819.06;0.00;0
317;coastal_bunker;2712.89;11.00;814.07;0.00;0
318;arms_factory;1984.91;11.00;757.66;0.00;0
318;industrial_complex;2020.93;11.00;769.13;0.00;0
318;air_base;1965.47;11.00;739.86;0.00;0
318;anti_air_building;1996.72;11.00;781.68;0.00;0
318;bunker;2004.33;11.00;741.67;0.00;0
318;fuel_silo;1947.69;11.00;767.52;0.00;0
318;radar_station;1986.04;11.00;783.95;0.00;0
318;nuclear_reactor_spawn;1997.02;11.00;751.72;0.00;0
318;rocket_site_spawn;2019.04;11.00;752.08;0.00;0
318;synthetic_refinery;1943.70;11.00;751.49;0.00;0
318;supply_node;1981.83;11.00;733.36;0.00;0
318;dockyard;1969.87;11.00;751.29;0.00;0
318;coastal_bunker;1959.84;11.00;761.18;0.00;0
32;arms_factory;2716.33;11.00;1280.95;0.00;0
32;industrial_complex;2692.54;11.00;1307.30;0.00;0
32;air_base;2738.53;11.00;1279.07;0.00;0
32;anti_air_building;2723.75;11.00;1289.62;0.00;0
32;bunker;2703.26;11.00;1279.91;0.00;0
32;fuel_silo;2693.90;11.00;1272.92;0.00;0
32;radar_station;2683.68;11.00;1317.12;0.00;0
32;nuclear_reactor_spawn;2748.23;11.00;1303.75;0.00;0
32;rocket_site_spawn;2748.89;11.00;1288.46;0.00;0
32;synthetic_refinery;2733.42;11.00;1296.02;0.00;0
32;supply_node;2687.01;11.00;1330.21;0.00;0
32;dockyard;2737.01;11.00;1317.86;0.00;0
32;coastal_bunker;2688.55;11.00;1321.17;0.00;0
319;arms_factory;2445.57;11.00;759.55;0.00;0
319;industrial_complex;2403.34;11.00;722.37;0.00;0
319;air_base;2388.77;11.00;783.83;0.00;0
319;anti_air_building;2414.19;11.00;771.35;0.00;0
319;bunker;2391.31;11.00;759.24;0.00;0
319;fuel_silo;2443.39;11.00;713.50;0.00;0
319;radar_station;2408.76;11.00;799.48;0.00;0
319;nuclear_reactor_spawn;2382.88;11.00;738.14;0.00;0
319;rocket_site_spawn;2417.82;11.00;746.42;0.00;0
319;synthetic_refinery;2438.41;11.00;726.19;0.00;0
319;supply_node;2425.55;11.00;793.65;0.00;0
320;arms_factory;2257.08;11.00;630.17;0.00;0
320;industrial_complex;2209.62;11.00;691.68;0.00;0
320;air_base;2254.43;11.00;693.06;0.00;0
320;anti_air_building;2236.33;11.00;653.25;0.00;0
320;bunker;2213.89;11.00;662.91;0.00;0
320;fuel_silo;2221.20;11.00;622.39;0.00;0
320;radar_station;2232.21;11.00;741.42;0.00;0
320;nuclear_reactor_spawn;2256.11;11.00;731.24;0.00;0
320;rocket_site_spawn;2202.93;11.00;720.43;0.00;0
320;synthetic_refinery;2238.50;11.00;715.11;0.00;0
320;supply_node;2227.95;11.00;679.01;0.00;0
321;arms_factory;2605.65;11.00;748.20;0.00;0
321;industrial_complex;2562.72;11.00;767.88;0.00;0
321;air_base;2625.21;11.00;763.42;0.00;0
321;anti_air_building;2585.91;11.00;738.68;0.00;0
321;bunker;2575.13;11.00;777.90;0.00;0
321;fuel_silo;2584.73;11.00;759.89;0.00;0
321;radar_station;2557.42;11.00;782.01;0.00;0
321;nuclear_reactor_spawn;2612.32;11.00;769.33;0.00;0
321;rocket_site_spawn;2605.65;11.00;748.20;0.00;0
321;synthetic_refinery;2562.72;11.00;767.88;0.00;0
321;supply_node;2625.21;11.00;763.42;0.00;0
322;arms_factory;1603.19;11.00;749.60;0.00;0
322;industrial_complex;1608.31;11.00;762.90;0.00;0
322;air_base;1620.96;11.00;755.11;0.00;0
322;anti_air_building;1627.69;11.00;768.78;0.00;0
322;bunker;1591.70;11.00;722.36;0.00;0
322;fuel_silo;1598.29;11.00;735.07;0.00;0
322;radar_station;1614.02;11.00;745.36;0.00;0
322;nuclear_reactor_spawn;1615.38;11.00;773.29;0.00;0
322;rocket_site_spawn;1602.30;11.00;769.74;0.00;0
322;synthetic_refinery;1596.67;11.00;761.25;0.00;0
322;supply_node;1594.01;11.00;751.22;0.00;0
322;dockyard;1586.48;11.00;712.64;0.00;0
322;coastal_bunker;1603.19;11.00;749.60;0.00;0
323;arms_factory;3934.25;11.00;780.38;0.00;0
323;industrial_complex;3878.62;11.00;738.38;0.00;0
323;air_base;3860.52;11.00;768.04;0.00;0
323;anti_air_building;3921.00;11.00;742.84;0.00;0
323;bunker;3952.30;11.00;762.34;0.00;0
323;fuel_silo;3903.33;11.00;734.78;0.00;0
323;radar_station;3866.84;11.00;716.20;0.00;0
323;nuclear_reactor_spawn;3934.24;11.00;757.17;0.00;0
323;rocket_site_spawn;3933.56;11.00;724.03;0.00;0
323;synthetic_refinery;3897.94;11.00;770.02;0.00;0
323;supply_node;3891.87;11.00;783.17;0.00;0
323;dockyard;3909.19;11.00;762.90;0.00;0
323;coastal_bunker;3882.69;11.00;759.64;0.00;0
324;arms_factory;3284.73;11.00;817.29;0.00;0
324;industrial_complex;3326.45;11.00;758.73;0.00;0
324;air_base;3340.76;11.00;806.32;0.00;0
324;anti_air_building;3305.30;11.00;764.32;0.00;0
324;bunker;3325.59;11.00;842.54;0.00;0
324;fuel_silo;3304.34;11.00;750.25;0.00;0
324;radar_station;3262.73;11.00;789.69;0.00;0
324;nuclear_reactor_spawn;3258.48;11.00;765.43;0.00;0
324;rocket_site_spawn;3302.60;11.00;791.46;0.00;0
324;synthetic_refinery;3267.49;11.00;742.33;0.00;0
324;supply_node;3293.46;11.00;772.78;0.00;0
325;arms_factory;2840.14;11.00;704.03;0.00;0
325;industrial_complex;2843.99;11.00;755.31;0.00;0
325;air_base;2788.83;11.00;687.37;0.00;0
325;anti_air_building;2805.95;11.00;698.78;0.00;0
325;bunker;2847.29;11.00;731.93;0.00;0
325;fuel_silo;2864.69;11.00;781.81;0.00;0
325;radar_station;2832.18;11.00;724.59;0.00;0
325;nuclear_reactor_spawn;2840.24;11.00;788.19;0.00;0
325;rocket_site_spawn;2867.15;11.00;755.23;0.00;0
325;synthetic_refinery;2790.03;11.00;708.73;0.00;0
325;supply_node;2844.28;11.00;778.14;0.00;0
325;dockyard;2833.83;11.00;774.15;0.00;0
325;coastal_bunker;2847.40;11.00;767.12;0.00;0
326;arms_factory;3704.38;11.00;761.81;0.00;0
326;industrial_complex;3756.46;11.00;765.56;0.00;0
326;air_base;3730.95;11.00;803.36;0.00;0
326;anti_air_building;3778.40;11.00;791.75;0.00;0
326;bunker;3730.99;11.00;734.07;0.00;0
326;fuel_silo;3742.43;11.00;705.10;0.00;0
326;radar_station;3754.96;11.00;792.61;0.00;0
326;nuclear_reactor_spawn;3728.35;11.00;780.72;0.00;0
326;rocket_site_spawn;3729.05;11.00;757.72;0.00;0
326;synthetic_refinery;3754.18;11.00;731.16;0.00;0
326;supply_node;3704.38;11.00;761.81;0.00;0
327;arms_factory;2671.68;11.00;796.73;0.00;0
327;industrial_complex;2672.40;11.00;779.34;0.00;0
327;air_base;2701.31;11.00;719.27;0.00;0
327;anti_air_building;2637.52;11.00;737.99;0.00;0
327;bunker;2694.27;11.00;743.27;0.00;0
327;fuel_silo;2651.73;11.00;750.69;0.00;0
327;radar_station;2677.23;11.00;742.12;0.00;0
327;nuclear_reactor_spawn;2655.17;11.00;797.30;0.00;0
327;rocket_site_spawn;2690.35;11.00;764.92;0.00;0
327;synthetic_refinery;2660.91;11.00;769.89;0.00;0
327;supply_node;2661.72;11.00;719.38;0.00;0
327;dockyard;2692.96;11.00;702.57;0.00;0
327;coastal_bunker;2658.63;11.00;784.29;0.00;0
328;arms_factory;1698.38;11.00;716.31;0.00;0
328;industrial_complex;1709.87;11.00;743.33;0.00;0
328;air_base;1683.68;11.00;721.47;0.00;0
328;anti_air_building;1714.08;11.00;724.76;0.00;0
328;bunker;1742.24;11.00;720.56;0.00;0
328;fuel_silo;1693.84;11.00;761.86;0.00;0
328;radar_station;1734.47;11.00;740.57;0.00;0
328;nuclear_reactor_spawn;1682.37;11.00;746.14;0.00;0
328;rocket_site_spawn;1731.70;11.00;727.58;0.00;0
328;synthetic_refinery;1708.41;11.00;759.64;0.00;0
328;supply_node;1748.92;11.00;735.27;0.00;0
328;dockyard;1736.59;11.00;694.99;0.00;0
328;coastal_bunker;1722.37;11.00;709.30;0.00;0
33;arms_factory;2593.25;11.00;1311.99;0.00;0
33;industrial_complex;2594.67;11.00;1319.76;0.00;0
33;air_base;2586.87;11.00;1322.76;0.00;0
33;anti_air_building;2593.25;11.00;1311.99;0.00;0
33;bunker;2594.67;11.00;1319.76;0.00;0
33;fuel_silo;2586.87;11.00;1322.76;0.00;0
33;radar_station;2593.25;11.00;1311.99;0.00;0
33;nuclear_reactor_spawn;2594.67;11.00;1319.76;0.00;0
33;rocket_site_spawn;2586.87;11.00;1322.76;0.00;0
33;synthetic_refinery;2593.25;11.00;1311.99;0.00;0
33;supply_node;2594.67;11.00;1319.76;0.00;0
33;dockyard;2586.87;11.00;1322.76;0.00;0
33;coastal_bunker;2593.25;11.00;1311.99;0.00;0
329;arms_factory;2564.86;11.00;748.08;0.00;0
329;industrial_complex;2543.52;11.00;777.61;0.00;0
329;air_base;2534.65;11.00;742.41;0.00;0
329;anti_air_building;2536.26;11.00;764.60;0.00;0
329;bunker;2524.31;11.00;782.83;0.00;0
329;fuel_silo;2550.55;11.00;726.09;0.00;0
329;radar_station;2551.82;11.00;741.86;0.00;0
329;nuclear_reactor_spawn;2551.82;11.00;792.18;0.00;0
329;rocket_site_spawn;2524.33;11.00;736.60;0.00;0
329;synthetic_refinery;2570.96;11.00;727.90;0.00;0
329;supply_node;2531.52;11.00;796.59;0.00;0
330;arms_factory;3783.36;11.00;651.50;0.00;0
330;industrial_complex;3808.55;11.00;746.04;0.00;0
330;air_base;3834.23;11.00;736.39;0.00;0
330;anti_air_building;3794.85;11.00;694.05;0.00;0
330;bunker;3776.51;11.00;745.73;0.00;0
330;fuel_silo;3857.04;11.00;684.13;0.00;0
330;radar_station;3793.49;11.00;771.31;0.00;0
330;nuclear_reactor_spawn;3788.82;11.00;619.91;0.00;0
330;rocket_site_spawn;3822.14;11.00;649.56;0.00;0
330;synthetic_refinery;3830.08;11.00;698.52;0.00;0
330;supply_node;3807.43;11.00;792.83;0.00;0
331;arms_factory;2102.98;11.00;751.65;0.00;0
331;industrial_complex;2087.75;11.00;733.95;0.00;0
331;air_base;2077.74;11.00;750.99;0.00;0
331;anti_air_building;2088.67;11.00;753.45;0.00;0
331;bunker;2073.65;11.00;713.73;0.00;0
331;fuel_silo;2097.83;11.00;723.98;0.00;0
331;radar_station;2073.42;11.00;691.94;0.00;0
331;nuclear_reactor_spawn;2108.31;11.00;770.25;0.00;0
331;rocket_site_spawn;2100.49;11.00;761.52;0.00;0
331;synthetic_refinery;2092.62;11.00;742.40;0.00;0
331;supply_node;2077.53;11.00;740.99;0.00;0
332;arms_factory;2456.41;11.00;741.30;0.00;0
332;industrial_complex;2488.86;11.00;724.36;0.00;0
332;air_base;2493.06;11.00;748.91;0.00;0
332;anti_air_building;2488.71;11.00;771.29;0.00;0
332;bunker;2489.26;11.00;785.59;0.00;0
332;fuel_silo;2478.03;11.00;778.48;0.00;0
332;radar_station;2450.26;11.00;730.17;0.00;0
332;nuclear_reactor_spawn;2503.15;11.00;766.70;0.00;0
332;rocket_site_spawn;2474.17;11.00;712.20;0.00;0
332;synthetic_refinery;2463.46;11.00;727.77;0.00;0
332;supply_node;2509.31;11.00;709.37;0.00;0
333;arms_factory;2049.32;11.00;711.63;0.00;0
333;industrial_complex;2016.36;11.00;729.70;0.00;0
333;air_base;2038.72;11.00;742.98;0.00;0
333;anti_air_building;2045.23;11.00;726.43;0.00;0
333;bunker;2025.24;11.00;743.61;0.00;0
333;fuel_silo;2061.25;11.00;706.78;0.00;0
333;radar_station;2057.77;11.00;721.06;0.00;0
333;nuclear_reactor_spawn;2040.30;11.00;705.12;0.00;0
333;rocket_site_spawn;2055.33;11.00;697.09;0.00;0
333;synthetic_refinery;2049.98;11.00;736.63;0.00;0
333;supply_node;2059.79;11.00;735.30;0.00;0
333;dockyard;2031.02;11.00;734.53;0.00;0
333;coastal_bunker;2027.91;11.00;724.57;0.00;0
334;arms_factory;1663.43;11.00;713.77;0.00;0
334;industrial_complex;1657.51;11.00;699.33;0.00;0
334;air_base;1672.34;11.00;733.27;0.00;0
334;anti_air_building;1636.11;11.00;755.67;0.00;0
334;bunker;1631.47;11.00;737.50;0.00;0
334;fuel_silo;1647.13;11.00;721.75;0.00;0
334;radar_station;1614.60;11.00;730.76;0.00;0
334;nuclear_reactor_spawn;1621.09;11.00;715.89;0.00;0
334;rocket_site_spawn;1608.26;11.00;715.52;0.00;0
334;synthetic_refinery;1650.55;11.00;759.03;0.00;0
334;supply_node;1663.41;11.00;749.99;0.00;0
334;dockyard;1645.94;11.00;743.64;0.00;0
334;coastal_bunker;1657.55;11.00;734.63;0.00;0
335;arms_factory;1948.50;11.00;712.71;0.00;0
335;industrial_complex;1976.87;11.00;711.51;0.00;0
335;air_base;1940.63;11.00;737.35;0.00;0
335;anti_air_building;1948.88;11.00;723.88;0.00;0
335;bunker;1967.98;11.00;707.67;0.00;0
335;fuel_silo;1976.47;11.00;720.66;0.00;0
335;radar_station;1929.12;11.00;725.43;0.00;0
335;nuclear_reactor_spawn;1969.42;11.00;728.27;0.00;0
335;rocket_site_spawn;1937.58;11.00;723.40;0.00;0
335;synthetic_refinery;1961.25;11.00;723.14;0.00;0
335;supply_node;1959.92;11.00;714.22;0.00;0
335;dockyard;1974.88;11.00;700.95;0.00;0
335;coastal_bunker;1948.50;11.00;712.71;0.00;0
336;arms_factory;2023.86;11.00;677.15;0.00;0
336;industrial_complex;1995.27;11.00;653.98;0.00;0
336;air_base;2001.12;11.00;681.46;0.00;0
336;anti_air_building;1998.28;11.00;668.16;0.00;0
336;bunker;2027.66;11.00;695.13;0.00;0
336;fuel_silo;2012.67;11.00;674.17;0.00;0
336;radar_station;1997.94;11.00;695.17;0.00;0
336;nuclear_reactor_spawn;1987.16;11.00;693.56;0.00;0
336;rocket_site_spawn;2000.21;11.00;707.07;0.00;0
336;synthetic_refinery;2015.80;11.00;688.69;0.00;0
336;supply_node;1993.73;11.00;711.47;0.00;0
336;dockyard;2010.96;11.00;708.65;0.00;0
336;coastal_bunker;2021.13;11.00;704.90;0.00;0
337;arms_factory;3946.11;11.00;645.37;0.00;0
337;industrial_complex;3900.89;11.00;692.76;0.00;0
337;air_base;3917.31;11.00;664.51;0.00;0
337;anti_air_building;3970.51;11.00;663.51;0.00;0
337;bunker;3976.81;11.00;685.96;0.00;0
337;fuel_silo;3928.95;11.00;684.78;0.00;0
337;radar_station;3867.88;11.00;681.60;0.00;0
337;nuclear_reactor_spawn;3948.05;11.00;701.55;0.00;0
337;rocket_site_spawn;3892.82;11.00;672.86;0.00;0
337;synthetic_refinery;3964.83;11.00;678.44;0.00;0
337;supply_node;3879.09;11.00;690.69;0.00;0
337;dockyard;3971.54;11.00;695.17;0.00;0
337;coastal_bunker;3949.35;11.00;677.70;0.00;0
338;arms_factory;2791.01;11.00;676.51;0.00;0
338;industrial_complex;2820.29;11.00;658.10;0.00;0
338;air_base;2811.58;11.00;615.75;0.00;0
338;anti_air_building;2769.15;11.00;632.20;0.00;0
338;bunker;2769.81;11.00;643.25;0.00;0
338;fuel_silo;2823.42;11.00;615.96;0.00;0
338;radar_station;2785.78;11.00;662.15;0.00;0
338;nuclear_reactor_spawn;2765.06;11.00;661.87;0.00;0
338;rocket_site_spawn;2795.67;11.00;624.20;0.00;0
338;synthetic_refinery;2800.25;11.00;664.40;0.00;0
338;supply_node;2793.90;11.00;635.62;0.00;0
338;dockyard;2790.83;11.00;649.60;0.00;0
338;coastal_bunker;2782.16;11.00;636.53;0.00;0
34;arms_factory;2648.93;11.00;1291.96;0.00;0
34;industrial_complex;2625.77;11.00;1305.64;0.00;0
34;air_base;2643.17;11.00;1315.77;0.00;0
34;anti_air_building;2634.46;11.00;1315.80;0.00;0
34;bunker;2649.34;11.00;1305.14;0.00;0
34;fuel_silo;2636.71;11.00;1300.56;0.00;0
34;radar_station;2622.37;11.00;1334.04;0.00;0
34;nuclear_reactor_spawn;2631.80;11.00;1335.95;0.00;0
34;rocket_site_spawn;2635.21;11.00;1344.79;0.00;0
34;synthetic_refinery;2626.32;11.00;1278.51;0.00;0
34;supply_node;2648.93;11.00;1291.96;0.00;0
34;dockyard;2625.77;11.00;1305.64;0.00;0
34;coastal_bunker;2643.17;11.00;1315.77;0.00;0
339;arms_factory;2881.52;11.00;707.91;0.00;0
339;industrial_complex;2860.52;11.00;688.03;0.00;0
339;air_base;2887.90;11.00;732.55;0.00;0
339;anti_air_building;2846.41;11.00;665.51;0.00;0
339;bunker;2836.69;11.00;679.96;0.00;0
339;fuel_silo;2881.52;11.00;707.91;0.00;0
339;radar_station;2860.52;11.00;688.03;0.00;0
339;nuclear_reactor_spawn;2887.90;11.00;732.55;0.00;0
339;rocket_site_spawn;2846.41;11.00;665.51;0.00;0
339;synthetic_refinery;2836.69;11.00;679.96;0.00;0
339;supply_node;2881.52;11.00;707.91;0.00;0
340;arms_factory;2587.38;11.00;705.83;0.00;0
340;industrial_complex;2605.03;11.00;711.62;0.00;0
340;air_base;2599.51;11.00;698.69;0.00;0
340;anti_air_building;2580.82;11.00;717.84;0.00;0
340;bunker;2596.47;11.00;723.46;0.00;0
340;fuel_silo;2616.58;11.00;732.80;0.00;0
340;radar_station;2615.36;11.00;720.36;0.00;0
340;nuclear_reactor_spawn;2589.16;11.00;693.59;0.00;0
340;rocket_site_spawn;2587.38;11.00;705.83;0.00;0
340;synthetic_refinery;2605.03;11.00;711.62;0.00;0
340;supply_node;2599.51;11.00;698.69;0.00;0
341;arms_factory;3490.26;11.00;795.13;0.00;0
341;industrial_complex;3567.53;11.00;775.68;0.00;0
341;air_base;3545.28;11.00;838.06;0.00;0
341;anti_air_building;3564.92;11.00;720.97;0.00;0
341;bunker;3580.79;11.00;743.89;0.00;0
341;fuel_silo;3661.24;11.00;723.91;0.00;0
341;radar_station;3609.62;11.00;692.41;0.00;0
341;nuclear_reactor_spawn;3716.29;11.00;707.42;0.00;0
341;rocket_site_spawn;3563.84;11.00;705.90;0.00;0
341;synthetic_refinery;3550.88;11.00;697.91;0.00;0
341;supply_node;3552.49;11.00;745.25;0.00;0
342;arms_factory;2103.39;11.00;706.54;0.00;0
342;industrial_complex;2117.94;11.00;681.37;0.00;0
342;air_base;2084.41;11.00;711.28;0.00;0
342;anti_air_building;2112.50;11.00;730.96;0.00;0
342;bunker;2143.18;11.00;719.67;0.00;0
342;fuel_silo;2128.07;11.00;735.82;0.00;0
342;radar_station;2131.34;11.00;712.25;0.00;0
342;nuclear_reactor_spawn;2145.66;11.00;735.31;0.00;0
342;rocket_site_spawn;2115.05;11.00;746.07;0.00;0
342;synthetic_refinery;2118.84;11.00;721.12;0.00;0
342;supply_node;2106.47;11.00;718.09;0.00;0
343;arms_factory;3116.96;11.00;710.91;0.00;0
343;industrial_complex;3101.08;11.00;686.74;0.00;0
343;air_base;3118.91;11.00;698.48;0.00;0
343;anti_air_building;3100.41;11.00;703.88;0.00;0
343;bunker;3126.66;11.00;682.28;0.00;0
343;fuel_silo;3093.42;11.00;675.25;0.00;0
343;radar_station;3105.13;11.00;697.84;0.00;0
343;nuclear_reactor_spawn;3113.50;11.00;686.57;0.00;0
343;rocket_site_spawn;3104.06;11.00;674.44;0.00;0
343;synthetic_refinery;3117.32;11.00;673.57;0.00;0
343;supply_node;3116.96;11.00;710.91;0.00;0
343;dockyard;3101.08;11.00;686.74;0.00;0
343;coastal_bunker;3118.91;11.00;698.48;0.00;0
344;arms_factory;3163.37;11.00;700.74;0.00;0
344;industrial_complex;3148.13;11.00;679.35;0.00;0
344;air_base;3166.04;11.00;653.76;0.00;0
344;anti_air_building;3169.49;11.00;688.57;0.00;0
344;bunker;3149.53;11.00;695.67;0.00;0
344;fuel_silo;3178.63;11.00;679.37;0.00;0
344;radar_station;3140.90;11.00;705.34;0.00;0
344;nuclear_reactor_spawn;3174.23;11.00;661.06;0.00;0
344;rocket_site_spawn;3130.05;11.00;707.69;0.00;0
344;synthetic_refinery;3151.43;11.00;707.17;0.00;0
344;supply_node;3134.77;11.00;694.22;0.00;0
345;arms_factory;2527.35;11.00;655.38;0.00;0
345;industrial_complex;2520.97;11.00;670.83;0.00;0
345;air_base;2518.81;11.00;636.68;0.00;0
345;anti_air_building;2557.44;11.00;700.93;0.00;0
345;bunker;2562.93;11.00;710.53;0.00;0
345;fuel_silo;2531.98;11.00;713.90;0.00;0
345;radar_station;2529.93;11.00;700.65;0.00;0
345;nuclear_reactor_spawn;2542.92;11.00;682.62;0.00;0
345;rocket_site_spawn;2510.71;11.00;656.29;0.00;0
345;synthetic_refinery;2517.51;11.00;685.89;0.00;0
345;supply_node;2572.19;11.00;705.84;0.00;0
346;arms_factory;1943.83;11.00;683.71;0.00;0
346;industrial_complex;1945.23;11.00;699.76;0.00;0
346;air_base;1955.68;11.00;703.87;0.00;0
346;anti_air_building;1964.70;11.00;696.73;0.00;0
346;bunker;1939.00;11.00;695.13;0.00;0
346;fuel_silo;1953.22;11.00;692.60;0.00;0
346;radar_station;1952.16;11.00;683.12;0.00;0
346;nuclear_reactor_spawn;1948.69;11.00;673.60;0.00;0
346;rocket_site_spawn;1956.14;11.00;672.66;0.00;0
346;synthetic_refinery;1943.83;11.00;683.71;0.00;0
346;supply_node;1945.23;11.00;699.76;0.00;0
346;dockyard;1955.68;11.00;703.87;0.00;0
346;coastal_bunker;1964.70;11.00;696.73;0.00;0
347;arms_factory;2206.00;11.00;644.53;0.00;0
347;industrial_complex;2191.78;11.00;670.25;0.00;0
347;air_base;2174.52;11.00;721.41;0.00;0
347;anti_air_building;2162.76;11.00;640.50;0.00;0
347;bunker;2165.41;11.00;692.95;0.00;0
347;fuel_silo;2186.85;11.00;695.69;0.00;0
347;radar_station;2172.06;11.00;633.36;0.00;0
347;nuclear_reactor_spawn;2177.81;11.00;650.47;0.00;0
347;rocket_site_spawn;2168.92;11.00;653.92;0.00;0
347;synthetic_refinery;2154.80;11.00;711.07;0.00;0
347;supply_node;2169.19;11.00;671.22;0.00;0
348;arms_factory;2428.04;11.00;688.88;0.00;0
348;industrial_complex;2462.40;11.00;673.55;0.00;0
348;air_base;2476.68;11.00;687.55;0.00;0
348;anti_air_building;2485.87;11.00;648.13;0.00;0
348;bunker;2443.99;11.00;673.28;0.00;0
348;fuel_silo;2479.72;11.00;661.67;0.00;0
348;radar_station;2477.70;11.00;674.02;0.00;0
348;nuclear_reactor_spawn;2460.71;11.00;693.03;0.00;0
348;rocket_site_spawn;2490.68;11.00;668.93;0.00;0
348;synthetic_refinery;2468.82;11.00;660.66;0.00;0
348;supply_node;2452.06;11.00;659.92;0.00;0
35;arms_factory;2356.51;11.00;1246.83;0.00;0
35;industrial_complex;2378.59;11.00;1222.96;0.00;0
35;air_base;2374.86;11.00;1274.01;0.00;0
35;anti_air_building;2318.06;11.00;1278.28;0.00;0
35;bunker;2329.60;11.00;1250.47;0.00;0
35;fuel_silo;2357.13;11.00;1213.69;0.00;0
35;radar_station;2345.06;11.00;1268.76;0.00;0
35;nuclear_reactor_spawn;2383.66;11.00;1250.69;0.00;0
35;rocket_site_spawn;2356.51;11.00;1246.83;0.00;0
35;synthetic_refinery;2378.59;11.00;1222.96;0.00;0
35;supply_node;2374.86;11.00;1274.01;0.00;0
349;arms_factory;2084.91;11.00;673.38;0.00;0
349;industrial_complex;2097.22;11.00;668.16;0.00;0
349;air_base;2109.99;11.00;648.42;0.00;0
349;anti_air_building;2083.79;11.00;696.51;0.00;0
349;bunker;2114.63;11.00;635.64;0.00;0
349;fuel_silo;2112.08;11.00;670.28;0.00;0
349;radar_station;2097.09;11.00;653.12;0.00;0
349;nuclear_reactor_spawn;2086.42;11.00;658.92;0.00;0
349;rocket_site_spawn;2092.98;11.00;686.38;0.00;0
349;synthetic_refinery;2083.45;11.00;684.73;0.00;0
349;supply_node;2102.68;11.00;681.61;0.00;0
350;arms_factory;2062.93;11.00;633.22;0.00;0
350;industrial_complex;2015.84;11.00;651.28;0.00;0
350;air_base;2033.90;11.00;678.30;0.00;0
350;anti_air_building;2072.71;11.00;623.62;0.00;0
350;bunker;2063.67;11.00;686.14;0.00;0
350;fuel_silo;2070.90;11.00;658.77;0.00;0
350;radar_station;2072.96;11.00;678.64;0.00;0
350;nuclear_reactor_spawn;2046.74;11.00;688.09;0.00;0
350;rocket_site_spawn;2075.25;11.00;649.40;0.00;0
350;synthetic_refinery;2060.44;11.00;669.21;0.00;0
350;supply_node;2084.26;11.00;641.40;0.00;0
351;arms_factory;2598.69;11.00;671.87;0.00;0
351;industrial_complex;2633.89;11.00;692.81;0.00;0
351;air_base;2617.87;11.00;707.81;0.00;0
351;anti_air_building;2641.37;11.00;672.67;0.00;0
351;bunker;2585.74;11.00;664.58;0.00;0
351;fuel_silo;2574.76;11.00;669.69;0.00;0
351;radar_station;2651.06;11.00;696.05;0.00;0
351;nuclear_reactor_spawn;2644.03;11.00;716.62;0.00;0
351;rocket_site_spawn;2584.28;11.00;679.59;0.00;0
351;synthetic_refinery;2608.76;11.00;682.48;0.00;0
351;supply_node;2629.57;11.00;666.95;0.00;0
351;dockyard;2605.37;11.00;660.42;0.00;0
351;coastal_bunker;2628.12;11.00;716.63;0.00;0
352;arms_factory;1688.18;11.00;679.49;0.00;0
352;industrial_complex;1715.40;11.00;691.80;0.00;0
352;air_base;1701.36;11.00;663.69;0.00;0
352;anti_air_building;1682.14;11.00;700.21;0.00;0
352;bunker;1710.11;11.00;704.25;0.00;0
352;fuel_silo;1718.70;11.00;672.37;0.00;0
352;radar_station;1712.73;11.00;661.68;0.00;0
352;nuclear_reactor_spawn;1696.39;11.00;700.81;0.00;0
352;rocket_site_spawn;1671.19;11.00;691.21;0.00;0
352;synthetic_refinery;1702.18;11.00;689.96;0.00;0
352;supply_node;1725.77;11.00;688.29;0.00;0
352;dockyard;1735.38;11.00;686.15;0.00;0
352;coastal_bunker;1713.76;11.00;681.71;0.00;0
353;arms_factory;1933.55;11.00;661.48;0.00;0
353;industrial_complex;1957.43;11.00;647.41;0.00;0
353;air_base;1919.17;11.00;638.40;0.00;0
353;anti_air_building;1909.57;11.00;628.79;0.00;0
353;bunker;1914.70;11.00;652.47;0.00;0
353;fuel_silo;1954.60;11.00;660.33;0.00;0
353;radar_station;1946.18;11.00;653.81;0.00;0
353;nuclear_reactor_spawn;1905.71;11.00;620.03;0.00;0
353;rocket_site_spawn;1938.95;11.00;672.58;0.00;0
353;synthetic_refinery;1944.19;11.00;664.87;0.00;0
353;supply_node;1920.74;11.00;658.10;0.00;0
353;dockyard;1927.36;11.00;651.79;0.00;0
353;coastal_bunker;1951.80;11.00;644.97;0.00;0
354;arms_factory;3106.72;11.00;659.07;0.00;0
354;industrial_complex;3144.52;11.00;658.86;0.00;0
354;air_base;3110.24;11.00;639.86;0.00;0
354;anti_air_building;3136.71;11.00;630.28;0.00;0
354;bunker;3094.76;11.00;662.25;0.00;0
354;fuel_silo;3117.45;11.00;625.82;0.00;0
354;radar_station;3116.60;11.00;661.38;0.00;0
354;nuclear_reactor_spawn;3154.48;11.00;654.26;0.00;0
354;rocket_site_spawn;3137.56;11.00;671.05;0.00;0
354;synthetic_refinery;3120.85;11.00;649.98;0.00;0
354;supply_node;3096.50;11.00;649.22;0.00;0
354;dockyard;3128.32;11.00;663.76;0.00;0
354;coastal_bunker;3135.76;11.00;651.33;0.00;0
355;arms_factory;4079.71;11.00;598.00;0.00;0
355;industrial_complex;4025.54;11.00;621.53;0.00;0
355;air_base;3968.20;11.00;649.78;0.00;0
355;anti_air_building;3972.29;11.00;629.77;0.00;0
355;bunker;3985.45;11.00;639.67;0.00;0
355;fuel_silo;3999.54;11.00;634.12;0.00;0
355;radar_station;4044.25;11.00;610.13;0.00;0
355;nuclear_reactor_spawn;3999.18;11.00;648.54;0.00;0
355;rocket_site_spawn;3985.28;11.00;655.95;0.00;0
355;synthetic_refinery;4029.35;11.00;636.40;0.00;0
355;supply_node;4016.38;11.00;646.11;0.00;0
355;dockyard;3959.06;11.00;639.80;0.00;0
355;coastal_bunker;3986.00;11.00;672.88;0.00;0
356;arms_factory;2595.74;11.00;611.77;0.00;0
356;industrial_complex;2569.72;11.00;620.93;0.00;0
356;air_base;2608.45;11.00;642.58;0.00;0
356;anti_air_building;2572.04;11.00;649.59;0.00;0
356;bunker;2619.36;11.00;604.13;0.00;0
356;fuel_silo;2582.97;11.00;628.57;0.00;0
356;radar_station;2618.57;11.00;625.58;0.00;0
356;nuclear_reactor_spawn;2565.20;11.00;640.41;0.00;0
356;rocket_site_spawn;2601.52;11.00;649.33;0.00;0
356;synthetic_refinery;2607.01;11.00;631.46;0.00;0
356;supply_node;2627.74;11.00;621.56;0.00;0
356;dockyard;2582.11;11.00;654.03;0.00;0
356;coastal_bunker;2590.81;11.00;647.90;0.00;0
357;arms_factory;3220.60;11.00;653.75;0.00;0
357;industrial_complex;3191.22;11.00;685.25;0.00;0
357;air_base;3286.00;11.00;654.65;0.00;0
357;anti_air_building;3299.35;11.00;629.60;0.00;0
357;bunker;3214.87;11.00;638.77;0.00;0
357;fuel_silo;3270.48;11.00;624.71;0.00;0
357;radar_station;3313.32;11.00;657.54;0.00;0
357;nuclear_reactor_spawn;3265.26;11.00;645.01;0.00;0
357;rocket_site_spawn;3242.91;11.00;647.55;0.00;0
357;synthetic_refinery;3204.26;11.00;662.65;0.00;0
357;supply_node;3233.05;11.00;674.30;0.00;0
358;arms_factory;2281.40;11.00;617.95;0.00;0
358;industrial_complex;2338.07;11.00;680.31;0.00;0
358;air_base;2333.09;11.00;641.12;0.00;0
358;anti_air_building;2310.35;11.00;660.13;0.00;0
358;bunker;2356.40;11.00;645.88;0.00;0
358;fuel_silo;2286.63;11.00;647.83;0.00;0
358;radar_station;2308.84;11.00;629.58;0.00;0
358;nuclear_reactor_spawn;2281.40;11.00;617.95;0.00;0
358;rocket_site_spawn;2338.07;11.00;680.31;0.00;0
358;synthetic_refinery;2333.09;11.00;641.12;0.00;0
358;supply_node;2310.35;11.00;660.13;0.00;0
36;arms_factory;3915.96;11.00;1263.41;0.00;0
36;industrial_complex;3913.94;11.00;1236.80;0.00;0
36;air_base;3901.82;11.00;1272.90;0.00;0
36;anti_air_building;3890.85;11.00;1254.75;0.00;0
36;bunker;3874.72;11.00;1240.64;0.00;0
36;fuel_silo;3876.34;11.00;1262.82;0.00;0
36;radar_station;3893.64;11.00;1231.84;0.00;0
36;nuclear_reactor_spawn;3884.14;11.00;1282.19;0.00;0
36;rocket_site_spawn;3872.48;11.00;1219.83;0.00;0
36;synthetic_refinery;3907.61;11.00;1249.82;0.00;0
36;supply_node;3909.52;11.00;1222.80;0.00;0
36;dockyard;3915.96;11.00;1263.41;0.00;0
36;coastal_bunker;3913.94;11.00;1236.80;0.00;0
359;arms_factory;1646.77;11.00;656.90;0.00;0
359;industrial_complex;1660.10;11.00;658.80;0.00;0
359;air_base;1679.62;11.00;635.38;0.00;0
359;anti_air_building;1659.19;11.00;631.38;0.00;0
359;bunker;1638.17;11.00;658.03;0.00;0
359;fuel_silo;1676.40;11.00;651.15;0.00;0
359;radar_station;1694.73;11.00;644.85;0.00;0
359;nuclear_reactor_spawn;1660.68;11.00;672.63;0.00;0
359;rocket_site_spawn;1647.35;11.00;668.39;0.00;0
359;synthetic_refinery;1664.31;11.00;643.48;0.00;0
359;supply_node;1646.77;11.00;656.90;0.00;0
359;dockyard;1660.10;11.00;658.80;0.00;0
359;coastal_bunker;1679.62;11.00;635.38;0.00;0
360;arms_factory;2494.68;11.00;641.61;0.00;0
360;industrial_complex;2507.52;11.00;576.85;0.00;0
360;air_base;2499.04;11.00;591.57;0.00;0
360;anti_air_building;2510.39;11.00;621.31;0.00;0
360;bunker;2519.05;11.00;564.26;0.00;0
360;fuel_silo;2491.43;11.00;620.06;0.00;0
360;radar_station;2532.25;11.00;580.48;0.00;0
360;nuclear_reactor_spawn;2550.60;11.00;609.62;0.00;0
360;rocket_site_spawn;2524.22;11.00;593.54;0.00;0
360;synthetic_refinery;2486.64;11.00;606.56;0.00;0
360;supply_node;2535.26;11.00;602.41;0.00;0
360;dockyard;2477.25;11.00;636.48;0.00;0
360;coastal_bunker;2504.69;11.00;634.68;0.00;0
361;arms_factory;3572.66;11.00;647.54;0.00;0
361;industrial_complex;3503.98;11.00;648.95;0.00;0
361;air_base;3537.13;11.00;667.56;0.00;0
361;anti_air_building;3526.33;11.00;650.97;0.00;0
361;bunker;3408.57;11.00;602.57;0.00;0
361;fuel_silo;3540.39;11.00;641.24;0.00;0
361;radar_station;3404.52;11.00;649.40;0.00;0
361;nuclear_reactor_spawn;3595.30;11.00;645.94;0.00;0
361;rocket_site_spawn;3550.19;11.00;663.13;0.00;0
361;synthetic_refinery;3446.72;11.00;628.67;0.00;0
361;supply_node;3413.08;11.00;669.75;0.00;0
362;arms_factory;2434.82;11.00;635.96;0.00;0
362;industrial_complex;2407.51;11.00;603.50;0.00;0
362;air_base;2391.79;11.00;615.51;0.00;0
362;anti_air_building;2408.64;11.00;624.03;0.00;0
362;bunker;2456.73;11.00;626.15;0.00;0
362;fuel_silo;2431.57;11.00;618.07;0.00;0
362;radar_station;2385.77;11.00;590.92;0.00;0
362;nuclear_reactor_spawn;2411.23;11.00;588.69;0.00;0
362;rocket_site_spawn;2420.53;11.00;605.85;0.00;0
362;synthetic_refinery;2463.34;11.00;640.22;0.00;0
362;supply_node;2401.16;11.00;596.32;0.00;0
363;arms_factory;3034.11;11.00;632.06;0.00;0
363;industrial_complex;3052.36;11.00;603.46;0.00;0
363;air_base;3032.15;11.00;591.39;0.00;0
363;anti_air_building;3021.60;11.00;599.99;0.00;0
363;bunker;3042.81;11.00;610.79;0.00;0
363;fuel_silo;3030.07;11.00;601.04;0.00;0
363;radar_station;3022.74;11.00;637.72;0.00;0
363;nuclear_reactor_spawn;3043.01;11.00;625.40;0.00;0
363;rocket_site_spawn;3031.47;11.00;615.95;0.00;0
363;synthetic_refinery;3020.39;11.00;614.80;0.00;0
363;supply_node;3041.59;11.00;598.40;0.00;0
363;dockyard;3041.16;11.00;586.76;0.00;0
363;coastal_bunker;3034.11;11.00;632.06;0.00;0
364;arms_factory;2078.58;11.00;593.21;0.00;0
364;industrial_complex;2130.33;11.00;608.80;0.00;0
364;air_base;2136.56;11.00;564.42;0.00;0
364;anti_air_building;2123.97;11.00;545.20;0.00;0
364;bunker;2135.20;11.00;539.69;0.00;0
364;fuel_silo;2112.35;11.00;527.27;0.00;0
364;radar_station;2103.25;11.00;540.71;0.00;0
364;nuclear_reactor_spawn;2075.12;11.00;548.44;0.00;0
364;rocket_site_spawn;2110.96;11.00;580.39;0.00;0
364;synthetic_refinery;2131.61;11.00;530.76;0.00;0
364;supply_node;2114.11;11.00;619.94;0.00;0
365;arms_factory;3176.38;11.00;610.55;0.00;0
365;industrial_complex;3218.72;11.00;621.12;0.00;0
365;air_base;3183.58;11.00;587.61;0.00;0
365;anti_air_building;3193.41;11.00;579.21;0.00;0
365;bunker;3204.05;11.00;612.52;0.00;0
365;fuel_silo;3168.63;11.00;641.83;0.00;0
365;radar_station;3138.96;11.00;617.83;0.00;0
365;nuclear_reactor_spawn;3163.26;11.00;602.69;0.00;0
365;rocket_site_spawn;3203.20;11.00;625.68;0.00;0
365;synthetic_refinery;3187.01;11.00;620.75;0.00;0
365;supply_node;3215.94;11.00;603.57;0.00;0
365;dockyard;3180.99;11.00;649.99;0.00;0
365;coastal_bunker;3187.32;11.00;644.18;0.00;0
366;arms_factory;3609.73;11.00;579.71;0.00;0
366;industrial_complex;3640.49;11.00;642.14;0.00;0
366;air_base;3679.42;11.00;664.32;0.00;0
366;anti_air_building;3610.73;11.00;600.72;0.00;0
366;bunker;3665.77;11.00;620.50;0.00;0
366;fuel_silo;3648.81;11.00;603.50;0.00;0
366;radar_station;3645.25;11.00;586.54;0.00;0
366;nuclear_reactor_spawn;3637.28;11.00;564.89;0.00;0
366;rocket_site_spawn;3659.16;11.00;585.16;0.00;0
366;synthetic_refinery;3695.64;11.00;641.76;0.00;0
366;supply_node;3689.28;11.00;629.33;0.00;0
367;arms_factory;2020.60;11.00;620.74;0.00;0
367;industrial_complex;2007.39;11.00;594.93;0.00;0
367;air_base;2047.86;11.00;627.62;0.00;0
367;anti_air_building;2037.14;11.00;602.19;0.00;0
367;bunker;2001.13;11.00;612.08;0.00;0
367;fuel_silo;2054.24;11.00;600.74;0.00;0
367;radar_station;2058.41;11.00;623.86;0.00;0
367;nuclear_reactor_spawn;1989.83;11.00;611.07;0.00;0
367;rocket_site_spawn;2060.04;11.00;565.55;0.00;0
367;synthetic_refinery;2067.40;11.00;600.75;0.00;0
367;supply_node;2001.41;11.00;641.78;0.00;0
367;dockyard;2047.50;11.00;568.28;0.00;0
367;coastal_bunker;1997.78;11.00;625.01;0.00;0
368;arms_factory;2444.96;11.00;586.69;0.00;0
368;industrial_complex;2481.10;11.00;552.78;0.00;0
368;air_base;2483.06;11.00;522.56;0.00;0
368;anti_air_building;2460.66;11.00;577.15;0.00;0
368;bunker;2478.63;11.00;543.46;0.00;0
368;fuel_silo;2510.56;11.00;520.06;0.00;0
368;radar_station;2501.09;11.00;551.69;0.00;0
368;nuclear_reactor_spawn;2453.58;11.00;549.54;0.00;0
368;rocket_site_spawn;2527.61;11.00;547.90;0.00;0
368;synthetic_refinery;2463.99;11.00;542.21;0.00;0
368;supply_node;2492.61;11.00;539.28;0.00;0
368;dockyard;2498.13;11.00;521.46;0.00;0
368;coastal_bunker;2507.87;11.00;560.88;0.00;0
37;arms_factory;3843.02;11.00;1246.41;0.00;0
37;industrial_complex;3849.74;11.00;1265.50;0.00;0
37;air_base;3838.19;11.00;1223.71;0.00;0
37;anti_air_building;3853.20;11.00;1236.39;0.00;0
37;bunker;3826.37;11.00;1249.30;0.00;0
37;fuel_silo;3822.45;11.00;1229.43;0.00;0
37;radar_station;3853.17;11.00;1223.43;0.00;0
37;nuclear_reactor_spawn;3812.12;11.00;1257.10;0.00;0
37;rocket_site_spawn;3836.99;11.00;1268.37;0.00;0
37;synthetic_refinery;3820.24;11.00;1263.88;0.00;0
37;supply_node;3827.50;11.00;1262.18;0.00;0
37;dockyard;3836.99;11.00;1256.93;0.00;0
37;coastal_bunker;3858.44;11.00;1253.35;0.00;0
369;arms_factory;3204.58;11.00;521.03;0.00;0
369;industrial_complex;3211.18;11.00;487.28;0.00;0
369;air_base;3242.48;11.00;482.69;0.00;0
369;anti_air_building;3210.43;11.00;535.05;0.00;0
369;bunker;3178.61;11.00;518.37;0.00;0
369;fuel_silo;3264.26;11.00;470.99;0.00;0
369;radar_station;3247.43;11.00;467.44;0.00;0
369;nuclear_reactor_spawn;3197.09;11.00;494.50;0.00;0
369;rocket_site_spawn;3228.15;11.00;492.11;0.00;0
369;synthetic_refinery;3165.76;11.00;547.54;0.00;0
369;supply_node;3277.82;11.00;501.56;0.00;0
369;dockyard;3229.70;11.00;531.67;0.00;0
369;coastal_bunker;3243.12;11.00;522.62;0.00;0
370;arms_factory;3925.19;11.00;640.78;0.00;0
370;industrial_complex;3926.20;11.00;604.28;0.00;0
370;air_base;3960.58;11.00;626.32;0.00;0
370;anti_air_building;3902.19;11.00;635.31;0.00;0
370;bunker;3943.19;11.00;576.01;0.00;0
370;fuel_silo;3927.69;11.00;581.47;0.00;0
370;radar_station;3935.20;11.00;594.19;0.00;0
370;nuclear_reactor_spawn;3953.22;11.00;568.42;0.00;0
370;rocket_site_spawn;3923.23;11.00;569.97;0.00;0
370;synthetic_refinery;3894.49;11.00;596.29;0.00;0
370;supply_node;3905.60;11.00;614.42;0.00;0
370;dockyard;3960.17;11.00;589.44;0.00;0
370;coastal_bunker;3903.55;11.00;646.88;0.00;0
371;arms_factory;3131.22;11.00;571.94;0.00;0
371;industrial_complex;3157.08;11.00;569.61;0.00;0
371;air_base;3131.31;11.00;590.20;0.00;0
371;anti_air_building;3158.98;11.00;584.46;0.00;0
371;bunker;3152.20;11.00;555.64;0.00;0
371;fuel_silo;3169.86;11.00;562.84;0.00;0
371;radar_station;3171.05;11.00;577.17;0.00;0
371;nuclear_reactor_spawn;3117.64;11.00;587.46;0.00;0
371;rocket_site_spawn;3146.11;11.00;585.03;0.00;0
371;synthetic_refinery;3138.82;11.00;602.91;0.00;0
371;supply_node;3130.29;11.00;601.86;0.00;0
371;dockyard;3149.64;11.00;595.59;0.00;0
371;coastal_bunker;3124.44;11.00;580.82;0.00;0
372;arms_factory;2780.67;11.00;612.22;0.00;0
372;industrial_complex;2730.36;11.00;577.28;0.00;0
372;air_base;2718.61;11.00;574.36;0.00;0
372;anti_air_building;2729.15;11.00;561.71;0.00;0
372;bunker;2747.22;11.00;597.13;0.00;0
372;fuel_silo;2750.18;11.00;578.70;0.00;0
372;radar_station;2756.68;11.00;606.61;0.00;0
372;nuclear_reactor_spawn;2768.37;11.00;603.68;0.00;0
372;rocket_site_spawn;2766.10;11.00;619.71;0.00;0
372;synthetic_refinery;2760.34;11.00;589.60;0.00;0
372;supply_node;2755.23;11.00;622.26;0.00;0
372;dockyard;2737.77;11.00;585.86;0.00;0
372;coastal_bunker;2744.52;11.00;563.78;0.00;0
373;arms_factory;3690.26;11.00;520.40;0.00;0
373;industrial_complex;3699.85;11.00;508.77;0.00;0
373;air_base;3621.40;11.00;521.87;0.00;0
373;anti_air_building;3619.49;11.00;488.15;0.00;0
373;bunker;3650.37;11.00;490.69;0.00;0
373;fuel_silo;3675.29;11.00;496.31;0.00;0
373;radar_station;3632.13;11.00;510.13;0.00;0
373;nuclear_reactor_spawn;3628.27;11.00;534.11;0.00;0
373;rocket_site_spawn;3679.21;11.00;532.17;0.00;0
373;synthetic_refinery;3651.48;11.00;507.26;0.00;0
373;supply_node;3662.09;11.00;543.34;0.00;0
374;arms_factory;2996.97;11.00;575.20;0.00;0
374;industrial_complex;2997.60;11.00;551.79;0.00;0
374;air_base;3013.03;11.00;568.09;0.00;0
374;anti_air_building;2970.25;11.00;566.45;0.00;0
374;bunker;2992.07;11.00;560.15;0.00;0
374;fuel_silo;2985.68;11.00;551.90;0.00;0
374;radar_station;3035.74;11.00;572.70;0.00;0
374;nuclear_reactor_spawn;3031.74;11.00;556.22;0.00;0
374;rocket_site_spawn;2958.76;11.00;555.85;0.00;0
374;synthetic_refinery;3006.42;11.00;542.12;0.00;0
374;supply_node;2936.46;11.00;538.26;0.00;0
375;arms_factory;3535.42;11.00;557.41;0.00;0
375;industrial_complex;3512.07;11.00;558.91;0.00;0
375;air_base;3554.73;11.00;540.79;0.00;0
375;anti_air_building;3587.87;11.00;506.79;0.00;0
375;bunker;3575.90;11.00;545.26;0.00;0
375;fuel_silo;3576.09;11.00;532.79;0.00;0
375;radar_station;3527.76;11.00;533.51;0.00;0
375;nuclear_reactor_spawn;3597.50;11.00;546.83;0.00;0
375;rocket_site_spawn;3558.53;11.00;524.69;0.00;0
375;synthetic_refinery;3572.60;11.00;570.25;0.00;0
375;supply_node;3495.03;11.00;539.16;0.00;0
376;arms_factory;1976.57;11.00;535.08;0.00;0
376;industrial_complex;1961.86;11.00;552.98;0.00;0
376;air_base;1981.43;11.00;504.52;0.00;0
376;anti_air_building;2000.05;11.00;528.15;0.00;0
376;bunker;2008.29;11.00;491.51;0.00;0
376;fuel_silo;2025.03;11.00;490.80;0.00;0
376;radar_station;1996.88;11.00;498.28;0.00;0
376;nuclear_reactor_spawn;1986.21;11.00;547.30;0.00;0
376;rocket_site_spawn;2001.23;11.00;512.76;0.00;0
376;synthetic_refinery;2015.46;11.00;513.54;0.00;0
376;supply_node;1966.13;11.00;555.40;0.00;0
376;dockyard;1973.97;11.00;546.86;0.00;0
376;coastal_bunker;1965.11;11.00;543.23;0.00;0
377;arms_factory;2766.21;11.00;529.46;0.00;0
377;industrial_complex;2771.44;11.00;554.61;0.00;0
377;air_base;2783.73;11.00;518.15;0.00;0
377;anti_air_building;2723.14;11.00;506.51;0.00;0
377;bunker;2772.12;11.00;583.01;0.00;0
377;fuel_silo;2791.99;11.00;604.15;0.00;0
377;radar_station;2783.17;11.00;503.23;0.00;0
377;nuclear_reactor_spawn;2780.98;11.00;564.49;0.00;0
377;rocket_site_spawn;2737.53;11.00;541.71;0.00;0
377;synthetic_refinery;2769.41;11.00;511.23;0.00;0
377;supply_node;2770.35;11.00;499.94;0.00;0
377;dockyard;2742.20;11.00;518.67;0.00;0
377;coastal_bunker;2800.25;11.00;585.83;0.00;0
378;arms_factory;3136.42;11.00;482.94;0.00;0
378;industrial_complex;3172.59;11.00;487.34;0.00;0
378;air_base;3145.25;11.00;539.39;0.00;0
378;anti_air_building;3052.03;11.00;545.94;0.00;0
378;bunker;3157.23;11.00;515.80;0.00;0
378;fuel_silo;3111.55;11.00;531.44;0.00;0
378;radar_station;3046.47;11.00;532.07;0.00;0
378;nuclear_reactor_spawn;3101.23;11.00;590.63;0.00;0
378;rocket_site_spawn;3098.89;11.00;561.78;0.00;0
378;synthetic_refinery;3058.70;11.00;504.29;0.00;0
378;supply_node;3109.03;11.00;542.54;0.00;0
378;dockyard;3081.75;11.00;582.34;0.00;0
378;coastal_bunker;3027.34;11.00;515.98;0.00;0
38;arms_factory;3755.15;11.00;1234.98;0.00;0
38;industrial_complex;3736.08;11.00;1244.96;0.00;0
38;air_base;3758.28;11.00;1291.20;0.00;0
38;anti_air_building;3733.60;11.00;1260.32;0.00;0
38;bunker;3765.68;11.00;1268.94;0.00;0
38;fuel_silo;3757.74;11.00;1257.00;0.00;0
38;radar_station;3786.65;11.00;1271.05;0.00;0
38;nuclear_reactor_spawn;3799.46;11.00;1270.87;0.00;0
38;rocket_site_spawn;3773.46;11.00;1279.64;0.00;0
38;synthetic_refinery;3737.11;11.00;1285.09;0.00;0
38;supply_node;3799.69;11.00;1248.36;0.00;0
38;dockyard;3758.66;11.00;1280.30;0.00;0
38;coastal_bunker;3772.08;11.00;1289.89;0.00;0
379;arms_factory;3798.23;11.00;531.68;0.00;0
379;industrial_complex;3763.97;11.00;555.82;0.00;0
379;air_base;3770.62;11.00;501.97;0.00;0
379;anti_air_building;3708.95;11.00;540.29;0.00;0
379;bunker;3725.60;11.00;495.99;0.00;0
379;fuel_silo;3787.90;11.00;540.53;0.00;0
379;radar_station;3725.41;11.00;529.09;0.00;0
379;nuclear_reactor_spawn;3717.47;11.00;511.05;0.00;0
379;rocket_site_spawn;3735.97;11.00;509.44;0.00;0
379;synthetic_refinery;3772.89;11.00;549.68;0.00;0
379;supply_node;3741.47;11.00;536.87;0.00;0
380;arms_factory;3853.78;11.00;512.02;0.00;0
380;industrial_complex;3856.64;11.00;523.45;0.00;0
380;air_base;3837.73;11.00;522.51;0.00;0
380;anti_air_building;3921.09;11.00;529.48;0.00;0
380;bunker;3956.48;11.00;543.62;0.00;0
380;fuel_silo;3946.00;11.00;551.90;0.00;0
380;radar_station;3834.00;11.00;536.81;0.00;0
380;nuclear_reactor_spawn;3855.59;11.00;504.12;0.00;0
380;rocket_site_spawn;3846.89;11.00;532.00;0.00;0
380;synthetic_refinery;3897.34;11.00;531.19;0.00;0
380;supply_node;3861.22;11.00;496.64;0.00;0
380;dockyard;3890.54;11.00;499.09;0.00;0
380;coastal_bunker;3878.09;11.00;519.90;0.00;0
381;arms_factory;1992.52;11.00;452.12;0.00;0
381;industrial_complex;2003.51;11.00;451.34;0.00;0
381;air_base;2012.45;11.00;469.84;0.00;0
381;anti_air_building;2037.07;11.00;480.05;0.00;0
381;bunker;1993.61;11.00;465.41;0.00;0
381;fuel_silo;2048.10;11.00;434.16;0.00;0
381;radar_station;2042.31;11.00;452.08;0.00;0
381;nuclear_reactor_spawn;2013.08;11.00;437.01;0.00;0
381;rocket_site_spawn;2024.45;11.00;440.75;0.00;0
381;synthetic_refinery;2021.36;11.00;478.34;0.00;0
381;supply_node;2054.32;11.00;456.04;0.00;0
381;dockyard;2031.53;11.00;461.64;0.00;0
381;coastal_bunker;2024.36;11.00;429.43;0.00;0
382;arms_factory;2893.24;11.00;564.33;0.00;0
382;industrial_complex;2945.55;11.00;575.32;0.00;0
382;air_base;2912.62;11.00;546.36;0.00;0
382;anti_air_building;2869.81;11.00;576.02;0.00;0
382;bunker;2893.23;11.00;542.97;0.00;0
382;fuel_silo;2921.47;11.00;587.11;0.00;0
382;radar_station;2938.50;11.00;584.47;0.00;0
382;nuclear_reactor_spawn;2899.21;11.00;574.09;0.00;0
382;rocket_site_spawn;2922.92;11.00;550.61;0.00;0
382;synthetic_refinery;2901.58;11.00;555.66;0.00;0
382;supply_node;2926.34;11.00;512.39;0.00;0
383;arms_factory;2713.12;11.00;559.12;0.00;0
383;industrial_complex;2682.77;11.00;514.45;0.00;0
383;air_base;2680.24;11.00;534.37;0.00;0
383;anti_air_building;2695.30;11.00;539.63;0.00;0
383;bunker;2713.28;11.00;538.00;0.00;0
383;fuel_silo;2707.75;11.00;509.84;0.00;0
383;radar_station;2705.08;11.00;525.57;0.00;0
383;nuclear_reactor_spawn;2670.06;11.00;518.47;0.00;0
383;rocket_site_spawn;2707.82;11.00;570.13;0.00;0
383;synthetic_refinery;2701.50;11.00;549.59;0.00;0
383;supply_node;2723.45;11.00;548.27;0.00;0
383;dockyard;2692.57;11.00;528.25;0.00;0
383;coastal_bunker;2695.25;11.00;518.16;0.00;0
384;arms_factory;2849.84;11.00;564.67;0.00;0
384;industrial_complex;2823.35;11.00;577.33;0.00;0
384;air_base;2859.67;11.00;589.22;0.00;0
384;anti_air_building;2833.19;11.00;589.27;0.00;0
384;bunker;2816.67;11.00;590.53;0.00;0
384;fuel_silo;2837.73;11.00;574.32;0.00;0
384;radar_station;2823.63;11.00;565.21;0.00;0
384;nuclear_reactor_spawn;2827.51;11.00;600.69;0.00;0
384;rocket_site_spawn;2844.62;11.00;592.04;0.00;0
384;synthetic_refinery;2845.39;11.00;582.08;0.00;0
384;supply_node;2854.94;11.00;575.12;0.00;0
385;arms_factory;2606.40;11.00;491.19;0.00;0
385;industrial_complex;2610.84;11.00;501.40;0.00;0
385;air_base;2622.18;11.00;470.78;0.00;0
385;anti_air_building;2604.98;11.00;511.12;0.00;0
385;bunker;2615.36;11.00;511.45;0.00;0
385;fuel_silo;2600.28;11.00;503.58;0.00;0
385;radar_station;2619.00;11.00;492.25;0.00;0
385;nuclear_reactor_spawn;2598.82;11.00;482.92;0.00;0
385;rocket_site_spawn;2615.03;11.00;482.29;0.00;0
385;synthetic_refinery;2604.24;11.00;476.60;0.00;0
385;supply_node;2612.70;11.00;469.09;0.00;0
385;dockyard;2606.40;11.00;491.19;0.00;0
385;coastal_bunker;2610.84;11.00;501.40;0.00;0
386;arms_factory;2839.15;11.00;547.62;0.00;0
386;industrial_complex;2900.03;11.00;521.75;0.00;0
386;air_base;2834.98;11.00;532.84;0.00;0
386;anti_air_building;2839.93;11.00;507.37;0.00;0
386;bunker;2878.34;11.00;520.39;0.00;0
386;fuel_silo;2890.60;11.00;526.89;0.00;0
386;radar_station;2870.66;11.00;543.73;0.00;0
386;nuclear_reactor_spawn;2872.13;11.00;487.91;0.00;0
386;rocket_site_spawn;2840.63;11.00;493.46;0.00;0
386;synthetic_refinery;2863.41;11.00;498.83;0.00;0
386;supply_node;2855.09;11.00;548.64;0.00;0
387;arms_factory;2671.56;11.00;490.15;0.00;0
387;industrial_complex;2668.24;11.00;474.86;0.00;0
387;air_base;2671.56;11.00;443.82;0.00;0
387;anti_air_building;2659.11;11.00;448.86;0.00;0
387;bunker;2695.71;11.00;466.40;0.00;0
387;fuel_silo;2718.42;11.00;485.38;0.00;0
387;radar_station;2710.32;11.00;492.53;0.00;0
387;nuclear_reactor_spawn;2657.52;11.00;431.61;0.00;0
387;rocket_site_spawn;2705.10;11.00;451.46;0.00;0
387;synthetic_refinery;2693.17;11.00;483.41;0.00;0
387;supply_node;2701.32;11.00;497.92;0.00;0
387;dockyard;2654.30;11.00;466.47;0.00;0
387;coastal_bunker;2690.27;11.00;453.08;0.00;0
388;arms_factory;2796.73;11.00;503.64;0.00;0
388;industrial_complex;2826.92;11.00;523.14;0.00;0
388;air_base;2801.11;11.00;521.74;0.00;0
388;anti_air_building;2809.58;11.00;499.25;0.00;0
388;bunker;2825.36;11.00;498.68;0.00;0
388;fuel_silo;2800.68;11.00;543.41;0.00;0
388;radar_station;2820.93;11.00;534.63;0.00;0
388;nuclear_reactor_spawn;2803.93;11.00;554.86;0.00;0
388;rocket_site_spawn;2813.72;11.00;560.68;0.00;0
388;synthetic_refinery;2824.04;11.00;553.61;0.00;0
388;supply_node;2814.70;11.00;549.22;0.00;0
39;arms_factory;2479.77;11.00;820.20;0.00;0
39;industrial_complex;2466.71;11.00;824.73;0.00;0
39;air_base;2440.76;11.00;793.63;0.00;0
39;anti_air_building;2502.09;11.00;812.80;0.00;0
39;bunker;2500.20;11.00;840.31;0.00;0
39;fuel_silo;2519.85;11.00;856.63;0.00;0
39;radar_station;2449.33;11.00;781.39;0.00;0
39;nuclear_reactor_spawn;2447.85;11.00;840.43;0.00;0
39;rocket_site_spawn;2439.41;11.00;808.82;0.00;0
39;synthetic_refinery;2510.62;11.00;835.47;0.00;0
39;supply_node;2471.87;11.00;852.21;0.00;0
389;arms_factory;2971.70;11.00;444.28;0.00;0
389;industrial_complex;2974.21;11.00;461.09;0.00;0
389;air_base;2958.15;11.00;465.11;0.00;0
389;anti_air_building;2916.04;11.00;465.57;0.00;0
389;bunker;2937.41;11.00;458.53;0.00;0
389;fuel_silo;2934.20;11.00;487.93;0.00;0
389;radar_station;2955.32;11.00;443.10;0.00;0
389;nuclear_reactor_spawn;2931.03;11.00;441.80;0.00;0
389;rocket_site_spawn;2969.25;11.00;478.93;0.00;0
389;synthetic_refinery;2919.08;11.00;449.67;0.00;0
389;supply_node;2947.51;11.00;495.99;0.00;0
390;arms_factory;3644.00;11.00;467.99;0.00;0
390;industrial_complex;3663.17;11.00;433.06;0.00;0
390;air_base;3661.16;11.00;453.13;0.00;0
390;anti_air_building;3660.69;11.00;475.65;0.00;0
390;bunker;3685.33;11.00;449.46;0.00;0
390;fuel_silo;3649.87;11.00;456.50;0.00;0
390;radar_station;3681.48;11.00;467.20;0.00;0
390;nuclear_reactor_spawn;3652.43;11.00;475.45;0.00;0
390;rocket_site_spawn;3671.77;11.00;469.88;0.00;0
390;synthetic_refinery;3655.98;11.00;466.49;0.00;0
390;supply_node;3669.05;11.00;462.12;0.00;0
391;arms_factory;2982.51;11.00;513.72;0.00;0
391;industrial_complex;3001.28;11.00;522.19;0.00;0
391;air_base;3001.23;11.00;488.06;0.00;0
391;anti_air_building;3012.41;11.00;476.65;0.00;0
391;bunker;2988.79;11.00;495.97;0.00;0
391;fuel_silo;3017.03;11.00;496.99;0.00;0
391;radar_station;3000.92;11.00;457.53;0.00;0
391;nuclear_reactor_spawn;3011.60;11.00;530.23;0.00;0
391;rocket_site_spawn;3018.54;11.00;522.36;0.00;0
391;synthetic_refinery;3010.44;11.00;515.32;0.00;0
391;supply_node;2995.50;11.00;512.53;0.00;0
392;arms_factory;3845.84;11.00;473.26;0.00;0
392;industrial_complex;3853.19;11.00;457.26;0.00;0
392;air_base;3862.41;11.00;443.07;0.00;0
392;anti_air_building;3859.72;11.00;427.78;0.00;0
392;bunker;3829.22;11.00;472.87;0.00;0
392;fuel_silo;3900.01;11.00;441.44;0.00;0
392;radar_station;3896.44;11.00;471.28;0.00;0
392;nuclear_reactor_spawn;3841.09;11.00;450.99;0.00;0
392;rocket_site_spawn;3876.93;11.00;459.72;0.00;0
392;synthetic_refinery;3883.76;11.00;444.29;0.00;0
392;supply_node;3902.97;11.00;455.88;0.00;0
393;arms_factory;2850.88;11.00;462.71;0.00;0
393;industrial_complex;2832.51;11.00;464.89;0.00;0
393;air_base;2874.24;11.00;445.18;0.00;0
393;anti_air_building;2821.68;11.00;446.73;0.00;0
393;bunker;2873.10;11.00;424.99;0.00;0
393;fuel_silo;2867.13;11.00;463.99;0.00;0
393;radar_station;2883.28;11.00;463.30;0.00;0
393;nuclear_reactor_spawn;2830.11;11.00;478.09;0.00;0
393;rocket_site_spawn;2901.92;11.00;456.21;0.00;0
393;synthetic_refinery;2857.51;11.00;448.19;0.00;0
393;supply_node;2904.63;11.00;438.55;0.00;0
394;arms_factory;2805.18;11.00;472.30;0.00;0
394;industrial_complex;2802.67;11.00;446.59;0.00;0
394;air_base;2759.18;11.00;433.06;0.00;0
394;anti_air_building;2812.76;11.00;456.30;0.00;0
394;bunker;2778.28;11.00;457.97;0.00;0
394;fuel_silo;2781.83;11.00;489.62;0.00;0
394;radar_station;2806.89;11.00;484.32;0.00;0
394;nuclear_reactor_spawn;2766.83;11.00;466.10;0.00;0
394;rocket_site_spawn;2800.38;11.00;431.50;0.00;0
394;synthetic_refinery;2790.99;11.00;456.50;0.00;0
394;supply_node;2791.81;11.00;470.33;0.00;0
394;dockyard;2791.23;11.00;482.13;0.00;0
394;coastal_bunker;2743.66;11.00;407.45;0.00;0
395;arms_factory;2421.88;11.00;533.96;0.00;0
395;industrial_complex;2371.14;11.00;473.99;0.00;0
395;air_base;2395.76;11.00;503.85;0.00;0
395;anti_air_building;2399.65;11.00;468.68;0.00;0
395;bunker;2470.23;11.00;509.40;0.00;0
395;fuel_silo;2418.65;11.00;518.01;0.00;0
395;radar_station;2463.28;11.00;495.17;0.00;0
395;nuclear_reactor_spawn;2388.39;11.00;526.27;0.00;0
395;rocket_site_spawn;2445.17;11.00;509.27;0.00;0
395;synthetic_refinery;2431.02;11.00;513.97;0.00;0
395;supply_node;2478.92;11.00;499.99;0.00;0
395;dockyard;2416.40;11.00;491.98;0.00;0
395;coastal_bunker;2372.84;11.00;506.93;0.00;0
396;arms_factory;3495.19;11.00;435.28;0.00;0
396;industrial_complex;3512.99;11.00;428.85;0.00;0
396;air_base;3518.99;11.00;519.42;0.00;0
396;anti_air_building;3557.61;11.00;469.97;0.00;0
396;bunker;3545.30;11.00;376.98;0.00;0
396;fuel_silo;3506.40;11.00;522.16;0.00;0
396;radar_station;3563.37;11.00;443.52;0.00;0
396;nuclear_reactor_spawn;3561.31;11.00;433.18;0.00;0
396;rocket_site_spawn;3501.47;11.00;509.58;0.00;0
396;synthetic_refinery;3545.64;11.00;477.95;0.00;0
396;supply_node;3541.71;11.00;411.96;0.00;0
397;arms_factory;2594.91;11.00;456.65;0.00;0
397;industrial_complex;2589.73;11.00;432.53;0.00;0
397;air_base;2599.62;11.00;466.91;0.00;0
397;anti_air_building;2623.47;11.00;456.64;0.00;0
397;bunker;2608.58;11.00;434.90;0.00;0
397;fuel_silo;2582.75;11.00;456.20;0.00;0
397;radar_station;2616.34;11.00;442.32;0.00;0
397;nuclear_reactor_spawn;2605.50;11.00;447.38;0.00;0
397;rocket_site_spawn;2590.42;11.00;446.20;0.00;0
397;synthetic_refinery;2589.61;11.00;469.69;0.00;0
397;supply_node;2599.30;11.00;422.99;0.00;0
397;dockyard;2581.98;11.00;439.32;0.00;0
397;coastal_bunker;2580.25;11.00;465.51;0.00;0
398;arms_factory;3634.80;11.00;441.47;0.00;0
398;industrial_complex;3617.23;11.00;457.83;0.00;0
398;air_base;3599.67;11.00;436.58;0.00;0
398;anti_air_building;3588.28;11.00;468.02;0.00;0
398;bunker;3580.87;11.00;455.29;0.00;0
398;fuel_silo;3616.61;11.00;439.12;0.00;0
398;radar_station;3617.85;11.00;473.72;0.00;0
398;nuclear_reactor_spawn;3590.17;11.00;445.83;0.00;0
398;rocket_site_spawn;3587.40;11.00;432.54;0.00;0
398;synthetic_refinery;3633.04;11.00;471.67;0.00;0
398;supply_node;3601.30;11.00;470.29;0.00;0
4;arms_factory;3207.20;11.00;1177.18;0.00;0
4;industrial_complex;3140.70;11.00;1204.62;0.00;0
4;air_base;3196.37;11.00;1201.68;0.00;0
4;anti_air_building;3142.09;11.00;1164.80;0.00;0
4;bunker;3142.40;11.00;1179.53;0.00;0
4;fuel_silo;3131.64;11.00;1237.47;0.00;0
4;radar_station;3160.24;11.00;1215.59;0.00;0
4;nuclear_reactor_spawn;3169.74;11.00;1162.93;0.00;0
4;rocket_site_spawn;3174.06;11.00;1193.19;0.00;0
4;synthetic_refinery;3186.57;11.00;1165.58;0.00;0
4;supply_node;3218.89;11.00;1195.66;0.00;0
4;dockyard;3149.10;11.00;1235.05;0.00;0
4;coastal_bunker;3132.87;11.00;1224.54;0.00;0
40;arms_factory;1615.10;11.00;1248.52;0.00;0
40;industrial_complex;1615.10;11.00;1248.52;0.00;0
40;air_base;1615.10;11.00;1248.52;0.00;0
40;anti_air_building;1615.10;11.00;1248.52;0.00;0
40;bunker;1615.10;11.00;1248.52;0.00;0
40;fuel_silo;1615.10;11.00;1248.52;0.00;0
40;radar_station;1615.10;11.00;1248.52;0.00;0
40;nuclear_reactor_spawn;1615.10;11.00;1248.52;0.00;0
40;rocket_site_spawn;1615.10;11.00;1248.52;0.00;0
40;synthetic_refinery;1615.10;11.00;1248.52;0.00;0
40;supply_node;1615.10;11.00;1248.52;0.00;0
40;dockyard;1615.10;11.00;1248.52;0.00;0
40;coastal_bunker;1615.10;11.00;1248.52;0.00;0
399;arms_factory;2230.16;11.00;449.15;0.00;0
399;industrial_complex;2220.34;11.00;436.05;0.00;0
399;air_base;2195.41;11.00;411.85;0.00;0
399;anti_air_building;2218.98;11.00;451.64;0.00;0
399;bunker;2177.47;11.00;462.28;0.00;0
399;fuel_silo;2197.40;11.00;423.43;0.00;0
399;radar_station;2182.04;11.00;437.83;0.00;0
399;nuclear_reactor_spawn;2205.36;11.00;439.76;0.00;0
399;rocket_site_spawn;2176.98;11.00;447.45;0.00;0
399;synthetic_refinery;2190.68;11.00;454.37;0.00;0
399;supply_node;2207.73;11.00;459.04;0.00;0
400;arms_factory;3767.78;11.00;470.60;0.00;0
400;industrial_complex;3737.28;11.00;416.45;0.00;0
400;air_base;3764.86;11.00;448.54;0.00;0
400;anti_air_building;3753.38;11.00;423.24;0.00;0
400;bunker;3745.97;11.00;463.16;0.00;0
400;fuel_silo;3753.10;11.00;403.69;0.00;0
400;radar_station;3774.58;11.00;445.85;0.00;0
400;nuclear_reactor_spawn;3738.37;11.00;428.90;0.00;0
400;rocket_site_spawn;3734.27;11.00;441.43;0.00;0
400;synthetic_refinery;3752.87;11.00;474.36;0.00;0
400;supply_node;3738.69;11.00;471.51;0.00;0
400;dockyard;3759.36;11.00;464.02;0.00;0
400;coastal_bunker;3773.73;11.00;463.43;0.00;0
401;arms_factory;3927.29;11.00;428.92;0.00;0
401;industrial_complex;3914.76;11.00;497.24;0.00;0
401;air_base;3915.06;11.00;433.98;0.00;0
401;anti_air_building;3930.38;11.00;464.22;0.00;0
401;bunker;3941.53;11.00;501.58;0.00;0
401;fuel_silo;3925.68;11.00;454.24;0.00;0
401;radar_station;3930.91;11.00;500.47;0.00;0
401;nuclear_reactor_spawn;3940.44;11.00;453.01;0.00;0
401;rocket_site_spawn;3922.28;11.00;488.74;0.00;0
401;synthetic_refinery;3921.51;11.00;472.91;0.00;0
401;supply_node;3940.77;11.00;511.63;0.00;0
401;dockyard;3939.84;11.00;489.80;0.00;0
401;coastal_bunker;3904.20;11.00;489.87;0.00;0
402;arms_factory;3958.14;11.00;439.58;0.00;0
402;industrial_complex;3985.59;11.00;486.70;0.00;0
402;air_base;3950.11;11.00;481.35;0.00;0
402;anti_air_building;3965.54;11.00;449.78;0.00;0
402;bunker;3946.21;11.00;472.27;0.00;0
402;fuel_silo;3962.62;11.00;463.09;0.00;0
402;radar_station;3947.00;11.00;461.95;0.00;0
402;nuclear_reactor_spawn;3966.34;11.00;473.77;0.00;0
402;rocket_site_spawn;3981.55;11.00;515.92;0.00;0
402;synthetic_refinery;3994.52;11.00;480.55;0.00;0
402;supply_node;3971.68;11.00;503.82;0.00;0
402;dockyard;3979.39;11.00;460.29;0.00;0
402;coastal_bunker;3976.82;11.00;523.71;0.00;0
403;arms_factory;2473.07;11.00;384.88;0.00;0
403;industrial_complex;2441.57;11.00;362.92;0.00;0
403;air_base;2470.20;11.00;368.77;0.00;0
403;anti_air_building;2462.51;11.00;341.87;0.00;0
403;bunker;2471.36;11.00;344.25;0.00;0
403;fuel_silo;2454.10;11.00;356.38;0.00;0
403;radar_station;2477.54;11.00;361.64;0.00;0
403;nuclear_reactor_spawn;2450.13;11.00;346.75;0.00;0
403;rocket_site_spawn;2464.05;11.00;399.90;0.00;0
403;synthetic_refinery;2451.74;11.00;383.49;0.00;0
403;supply_node;2452.53;11.00;335.81;0.00;0
403;dockyard;2461.62;11.00;384.50;0.00;0
403;coastal_bunker;2440.48;11.00;376.68;0.00;0
404;arms_factory;2077.77;11.00;451.22;0.00;0
404;industrial_complex;2098.37;11.00;474.70;0.00;0
404;air_base;2089.86;11.00;445.36;0.00;0
404;anti_air_building;2108.76;11.00;434.69;0.00;0
404;bunker;2066.57;11.00;462.98;0.00;0
404;fuel_silo;2101.03;11.00;413.59;0.00;0
404;radar_station;2095.82;11.00;454.47;0.00;0
404;nuclear_reactor_spawn;2127.11;11.00;428.35;0.00;0
404;rocket_site_spawn;2062.64;11.00;418.41;0.00;0
404;synthetic_refinery;2064.28;11.00;440.97;0.00;0
404;supply_node;2120.04;11.00;460.16;0.00;0
404;dockyard;2086.25;11.00;473.06;0.00;0
404;coastal_bunker;2086.15;11.00;414.27;0.00;0
405;arms_factory;2356.30;11.00;433.60;0.00;0
405;industrial_complex;2334.59;11.00;453.03;0.00;0
405;air_base;2316.10;11.00;490.24;0.00;0
405;anti_air_building;2339.03;11.00;437.68;0.00;0
405;bunker;2322.10;11.00;471.66;0.00;0
405;fuel_silo;2309.84;11.00;503.68;0.00;0
405;radar_station;2335.93;11.00;473.58;0.00;0
405;nuclear_reactor_spawn;2347.91;11.00;443.72;0.00;0
405;rocket_site_spawn;2336.63;11.00;420.94;0.00;0
405;synthetic_refinery;2319.18;11.00;456.26;0.00;0
405;supply_node;2347.93;11.00;480.96;0.00;0
406;arms_factory;3784.84;11.00;449.50;0.00;0
406;industrial_complex;3795.49;11.00;442.07;0.00;0
406;air_base;3840.88;11.00;410.60;0.00;0
406;anti_air_building;3828.30;11.00;430.34;0.00;0
406;bunker;3843.67;11.00;427.26;0.00;0
406;fuel_silo;3782.64;11.00;422.85;0.00;0
406;radar_station;3806.05;11.00;437.57;0.00;0
406;nuclear_reactor_spawn;3806.47;11.00;412.39;0.00;0
406;rocket_site_spawn;3822.88;11.00;451.23;0.00;0
406;synthetic_refinery;3857.80;11.00;413.96;0.00;0
406;supply_node;3823.97;11.00;417.45;0.00;0
406;dockyard;3808.96;11.00;454.31;0.00;0
406;coastal_bunker;3781.08;11.00;435.74;0.00;0
407;arms_factory;2241.99;11.00;380.99;0.00;0
407;industrial_complex;2228.56;11.00;377.13;0.00;0
407;air_base;2234.07;11.00;389.04;0.00;0
407;anti_air_building;2243.18;11.00;434.01;0.00;0
407;bunker;2244.09;11.00;422.31;0.00;0
407;fuel_silo;2255.65;11.00;399.68;0.00;0
407;radar_station;2207.99;11.00;406.13;0.00;0
407;nuclear_reactor_spawn;2276.36;11.00;425.84;0.00;0
407;rocket_site_spawn;2221.11;11.00;422.56;0.00;0
407;synthetic_refinery;2266.02;11.00;419.38;0.00;0
407;supply_node;2235.49;11.00;411.94;0.00;0
408;arms_factory;2139.67;11.00;438.50;0.00;0
408;industrial_complex;2161.58;11.00;446.51;0.00;0
408;air_base;2162.69;11.00;423.51;0.00;0
408;anti_air_building;2169.73;11.00;395.26;0.00;0
408;bunker;2155.07;11.00;390.18;0.00;0
408;fuel_silo;2144.53;11.00;384.18;0.00;0
408;radar_station;2154.76;11.00;436.55;0.00;0
408;nuclear_reactor_spawn;2179.24;11.00;402.80;0.00;0
408;rocket_site_spawn;2172.96;11.00;413.64;0.00;0
408;synthetic_refinery;2148.06;11.00;446.65;0.00;0
408;supply_node;2173.70;11.00;427.82;0.00;0
408;dockyard;2145.01;11.00;400.10;0.00;0
408;coastal_bunker;2117.69;11.00;380.80;0.00;0
41;arms_factory;3806.16;11.00;1129.83;0.00;0
41;industrial_complex;3806.16;11.00;1129.83;0.00;0
41;air_base;3806.16;11.00;1129.83;0.00;0
41;anti_air_building;3806.16;11.00;1129.83;0.00;0
41;bunker;3806.16;11.00;1129.83;0.00;0
41;fuel_silo;3806.16;11.00;1129.83;0.00;0
41;radar_station;3806.16;11.00;1129.83;0.00;0
41;nuclear_reactor_spawn;3806.16;11.00;1129.83;0.00;0
41;rocket_site_spawn;3806.16;11.00;1129.83;0.00;0
41;synthetic_refinery;3806.16;11.00;1129.83;0.00;0
41;supply_node;3806.16;11.00;1129.83;0.00;0
409;arms_factory;2316.79;11.00;445.21;0.00;0
409;industrial_complex;2317.26;11.00;408.36;0.00;0
409;air_base;2291.98;11.00;435.55;0.00;0
409;anti_air_building;2330.07;11.00;410.07;0.00;0
409;bunker;2309.13;11.00;438.32;0.00;0
409;fuel_silo;2306.11;11.00;455.63;0.00;0
409;radar_station;2294.28;11.00;424.24;0.00;0
409;nuclear_reactor_spawn;2291.62;11.00;462.05;0.00;0
409;rocket_site_spawn;2286.51;11.00;449.01;0.00;0
409;synthetic_refinery;2305.34;11.00;415.80;0.00;0
409;supply_node;2314.61;11.00;421.72;0.00;0
410;arms_factory;3027.43;11.00;468.52;0.00;0
410;industrial_complex;3003.10;11.00;436.23;0.00;0
410;air_base;3011.20;11.00;416.99;0.00;0
410;anti_air_building;3050.17;11.00;456.03;0.00;0
410;bunker;3062.87;11.00;432.98;0.00;0
410;fuel_silo;3019.70;11.00;451.14;0.00;0
410;radar_station;3020.73;11.00;403.21;0.00;0
410;nuclear_reactor_spawn;3037.33;11.00;439.30;0.00;0
410;rocket_site_spawn;2997.21;11.00;417.68;0.00;0
410;synthetic_refinery;3019.68;11.00;435.32;0.00;0
410;supply_node;3036.58;11.00;457.03;0.00;0
410;dockyard;3063.36;11.00;452.97;0.00;0
410;coastal_bunker;3072.78;11.00;441.22;0.00;0
411;arms_factory;2822.64;11.00;422.90;0.00;0
411;industrial_complex;2807.34;11.00;415.21;0.00;0
411;air_base;2827.38;11.00;389.68;0.00;0
411;anti_air_building;2799.44;11.00;373.71;0.00;0
411;bunker;2802.31;11.00;358.47;0.00;0
411;fuel_silo;2839.17;11.00;428.47;0.00;0
411;radar_station;2851.66;11.00;423.76;0.00;0
411;nuclear_reactor_spawn;2788.24;11.00;369.46;0.00;0
411;rocket_site_spawn;2805.15;11.00;400.94;0.00;0
411;synthetic_refinery;2807.59;11.00;388.46;0.00;0
411;supply_node;2839.01;11.00;377.98;0.00;0
411;dockyard;2817.79;11.00;403.96;0.00;0
411;coastal_bunker;2811.81;11.00;373.00;0.00;0
412;arms_factory;2353.33;11.00;419.03;0.00;0
412;industrial_complex;2352.96;11.00;386.64;0.00;0
412;air_base;2356.81;11.00;403.14;0.00;0
412;anti_air_building;2381.67;11.00;409.70;0.00;0
412;bunker;2345.73;11.00;400.14;0.00;0
412;fuel_silo;2391.58;11.00;392.77;0.00;0
412;radar_station;2377.81;11.00;394.72;0.00;0
412;nuclear_reactor_spawn;2394.54;11.00;377.72;0.00;0
412;rocket_site_spawn;2366.19;11.00;414.78;0.00;0
412;synthetic_refinery;2362.85;11.00;392.21;0.00;0
412;supply_node;2371.42;11.00;405.04;0.00;0
412;dockyard;2366.17;11.00;426.70;0.00;0
412;coastal_bunker;2343.54;11.00;411.78;0.00;0
413;arms_factory;2349.67;11.00;467.17;0.00;0
413;industrial_complex;2383.22;11.00;440.92;0.00;0
413;air_base;2394.43;11.00;436.95;0.00;0
413;anti_air_building;2408.66;11.00;411.64;0.00;0
413;bunker;2371.11;11.00;453.71;0.00;0
413;fuel_silo;2394.20;11.00;459.21;0.00;0
413;radar_station;2381.95;11.00;426.14;0.00;0
413;nuclear_reactor_spawn;2363.84;11.00;444.55;0.00;0
413;rocket_site_spawn;2360.69;11.00;462.53;0.00;0
413;synthetic_refinery;2350.36;11.00;453.88;0.00;0
413;supply_node;2397.26;11.00;448.31;0.00;0
413;dockyard;2398.01;11.00;424.74;0.00;0
413;coastal_bunker;2391.18;11.00;416.75;0.00;0
414;arms_factory;2901.96;11.00;415.31;0.00;0
414;industrial_complex;2886.75;11.00;401.95;0.00;0
414;air_base;2938.71;11.00;399.29;0.00;0
414;anti_air_building;2939.10;11.00;418.28;0.00;0
414;bunker;2978.43;11.00;425.66;0.00;0
414;fuel_silo;2886.18;11.00;386.89;0.00;0
414;radar_station;2899.34;11.00;390.44;0.00;0
414;nuclear_reactor_spawn;2919.32;11.00;426.04;0.00;0
414;rocket_site_spawn;2922.44;11.00;392.62;0.00;0
414;synthetic_refinery;2956.56;11.00;420.79;0.00;0
414;supply_node;2921.78;11.00;407.78;0.00;0
414;dockyard;2908.21;11.00;398.18;0.00;0
414;coastal_bunker;2985.25;11.00;438.12;0.00;0
415;arms_factory;3067.48;11.00;399.25;0.00;0
415;industrial_complex;3053.76;11.00;394.42;0.00;0
415;air_base;3045.45;11.00;419.25;0.00;0
415;anti_air_building;3057.87;11.00;409.90;0.00;0
415;bunker;3037.76;11.00;407.16;0.00;0
415;fuel_silo;3056.61;11.00;382.42;0.00;0
415;radar_station;3051.57;11.00;379.39;0.00;0
415;nuclear_reactor_spawn;3067.48;11.00;399.25;0.00;0
415;rocket_site_spawn;3053.76;11.00;394.42;0.00;0
415;synthetic_refinery;3045.45;11.00;419.25;0.00;0
415;supply_node;3057.87;11.00;409.90;0.00;0
415;dockyard;3037.76;11.00;407.16;0.00;0
415;coastal_bunker;3056.61;11.00;382.42;0.00;0
416;arms_factory;3704.51;11.00;426.21;0.00;0
416;industrial_complex;3720.06;11.00;406.62;0.00;0
416;air_base;3699.63;11.00;413.67;0.00;0
416;anti_air_building;3711.33;11.00;402.33;0.00;0
416;bunker;3737.38;11.00;398.16;0.00;0
416;fuel_silo;3739.37;11.00;365.28;0.00;0
416;radar_station;3720.49;11.00;416.38;0.00;0
416;nuclear_reactor_spawn;3697.74;11.00;431.29;0.00;0
416;rocket_site_spawn;3751.72;11.00;368.70;0.00;0
416;synthetic_refinery;3709.17;11.00;439.39;0.00;0
416;supply_node;3762.24;11.00;374.22;0.00;0
416;dockyard;3729.09;11.00;387.60;0.00;0
416;coastal_bunker;3710.58;11.00;415.47;0.00;0
417;arms_factory;3911.84;11.00;420.72;0.00;0
417;industrial_complex;3901.65;11.00;370.78;0.00;0
417;air_base;3895.02;11.00;408.93;0.00;0
417;anti_air_building;3907.06;11.00;400.82;0.00;0
417;bunker;3883.43;11.00;391.70;0.00;0
417;fuel_silo;3873.37;11.00;417.60;0.00;0
417;radar_station;3888.57;11.00;426.81;0.00;0
417;nuclear_reactor_spawn;3867.55;11.00;398.59;0.00;0
417;rocket_site_spawn;3901.07;11.00;431.25;0.00;0
417;synthetic_refinery;3901.56;11.00;418.48;0.00;0
417;supply_node;3882.90;11.00;411.45;0.00;0
417;dockyard;3895.95;11.00;398.84;0.00;0
417;coastal_bunker;3914.89;11.00;390.38;0.00;0
418;arms_factory;2075.80;11.00;406.38;0.00;0
418;industrial_complex;2096.46;11.00;385.82;0.00;0
418;air_base;2062.42;11.00;384.71;0.00;0
418;anti_air_building;2078.79;11.00;393.38;0.00;0
418;bunker;2106.63;11.00;398.66;0.00;0
418;fuel_silo;2060.43;11.00;407.52;0.00;0
418;radar_station;2094.78;11.00;405.72;0.00;0
418;nuclear_reactor_spawn;2085.47;11.00;400.34;0.00;0
418;rocket_site_spawn;2068.34;11.00;400.57;0.00;0
418;synthetic_refinery;2095.80;11.00;394.98;0.00;0
418;supply_node;2069.39;11.00;388.73;0.00;0
418;dockyard;2087.31;11.00;388.27;0.00;0
418;coastal_bunker;2077.44;11.00;384.88;0.00;0
42;arms_factory;2927.02;11.00;1209.18;0.00;0
42;industrial_complex;2944.73;11.00;1194.27;0.00;0
42;air_base;2920.36;11.00;1232.57;0.00;0
42;anti_air_building;2931.90;11.00;1194.51;0.00;0
42;bunker;2933.38;11.00;1242.35;0.00;0
42;fuel_silo;2931.01;11.00;1235.53;0.00;0
42;radar_station;2929.15;11.00;1224.24;0.00;0
42;nuclear_reactor_spawn;2938.33;11.00;1217.38;0.00;0
42;rocket_site_spawn;2941.22;11.00;1205.77;0.00;0
42;synthetic_refinery;2927.02;11.00;1209.18;0.00;0
42;supply_node;2944.73;11.00;1194.27;0.00;0
42;dockyard;2920.36;11.00;1232.57;0.00;0
42;coastal_bunker;2931.90;11.00;1194.51;0.00;0
419;arms_factory;2571.29;11.00;383.80;0.00;0
419;industrial_complex;2617.88;11.00;401.52;0.00;0
419;air_base;2601.62;11.00;399.85;0.00;0
419;anti_air_building;2608.51;11.00;411.16;0.00;0
419;bunker;2632.94;11.00;368.72;0.00;0
419;fuel_silo;2589.36;11.00;393.95;0.00;0
419;radar_station;2580.47;11.00;375.80;0.00;0
419;nuclear_reactor_spawn;2592.22;11.00;381.65;0.00;0
419;rocket_site_spawn;2612.20;11.00;420.03;0.00;0
419;synthetic_refinery;2619.03;11.00;413.51;0.00;0
419;supply_node;2583.84;11.00;412.06;0.00;0
419;dockyard;2596.65;11.00;412.77;0.00;0
419;coastal_bunker;2588.92;11.00;405.48;0.00;0
420;arms_factory;3473.71;11.00;436.65;0.00;0
420;industrial_complex;3460.92;11.00;403.65;0.00;0
420;air_base;3477.30;11.00;375.19;0.00;0
420;anti_air_building;3495.89;11.00;386.90;0.00;0
420;bunker;3485.49;11.00;418.61;0.00;0
420;fuel_silo;3509.99;11.00;399.17;0.00;0
420;radar_station;3511.20;11.00;375.39;0.00;0
420;nuclear_reactor_spawn;3502.91;11.00;414.44;0.00;0
420;rocket_site_spawn;3485.74;11.00;399.45;0.00;0
420;synthetic_refinery;3453.55;11.00;389.16;0.00;0
420;supply_node;3471.04;11.00;414.94;0.00;0
420;dockyard;3523.09;11.00;392.69;0.00;0
420;coastal_bunker;3471.78;11.00;390.72;0.00;0
421;arms_factory;2281.24;11.00;317.55;0.00;0
421;industrial_complex;2320.35;11.00;332.72;0.00;0
421;air_base;2350.76;11.00;326.85;0.00;0
421;anti_air_building;2324.90;11.00;300.10;0.00;0
421;bunker;2306.06;11.00;362.96;0.00;0
421;fuel_silo;2305.44;11.00;343.17;0.00;0
421;radar_station;2330.58;11.00;324.79;0.00;0
421;nuclear_reactor_spawn;2362.62;11.00;333.86;0.00;0
421;rocket_site_spawn;2315.91;11.00;293.59;0.00;0
421;synthetic_refinery;2293.11;11.00;363.32;0.00;0
421;supply_node;2262.46;11.00;332.08;0.00;0
421;dockyard;2286.29;11.00;400.25;0.00;0
421;coastal_bunker;2301.62;11.00;284.52;0.00;0
422;arms_factory;3605.47;11.00;376.96;0.00;0
422;industrial_complex;3587.34;11.00;354.43;0.00;0
422;air_base;3591.82;11.00;366.75;0.00;0
422;anti_air_building;3599.53;11.00;408.11;0.00;0
422;bunker;3587.12;11.00;336.27;0.00;0
422;fuel_silo;3583.94;11.00;384.87;0.00;0
422;radar_station;3595.20;11.00;343.37;0.00;0
422;nuclear_reactor_spawn;3608.28;11.00;416.96;0.00;0
422;rocket_site_spawn;3591.90;11.00;396.08;0.00;0
422;synthetic_refinery;3571.47;11.00;399.50;0.00;0
422;supply_node;3573.05;11.00;390.16;0.00;0
422;dockyard;3616.66;11.00;402.60;0.00;0
422;coastal_bunker;3606.87;11.00;365.51;0.00;0
423;arms_factory;2169.48;11.00;368.44;0.00;0
423;industrial_complex;2177.70;11.00;358.68;0.00;0
423;air_base;2200.39;11.00;382.14;0.00;0
423;anti_air_building;2191.30;11.00;389.09;0.00;0
423;bunker;2175.44;11.00;378.95;0.00;0
423;fuel_silo;2157.55;11.00;369.42;0.00;0
423;radar_station;2185.91;11.00;375.42;0.00;0
423;nuclear_reactor_spawn;2191.24;11.00;402.08;0.00;0
423;rocket_site_spawn;2201.67;11.00;396.25;0.00;0
423;synthetic_refinery;2179.83;11.00;389.95;0.00;0
423;supply_node;2165.40;11.00;384.35;0.00;0
424;arms_factory;3334.21;11.00;412.86;0.00;0
424;industrial_complex;3324.56;11.00;437.74;0.00;0
424;air_base;3285.26;11.00;455.45;0.00;0
424;anti_air_building;3329.41;11.00;381.09;0.00;0
424;bunker;3356.72;11.00;442.76;0.00;0
424;fuel_silo;3277.75;11.00;419.13;0.00;0
424;radar_station;3353.46;11.00;421.71;0.00;0
424;nuclear_reactor_spawn;3346.25;11.00;387.03;0.00;0
424;rocket_site_spawn;3320.26;11.00;414.09;0.00;0
424;synthetic_refinery;3325.20;11.00;449.54;0.00;0
424;supply_node;3314.25;11.00;394.37;0.00;0
424;dockyard;3323.93;11.00;400.95;0.00;0
424;coastal_bunker;3285.64;11.00;438.62;0.00;0
425;arms_factory;3851.77;11.00;394.77;0.00;0
425;industrial_complex;3884.32;11.00;340.20;0.00;0
425;air_base;3858.78;11.00;349.54;0.00;0
425;anti_air_building;3870.16;11.00;378.30;0.00;0
425;bunker;3842.43;11.00;382.05;0.00;0
425;fuel_silo;3890.22;11.00;354.93;0.00;0
425;radar_station;3886.32;11.00;375.60;0.00;0
425;nuclear_reactor_spawn;3855.90;11.00;375.59;0.00;0
425;rocket_site_spawn;3878.58;11.00;363.69;0.00;0
425;synthetic_refinery;3864.64;11.00;362.34;0.00;0
425;supply_node;3852.36;11.00;362.52;0.00;0
425;dockyard;3872.98;11.00;349.56;0.00;0
425;coastal_bunker;3867.23;11.00;336.18;0.00;0
426;arms_factory;3328.48;11.00;361.18;0.00;0
426;industrial_complex;3355.43;11.00;347.16;0.00;0
426;air_base;3339.63;11.00;338.22;0.00;0
426;anti_air_building;3317.46;11.00;357.13;0.00;0
426;bunker;3350.41;11.00;365.32;0.00;0
426;fuel_silo;3316.43;11.00;370.33;0.00;0
426;radar_station;3309.33;11.00;354.27;0.00;0
426;nuclear_reactor_spawn;3337.66;11.00;352.14;0.00;0
426;rocket_site_spawn;3328.48;11.00;361.18;0.00;0
426;synthetic_refinery;3355.43;11.00;347.16;0.00;0
426;supply_node;3339.63;11.00;338.22;0.00;0
426;dockyard;3317.46;11.00;357.13;0.00;0
426;coastal_bunker;3350.41;11.00;365.32;0.00;0
427;arms_factory;2239.42;11.00;295.44;0.00;0
427;industrial_complex;2234.86;11.00;323.88;0.00;0
427;air_base;2241.36;11.00;282.64;0.00;0
427;anti_air_building;2193.86;11.00;352.72;0.00;0
427;bunker;2200.81;11.00;303.04;0.00;0
427;fuel_silo;2227.86;11.00;362.22;0.00;0
427;radar_station;2191.01;11.00;306.41;0.00;0
427;nuclear_reactor_spawn;2259.38;11.00;296.57;0.00;0
427;rocket_site_spawn;2180.36;11.00;281.41;0.00;0
427;synthetic_refinery;2202.79;11.00;318.21;0.00;0
427;supply_node;2191.42;11.00;327.16;0.00;0
427;dockyard;2258.31;11.00;314.22;0.00;0
427;coastal_bunker;2227.08;11.00;289.57;0.00;0
428;arms_factory;3904.36;11.00;342.35;0.00;0
428;industrial_complex;3925.03;11.00;360.27;0.00;0
428;air_base;3933.82;11.00;373.57;0.00;0
428;anti_air_building;3944.64;11.00;364.07;0.00;0
428;bunker;3937.45;11.00;356.03;0.00;0
428;fuel_silo;3908.42;11.00;357.67;0.00;0
428;radar_station;3948.35;11.00;352.62;0.00;0
428;nuclear_reactor_spawn;3920.76;11.00;345.52;0.00;0
428;rocket_site_spawn;3904.36;11.00;342.35;0.00;0
428;synthetic_refinery;3925.03;11.00;360.27;0.00;0
428;supply_node;3933.82;11.00;373.57;0.00;0
428;dockyard;3944.64;11.00;364.07;0.00;0
428;coastal_bunker;3937.45;11.00;356.03;0.00;0
43;arms_factory;3773.83;11.00;1169.56;0.00;0
43;industrial_complex;3744.70;11.00;1115.39;0.00;0
43;air_base;3705.68;11.00;1207.31;0.00;0
43;anti_air_building;3742.43;11.00;1205.84;0.00;0
43;bunker;3703.50;11.00;1148.38;0.00;0
43;fuel_silo;3784.62;11.00;1133.88;0.00;0
43;radar_station;3746.89;11.00;1175.86;0.00;0
43;nuclear_reactor_spawn;3799.66;11.00;1161.66;0.00;0
43;rocket_site_spawn;3763.15;11.00;1116.86;0.00;0
43;synthetic_refinery;3699.17;11.00;1180.64;0.00;0
43;supply_node;3723.37;11.00;1102.01;0.00;0
429;arms_factory;2155.95;11.00;340.73;0.00;0
429;industrial_complex;2143.20;11.00;367.42;0.00;0
429;air_base;2176.16;11.00;316.83;0.00;0
429;anti_air_building;2142.12;11.00;322.97;0.00;0
429;bunker;2184.18;11.00;346.41;0.00;0
429;fuel_silo;2151.78;11.00;327.06;0.00;0
429;radar_station;2170.60;11.00;349.40;0.00;0
429;nuclear_reactor_spawn;2134.77;11.00;369.90;0.00;0
429;rocket_site_spawn;2150.00;11.00;357.19;0.00;0
429;synthetic_refinery;2161.12;11.00;356.54;0.00;0
429;supply_node;2174.45;11.00;339.05;0.00;0
429;dockyard;2168.84;11.00;330.53;0.00;0
429;coastal_bunker;2180.56;11.00;328.58;0.00;0
430;arms_factory;2618.56;11.00;312.27;0.00;0
430;industrial_complex;2628.13;11.00;325.60;0.00;0
430;air_base;2592.76;11.00;366.00;0.00;0
430;anti_air_building;2584.34;11.00;336.55;0.00;0
430;bunker;2583.95;11.00;313.56;0.00;0
430;fuel_silo;2610.03;11.00;330.08;0.00;0
430;radar_station;2584.49;11.00;297.41;0.00;0
430;nuclear_reactor_spawn;2567.26;11.00;347.58;0.00;0
430;rocket_site_spawn;2599.56;11.00;317.03;0.00;0
430;synthetic_refinery;2595.53;11.00;303.79;0.00;0
430;supply_node;2623.36;11.00;360.60;0.00;0
430;dockyard;2582.08;11.00;351.81;0.00;0
430;coastal_bunker;2606.74;11.00;360.93;0.00;0
431;arms_factory;3304.53;11.00;332.29;0.00;0
431;industrial_complex;3284.05;11.00;334.74;0.00;0
431;air_base;3312.76;11.00;321.03;0.00;0
431;anti_air_building;3318.00;11.00;339.00;0.00;0
431;bunker;3294.59;11.00;357.78;0.00;0
431;fuel_silo;3291.55;11.00;347.11;0.00;0
431;radar_station;3300.42;11.00;347.38;0.00;0
431;nuclear_reactor_spawn;3328.65;11.00;327.25;0.00;0
431;rocket_site_spawn;3292.59;11.00;327.27;0.00;0
431;synthetic_refinery;3322.21;11.00;314.65;0.00;0
431;supply_node;3304.53;11.00;332.29;0.00;0
431;dockyard;3284.05;11.00;334.74;0.00;0
431;coastal_bunker;3312.76;11.00;321.03;0.00;0
432;arms_factory;3377.40;11.00;318.69;0.00;0
432;industrial_complex;3374.06;11.00;342.10;0.00;0
432;air_base;3389.82;11.00;348.46;0.00;0
432;anti_air_building;3384.36;11.00;330.18;0.00;0
432;bunker;3363.43;11.00;329.49;0.00;0
432;fuel_silo;3388.41;11.00;313.61;0.00;0
432;radar_station;3375.14;11.00;305.84;0.00;0
432;nuclear_reactor_spawn;3377.40;11.00;318.69;0.00;0
432;rocket_site_spawn;3374.06;11.00;342.10;0.00;0
432;synthetic_refinery;3389.82;11.00;348.46;0.00;0
432;supply_node;3384.36;11.00;330.18;0.00;0
432;dockyard;3363.43;11.00;329.49;0.00;0
432;coastal_bunker;3388.41;11.00;313.61;0.00;0
433;arms_factory;3897.35;11.00;313.26;0.00;0
433;industrial_complex;3880.28;11.00;299.27;0.00;0
433;air_base;3866.26;11.00;321.84;0.00;0
433;anti_air_building;3894.95;11.00;327.93;0.00;0
433;bunker;3907.85;11.00;326.51;0.00;0
433;fuel_silo;3880.01;11.00;325.33;0.00;0
433;radar_station;3877.38;11.00;311.64;0.00;0
433;nuclear_reactor_spawn;3864.50;11.00;306.62;0.00;0
433;rocket_site_spawn;3897.35;11.00;313.26;0.00;0
433;synthetic_refinery;3880.28;11.00;299.27;0.00;0
433;supply_node;3866.26;11.00;321.84;0.00;0
433;dockyard;3894.95;11.00;327.93;0.00;0
433;coastal_bunker;3907.85;11.00;326.51;0.00;0
434;arms_factory;3932.50;11.00;335.19;0.00;0
434;industrial_complex;3934.76;11.00;300.14;0.00;0
434;air_base;3949.79;11.00;305.65;0.00;0
434;anti_air_building;3945.19;11.00;337.11;0.00;0
434;bunker;3920.40;11.00;309.30;0.00;0
434;fuel_silo;3935.32;11.00;317.50;0.00;0
434;radar_station;3919.48;11.00;324.13;0.00;0
434;nuclear_reactor_spawn;3946.88;11.00;320.42;0.00;0
434;rocket_site_spawn;3961.09;11.00;300.48;0.00;0
434;synthetic_refinery;3947.64;11.00;293.99;0.00;0
434;supply_node;3932.50;11.00;335.19;0.00;0
434;dockyard;3934.76;11.00;300.14;0.00;0
434;coastal_bunker;3949.79;11.00;305.65;0.00;0
435;arms_factory;3331.51;11.00;309.43;0.00;0
435;industrial_complex;3345.56;11.00;294.84;0.00;0
435;air_base;3361.77;11.00;290.08;0.00;0
435;anti_air_building;3362.90;11.00;301.93;0.00;0
435;bunker;3349.52;11.00;327.81;0.00;0
435;fuel_silo;3351.18;11.00;286.28;0.00;0
435;radar_station;3339.18;11.00;318.48;0.00;0
435;nuclear_reactor_spawn;3358.48;11.00;314.38;0.00;0
435;rocket_site_spawn;3347.48;11.00;306.05;0.00;0
435;synthetic_refinery;3334.48;11.00;299.70;0.00;0
435;supply_node;3331.51;11.00;309.43;0.00;0
435;dockyard;3345.56;11.00;294.84;0.00;0
435;coastal_bunker;3361.77;11.00;290.08;0.00;0
436;arms_factory;3911.37;11.00;278.11;0.00;0
436;industrial_complex;3898.95;11.00;274.27;0.00;0
436;air_base;3905.18;11.00;298.95;0.00;0
436;anti_air_building;3893.44;11.00;290.53;0.00;0
436;bunker;3919.47;11.00;291.74;0.00;0
436;fuel_silo;3898.94;11.00;258.97;0.00;0
436;radar_station;3931.14;11.00;285.51;0.00;0
436;nuclear_reactor_spawn;3911.37;11.00;278.11;0.00;0
436;rocket_site_spawn;3898.95;11.00;274.27;0.00;0
436;synthetic_refinery;3905.18;11.00;298.95;0.00;0
436;supply_node;3893.44;11.00;290.53;0.00;0
436;dockyard;3919.47;11.00;291.74;0.00;0
436;coastal_bunker;3898.94;11.00;258.97;0.00;0
437;arms_factory;3288.46;11.00;297.63;0.00;0
437;industrial_complex;3293.99;11.00;278.72;0.00;0
437;air_base;3307.03;11.00;310.16;0.00;0
437;anti_air_building;3275.85;11.00;302.65;0.00;0
437;bunker;3284.10;11.00;288.05;0.00;0
437;fuel_silo;3311.76;11.00;282.21;0.00;0
437;radar_station;3327.47;11.00;292.35;0.00;0
437;nuclear_reactor_spawn;3287.04;11.00;310.87;0.00;0
437;rocket_site_spawn;3268.50;11.00;311.55;0.00;0
437;synthetic_refinery;3297.87;11.00;299.98;0.00;0
437;supply_node;3279.40;11.00;319.45;0.00;0
437;dockyard;3298.27;11.00;316.03;0.00;0
437;coastal_bunker;3317.24;11.00;305.63;0.00;0
438;arms_factory;3494.31;11.00;346.09;0.00;0
438;industrial_complex;3488.37;11.00;291.87;0.00;0
438;air_base;3506.17;11.00;275.44;0.00;0
438;anti_air_building;3492.17;11.00;331.70;0.00;0
438;bunker;3502.03;11.00;318.09;0.00;0
438;fuel_silo;3481.73;11.00;310.98;0.00;0
438;radar_station;3488.29;11.00;357.75;0.00;0
438;nuclear_reactor_spawn;3501.25;11.00;335.79;0.00;0
438;rocket_site_spawn;3510.19;11.00;313.26;0.00;0
438;synthetic_refinery;3492.38;11.00;307.17;0.00;0
438;supply_node;3502.04;11.00;300.20;0.00;0
438;dockyard;3502.76;11.00;288.05;0.00;0
438;coastal_bunker;3476.32;11.00;288.74;0.00;0
44;arms_factory;3677.77;11.00;1061.28;0.00;0
44;industrial_complex;3634.60;11.00;1107.84;0.00;0
44;air_base;3550.86;11.00;1106.86;0.00;0
44;anti_air_building;3586.01;11.00;1146.64;0.00;0
44;bunker;3578.63;11.00;1113.30;0.00;0
44;fuel_silo;3539.99;11.00;1163.07;0.00;0
44;radar_station;3705.06;11.00;1095.10;0.00;0
44;nuclear_reactor_spawn;3570.72;11.00;1171.31;0.00;0
44;rocket_site_spawn;3673.78;11.00;1133.05;0.00;0
44;synthetic_refinery;3638.75;11.00;1133.46;0.00;0
44;supply_node;3711.11;11.00;1073.86;0.00;0
439;arms_factory;2487.68;11.00;301.60;0.00;0
439;industrial_complex;2421.18;11.00;303.10;0.00;0
439;air_base;2449.13;11.00;312.01;0.00;0
439;anti_air_building;2470.39;11.00;315.73;0.00;0
439;bunker;2447.21;11.00;299.39;0.00;0
439;fuel_silo;2431.80;11.00;326.42;0.00;0
439;radar_station;2470.01;11.00;330.12;0.00;0
439;nuclear_reactor_spawn;2433.61;11.00;314.38;0.00;0
439;rocket_site_spawn;2461.13;11.00;304.19;0.00;0
439;synthetic_refinery;2493.74;11.00;322.01;0.00;0
439;supply_node;2494.49;11.00;331.41;0.00;0
439;dockyard;2495.53;11.00;309.45;0.00;0
439;coastal_bunker;2484.43;11.00;317.53;0.00;0
440;arms_factory;3272.90;11.00;261.03;0.00;0
440;industrial_complex;3268.37;11.00;272.99;0.00;0
440;air_base;3255.48;11.00;262.43;0.00;0
440;anti_air_building;3270.94;11.00;288.19;0.00;0
440;bunker;3264.08;11.00;251.65;0.00;0
440;fuel_silo;3237.90;11.00;254.52;0.00;0
440;radar_station;3262.15;11.00;284.09;0.00;0
440;nuclear_reactor_spawn;3264.73;11.00;298.93;0.00;0
440;rocket_site_spawn;3278.29;11.00;277.24;0.00;0
440;synthetic_refinery;3258.69;11.00;271.80;0.00;0
440;supply_node;3246.35;11.00;268.19;0.00;0
440;dockyard;3234.65;11.00;264.44;0.00;0
440;coastal_bunker;3249.48;11.00;251.68;0.00;0
441;arms_factory;3346.05;11.00;259.24;0.00;0
441;industrial_complex;3330.66;11.00;273.20;0.00;0
441;air_base;3357.50;11.00;275.20;0.00;0
441;anti_air_building;3333.86;11.00;263.88;0.00;0
441;bunker;3336.71;11.00;282.67;0.00;0
441;fuel_silo;3358.96;11.00;264.05;0.00;0
441;radar_station;3345.33;11.00;274.05;0.00;0
441;nuclear_reactor_spawn;3355.46;11.00;253.90;0.00;0
441;rocket_site_spawn;3337.23;11.00;252.87;0.00;0
441;synthetic_refinery;3341.42;11.00;244.52;0.00;0
441;supply_node;3346.05;11.00;259.24;0.00;0
441;dockyard;3330.66;11.00;273.20;0.00;0
441;coastal_bunker;3357.50;11.00;275.20;0.00;0
442;arms_factory;2477.77;11.00;280.98;0.00;0
442;industrial_complex;2484.16;11.00;266.74;0.00;0
442;air_base;2472.77;11.00;266.18;0.00;0
442;anti_air_building;2489.11;11.00;246.26;0.00;0
442;bunker;2480.26;11.00;292.57;0.00;0
442;fuel_silo;2488.15;11.00;278.16;0.00;0
442;radar_station;2496.42;11.00;274.05;0.00;0
442;nuclear_reactor_spawn;2495.33;11.00;265.67;0.00;0
442;rocket_site_spawn;2498.16;11.00;256.30;0.00;0
442;synthetic_refinery;2477.37;11.00;256.03;0.00;0
442;supply_node;2489.57;11.00;255.30;0.00;0
442;dockyard;2477.40;11.00;244.67;0.00;0
442;coastal_bunker;2477.77;11.00;280.98;0.00;0
443;arms_factory;3254.36;11.00;216.80;0.00;0
443;industrial_complex;3235.12;11.00;220.40;0.00;0
443;air_base;3259.07;11.00;236.68;0.00;0
443;anti_air_building;3206.18;11.00;229.16;0.00;0
443;bunker;3241.08;11.00;235.92;0.00;0
443;fuel_silo;3224.00;11.00;252.24;0.00;0
443;radar_station;3224.38;11.00;239.28;0.00;0
443;nuclear_reactor_spawn;3208.57;11.00;234.43;0.00;0
443;rocket_site_spawn;3218.88;11.00;227.75;0.00;0
443;synthetic_refinery;3212.60;11.00;216.93;0.00;0
443;supply_node;3221.20;11.00;214.44;0.00;0
443;dockyard;3228.46;11.00;202.10;0.00;0
443;coastal_bunker;3254.36;11.00;216.80;0.00;0
444;arms_factory;3313.78;11.00;220.55;0.00;0
444;industrial_complex;3326.30;11.00;220.33;0.00;0
444;air_base;3282.39;11.00;236.25;0.00;0
444;anti_air_building;3337.12;11.00;232.16;0.00;0
444;bunker;3304.49;11.00;270.29;0.00;0
444;fuel_silo;3318.89;11.00;241.11;0.00;0
444;radar_station;3331.35;11.00;242.89;0.00;0
444;nuclear_reactor_spawn;3284.76;11.00;252.02;0.00;0
444;rocket_site_spawn;3309.89;11.00;232.52;0.00;0
444;synthetic_refinery;3296.35;11.00;246.60;0.00;0
444;supply_node;3316.62;11.00;252.29;0.00;0
444;dockyard;3295.04;11.00;234.62;0.00;0
444;coastal_bunker;3319.82;11.00;211.61;0.00;0
445;arms_factory;2467.90;11.00;250.71;0.00;0
445;industrial_complex;2438.90;11.00;290.67;0.00;0
445;air_base;2452.33;11.00;268.26;0.00;0
445;anti_air_building;2470.12;11.00;231.76;0.00;0
445;bunker;2455.64;11.00;288.87;0.00;0
445;fuel_silo;2456.41;11.00;222.02;0.00;0
445;radar_station;2469.65;11.00;222.59;0.00;0
445;nuclear_reactor_spawn;2448.48;11.00;255.20;0.00;0
445;rocket_site_spawn;2441.28;11.00;275.42;0.00;0
445;synthetic_refinery;2466.82;11.00;290.17;0.00;0
445;supply_node;2447.15;11.00;282.95;0.00;0
445;dockyard;2463.96;11.00;279.59;0.00;0
445;coastal_bunker;2463.66;11.00;270.24;0.00;0
446;arms_factory;3263.87;11.00;182.93;0.00;0
446;industrial_complex;3257.89;11.00;156.74;0.00;0
446;air_base;3279.89;11.00;192.02;0.00;0
446;anti_air_building;3247.33;11.00;182.34;0.00;0
446;bunker;3232.65;11.00;178.93;0.00;0
446;fuel_silo;3281.24;11.00;207.91;0.00;0
446;radar_station;3240.27;11.00;195.40;0.00;0
446;nuclear_reactor_spawn;3292.31;11.00;183.01;0.00;0
446;rocket_site_spawn;3275.61;11.00;225.52;0.00;0
446;synthetic_refinery;3306.44;11.00;205.15;0.00;0
446;supply_node;3266.08;11.00;146.43;0.00;0
446;dockyard;3289.30;11.00;219.81;0.00;0
446;coastal_bunker;3267.74;11.00;206.89;0.00;0
447;arms_factory;2344.82;11.00;221.83;0.00;0
447;industrial_complex;2352.74;11.00;192.42;0.00;0
447;air_base;2377.35;11.00;196.11;0.00;0
447;anti_air_building;2361.15;11.00;208.24;0.00;0
447;bunker;2371.35;11.00;217.66;0.00;0
447;fuel_silo;2370.72;11.00;228.37;0.00;0
447;radar_station;2337.31;11.00;226.85;0.00;0
447;nuclear_reactor_spawn;2362.90;11.00;223.14;0.00;0
447;rocket_site_spawn;2354.32;11.00;218.70;0.00;0
447;synthetic_refinery;2336.57;11.00;216.90;0.00;0
447;supply_node;2343.78;11.00;211.69;0.00;0
447;dockyard;2372.36;11.00;207.22;0.00;0
447;coastal_bunker;2351.32;11.00;204.02;0.00;0
448;arms_factory;2330.86;11.00;154.25;0.00;0
448;industrial_complex;2364.39;11.00;128.35;0.00;0
448;air_base;2343.42;11.00;159.20;0.00;0
448;anti_air_building;2381.70;11.00;165.38;0.00;0
448;bunker;2365.87;11.00;175.12;0.00;0
448;fuel_silo;2338.95;11.00;142.46;0.00;0
448;radar_station;2319.78;11.00;170.72;0.00;0
448;nuclear_reactor_spawn;2361.35;11.00;161.82;0.00;0
448;rocket_site_spawn;2381.79;11.00;140.95;0.00;0
448;synthetic_refinery;2349.72;11.00;123.80;0.00;0
448;supply_node;2402.75;11.00;148.71;0.00;0
448;dockyard;2375.82;11.00;129.32;0.00;0
448;coastal_bunker;2356.12;11.00;134.46;0.00;0
45;arms_factory;3170.03;11.00;871.97;0.00;0
45;industrial_complex;3142.72;11.00;852.96;0.00;0
45;air_base;3119.81;11.00;837.57;0.00;0
45;anti_air_building;3130.74;11.00;880.27;0.00;0
45;bunker;3106.19;11.00;847.09;0.00;0
45;fuel_silo;3164.89;11.00;861.39;0.00;0
45;radar_station;3163.97;11.00;895.59;0.00;0
45;nuclear_reactor_spawn;3116.89;11.00;857.35;0.00;0
45;rocket_site_spawn;3148.70;11.00;896.15;0.00;0
45;synthetic_refinery;3171.97;11.00;885.44;0.00;0
45;supply_node;3182.60;11.00;882.22;0.00;0
449;arms_factory;2082.61;11.00;523.07;0.00;0
449;industrial_complex;2076.14;11.00;515.72;0.00;0
449;air_base;2041.45;11.00;536.43;0.00;0
449;anti_air_building;2105.91;11.00;489.01;0.00;0
449;bunker;2031.55;11.00;516.96;0.00;0
449;fuel_silo;2058.20;11.00;524.24;0.00;0
449;radar_station;2080.59;11.00;533.40;0.00;0
449;nuclear_reactor_spawn;2039.13;11.00;491.56;0.00;0
449;rocket_site_spawn;2052.61;11.00;491.80;0.00;0
449;synthetic_refinery;2035.89;11.00;506.06;0.00;0
449;supply_node;2024.33;11.00;528.30;0.00;0
450;arms_factory;2272.24;11.00;247.77;0.00;0
450;industrial_complex;2224.84;11.00;244.78;0.00;0
450;air_base;2274.80;11.00;261.45;0.00;0
450;anti_air_building;2257.34;11.00;242.40;0.00;0
450;bunker;2233.98;11.00;203.15;0.00;0
450;fuel_silo;2255.33;11.00;228.91;0.00;0
450;radar_station;2233.88;11.00;270.13;0.00;0
450;nuclear_reactor_spawn;2281.07;11.00;282.36;0.00;0
450;rocket_site_spawn;2208.12;11.00;256.67;0.00;0
450;synthetic_refinery;2234.52;11.00;251.27;0.00;0
450;supply_node;2291.67;11.00;262.59;0.00;0
450;dockyard;2248.90;11.00;261.78;0.00;0
450;coastal_bunker;2264.17;11.00;275.01;0.00;0
451;arms_factory;1700.01;11.00;947.13;0.00;0
451;industrial_complex;1741.06;11.00;942.68;0.00;0
451;air_base;1796.64;11.00;967.38;0.00;0
451;anti_air_building;1787.50;11.00;922.74;0.00;0
451;bunker;1759.90;11.00;932.18;0.00;0
451;fuel_silo;1728.57;11.00;914.49;0.00;0
451;radar_station;1718.29;11.00;926.96;0.00;0
451;nuclear_reactor_spawn;1700.36;11.00;921.47;0.00;0
451;rocket_site_spawn;1768.14;11.00;946.90;0.00;0
451;synthetic_refinery;1763.51;11.00;916.15;0.00;0
451;supply_node;1788.14;11.00;938.77;0.00;0
452;arms_factory;2481.77;11.00;1422.43;0.00;0
452;industrial_complex;2490.78;11.00;1457.96;0.00;0
452;air_base;2481.03;11.00;1449.20;0.00;0
452;anti_air_building;2464.03;11.00;1452.09;0.00;0
452;bunker;2457.98;11.00;1441.80;0.00;0
452;fuel_silo;2462.59;11.00;1461.21;0.00;0
452;radar_station;2473.33;11.00;1460.48;0.00;0
452;nuclear_reactor_spawn;2453.46;11.00;1457.05;0.00;0
452;rocket_site_spawn;2491.09;11.00;1440.86;0.00;0
452;synthetic_refinery;2471.67;11.00;1440.79;0.00;0
452;supply_node;2481.77;11.00;1422.43;0.00;0
452;dockyard;2490.78;11.00;1457.96;0.00;0
452;coastal_bunker;2481.03;11.00;1449.20;0.00;0
453;arms_factory;3685.09;11.00;380.04;0.00;0
453;industrial_complex;3651.38;11.00;402.42;0.00;0
453;air_base;3630.40;11.00;396.25;0.00;0
453;anti_air_building;3691.38;11.00;363.12;0.00;0
453;bunker;3685.18;11.00;433.12;0.00;0
453;fuel_silo;3666.23;11.00;394.66;0.00;0
453;radar_station;3670.92;11.00;409.13;0.00;0
453;nuclear_reactor_spawn;3647.50;11.00;418.50;0.00;0
453;rocket_site_spawn;3636.36;11.00;378.05;0.00;0
453;synthetic_refinery;3642.60;11.00;356.78;0.00;0
453;supply_node;3674.02;11.00;366.35;0.00;0
453;dockyard;3629.30;11.00;425.66;0.00;0
453;coastal_bunker;3652.87;11.00;347.75;0.00;0
454;arms_factory;3435.33;11.00;436.33;0.00;0
454;industrial_complex;3420.37;11.00;426.78;0.00;0
454;air_base;3427.84;11.00;388.28;0.00;0
454;anti_air_building;3441.57;11.00;396.38;0.00;0
454;bunker;3459.74;11.00;426.06;0.00;0
454;fuel_silo;3424.32;11.00;403.92;0.00;0
454;radar_station;3461.12;11.00;447.38;0.00;0
454;nuclear_reactor_spawn;3449.41;11.00;441.54;0.00;0
454;rocket_site_spawn;3445.51;11.00;425.53;0.00;0
454;synthetic_refinery;3431.79;11.00;416.47;0.00;0
454;supply_node;3410.57;11.00;414.70;0.00;0
454;dockyard;3448.34;11.00;412.20;0.00;0
454;coastal_bunker;3435.33;11.00;436.33;0.00;0
455;arms_factory;3527.53;11.00;351.87;0.00;0
455;industrial_complex;3496.28;11.00;368.08;0.00;0
455;air_base;3510.92;11.00;355.36;0.00;0
455;anti_air_building;3540.83;11.00;364.96;0.00;0
455;bunker;3564.75;11.00;366.16;0.00;0
455;fuel_silo;3528.73;11.00;365.40;0.00;0
455;radar_station;3551.92;11.00;364.72;0.00;0
455;nuclear_reactor_spawn;3527.53;11.00;351.87;0.00;0
455;rocket_site_spawn;3496.28;11.00;368.08;0.00;0
455;synthetic_refinery;3510.92;11.00;355.36;0.00;0
455;supply_node;3540.83;11.00;364.96;0.00;0
455;dockyard;3564.75;11.00;366.16;0.00;0
455;coastal_bunker;3528.73;11.00;365.40;0.00;0
456;arms_factory;2014.79;11.00;1289.87;0.00;0
456;industrial_complex;2052.55;11.00;1367.18;0.00;0
456;air_base;2069.02;11.00;1418.21;0.00;0
456;anti_air_building;2014.79;11.00;1289.87;0.00;0
456;bunker;2052.55;11.00;1367.18;0.00;0
456;fuel_silo;2069.02;11.00;1418.21;0.00;0
456;radar_station;2014.79;11.00;1289.87;0.00;0
456;nuclear_reactor_spawn;2052.55;11.00;1367.18;0.00;0
456;rocket_site_spawn;2069.02;11.00;1418.21;0.00;0
456;synthetic_refinery;2014.79;11.00;1289.87;0.00;0
456;supply_node;2052.55;11.00;1367.18;0.00;0
457;arms_factory;3623.97;11.00;1202.22;0.00;0
457;industrial_complex;3611.62;11.00;1164.43;0.00;0
457;air_base;3792.44;11.00;1198.10;0.00;0
457;anti_air_building;3402.70;11.00;1248.29;0.00;0
457;bunker;3711.27;11.00;1235.69;0.00;0
457;fuel_silo;3737.07;11.00;1227.32;0.00;0
457;radar_station;3785.27;11.00;1238.24;0.00;0
457;nuclear_reactor_spawn;3555.09;11.00;1222.06;0.00;0
457;rocket_site_spawn;3424.79;11.00;1238.80;0.00;0
457;synthetic_refinery;3586.27;11.00;1199.97;0.00;0
457;supply_node;3772.90;11.00;1223.92;0.00;0
458;arms_factory;3751.48;11.00;673.51;0.00;0
458;industrial_complex;3714.56;11.00;665.71;0.00;0
458;air_base;3740.43;11.00;603.01;0.00;0
458;anti_air_building;3716.29;11.00;591.09;0.00;0
458;bunker;3721.21;11.00;643.84;0.00;0
458;fuel_silo;3754.19;11.00;601.31;0.00;0
458;radar_station;3733.92;11.00;619.09;0.00;0
458;nuclear_reactor_spawn;3659.20;11.00;566.80;0.00;0
458;rocket_site_spawn;3725.53;11.00;632.45;0.00;0
458;synthetic_refinery;3701.52;11.00;570.84;0.00;0
458;supply_node;3674.24;11.00;571.95;0.00;0
46;arms_factory;2677.20;11.00;1192.35;0.00;0
46;industrial_complex;2680.15;11.00;1181.45;0.00;0
46;air_base;2677.20;11.00;1192.35;0.00;0
46;anti_air_building;2680.15;11.00;1181.45;0.00;0
46;bunker;2677.20;11.00;1192.35;0.00;0
46;fuel_silo;2680.15;11.00;1181.45;0.00;0
46;radar_station;2677.20;11.00;1192.35;0.00;0
46;nuclear_reactor_spawn;2680.15;11.00;1181.45;0.00;0
46;rocket_site_spawn;2677.20;11.00;1192.35;0.00;0
46;synthetic_refinery;2680.15;11.00;1181.45;0.00;0
46;supply_node;2677.20;11.00;1192.35;0.00;0
46;dockyard;2680.15;11.00;1181.45;0.00;0
46;coastal_bunker;2677.20;11.00;1192.35;0.00;0
459;arms_factory;3308.18;11.00;698.74;0.00;0
459;industrial_complex;3259.74;11.00;716.87;0.00;0
459;air_base;3231.05;11.00;689.28;0.00;0
459;anti_air_building;3206.78;11.00;708.71;0.00;0
459;bunker;3341.70;11.00;719.71;0.00;0
459;fuel_silo;3235.12;11.00;724.60;0.00;0
459;radar_station;3232.17;11.00;704.75;0.00;0
459;nuclear_reactor_spawn;3301.16;11.00;725.40;0.00;0
459;rocket_site_spawn;3275.06;11.00;687.91;0.00;0
459;synthetic_refinery;3219.18;11.00;697.65;0.00;0
459;supply_node;3323.00;11.00;730.21;0.00;0
460;arms_factory;3467.45;11.00;1204.00;0.00;0
460;industrial_complex;3516.83;11.00;1198.35;0.00;0
460;air_base;3467.45;11.00;1204.00;0.00;0
460;anti_air_building;3516.83;11.00;1198.35;0.00;0
460;bunker;3467.45;11.00;1204.00;0.00;0
460;fuel_silo;3516.83;11.00;1198.35;0.00;0
460;radar_station;3467.45;11.00;1204.00;0.00;0
460;nuclear_reactor_spawn;3516.83;11.00;1198.35;0.00;0
460;rocket_site_spawn;3467.45;11.00;1204.00;0.00;0
460;synthetic_refinery;3516.83;11.00;1198.35;0.00;0
460;supply_node;3467.45;11.00;1204.00;0.00;0
461;arms_factory;2199.98;11.00;580.50;0.00;0
461;industrial_complex;2147.40;11.00;587.34;0.00;0
461;air_base;2171.11;11.00;574.67;0.00;0
461;anti_air_building;2237.94;11.00;591.49;0.00;0
461;bunker;2150.99;11.00;600.06;0.00;0
461;fuel_silo;2155.89;11.00;626.54;0.00;0
461;radar_station;2160.33;11.00;589.44;0.00;0
461;nuclear_reactor_spawn;2152.35;11.00;614.74;0.00;0
461;rocket_site_spawn;2244.15;11.00;609.39;0.00;0
461;synthetic_refinery;2203.63;11.00;567.04;0.00;0
461;supply_node;2253.05;11.00;596.61;0.00;0
462;arms_factory;2337.59;11.00;508.61;0.00;0
462;industrial_complex;2355.50;11.00;554.73;0.00;0
462;air_base;2327.00;11.00;550.15;0.00;0
462;anti_air_building;2354.96;11.00;523.94;0.00;0
462;bunker;2312.34;11.00;528.95;0.00;0
462;fuel_silo;2370.31;11.00;539.69;0.00;0
462;radar_station;2327.28;11.00;530.05;0.00;0
462;nuclear_reactor_spawn;2337.59;11.00;508.61;0.00;0
462;rocket_site_spawn;2355.50;11.00;554.73;0.00;0
462;synthetic_refinery;2327.00;11.00;550.15;0.00;0
462;supply_node;2354.96;11.00;523.94;0.00;0
463;arms_factory;2425.35;11.00;572.56;0.00;0
463;industrial_complex;2430.15;11.00;561.04;0.00;0
463;air_base;2440.28;11.00;553.97;0.00;0
463;anti_air_building;2443.74;11.00;542.14;0.00;0
463;bunker;2432.87;11.00;543.61;0.00;0
463;fuel_silo;2423.38;11.00;549.91;0.00;0
463;radar_station;2415.46;11.00;563.60;0.00;0
463;nuclear_reactor_spawn;2406.27;11.00;573.03;0.00;0
463;rocket_site_spawn;2400.80;11.00;557.65;0.00;0
463;synthetic_refinery;2413.46;11.00;547.69;0.00;0
463;supply_node;2399.85;11.00;545.65;0.00;0
464;arms_factory;2265.33;11.00;501.50;0.00;0
464;industrial_complex;2216.50;11.00;482.88;0.00;0
464;air_base;2252.71;11.00;467.67;0.00;0
464;anti_air_building;2268.77;11.00;442.89;0.00;0
464;bunker;2263.00;11.00;459.03;0.00;0
464;fuel_silo;2244.77;11.00;452.97;0.00;0
464;radar_station;2262.67;11.00;477.03;0.00;0
464;nuclear_reactor_spawn;2291.76;11.00;513.39;0.00;0
464;rocket_site_spawn;2280.64;11.00;468.45;0.00;0
464;synthetic_refinery;2275.49;11.00;513.94;0.00;0
464;supply_node;2287.91;11.00;496.87;0.00;0
465;arms_factory;2120.86;11.00;899.77;0.00;0
465;industrial_complex;2095.72;11.00;916.09;0.00;0
465;air_base;2085.06;11.00;862.54;0.00;0
465;anti_air_building;2099.91;11.00;849.61;0.00;0
465;bunker;2086.40;11.00;827.08;0.00;0
465;fuel_silo;2131.88;11.00;869.34;0.00;0
465;radar_station;2076.88;11.00;850.70;0.00;0
465;nuclear_reactor_spawn;2120.86;11.00;899.77;0.00;0
465;rocket_site_spawn;2095.72;11.00;916.09;0.00;0
465;synthetic_refinery;2085.06;11.00;862.54;0.00;0
465;supply_node;2099.91;11.00;849.61;0.00;0
466;arms_factory;2235.26;11.00;913.15;0.00;0
466;industrial_complex;2242.19;11.00;882.55;0.00;0
466;air_base;2247.64;11.00;858.65;0.00;0
466;anti_air_building;2235.26;11.00;913.15;0.00;0
466;bunker;2242.19;11.00;882.55;0.00;0
466;fuel_silo;2247.64;11.00;858.65;0.00;0
466;radar_station;2235.26;11.00;913.15;0.00;0
466;nuclear_reactor_spawn;2242.19;11.00;882.55;0.00;0
466;rocket_site_spawn;2247.64;11.00;858.65;0.00;0
466;synthetic_refinery;2235.26;11.00;913.15;0.00;0
466;supply_node;2242.19;11.00;882.55;0.00;0
467;arms_factory;2192.21;11.00;858.89;0.00;0
467;industrial_complex;2178.83;11.00;896.84;0.00;0
467;air_base;2158.44;11.00;863.75;0.00;0
467;anti_air_building;2192.21;11.00;858.89;0.00;0
467;bunker;2178.83;11.00;896.84;0.00;0
467;fuel_silo;2158.44;11.00;863.75;0.00;0
467;radar_station;2192.21;11.00;858.89;0.00;0
467;nuclear_reactor_spawn;2178.83;11.00;896.84;0.00;0
467;rocket_site_spawn;2158.44;11.00;863.75;0.00;0
467;synthetic_refinery;2192.21;11.00;858.89;0.00;0
467;supply_node;2178.83;11.00;896.84;0.00;0
468;arms_factory;2029.34;11.00;879.68;0.00;0
468;industrial_complex;2013.72;11.00;860.59;0.00;0
468;air_base;2043.52;11.00;846.80;0.00;0
468;anti_air_building;2056.76;11.00;889.66;0.00;0
468;bunker;2074.81;11.00;877.92;0.00;0
468;fuel_silo;2100.70;11.00;878.34;0.00;0
468;radar_station;2077.77;11.00;901.97;0.00;0
468;nuclear_reactor_spawn;2056.54;11.00;919.43;0.00;0
468;rocket_site_spawn;2039.07;11.00;904.62;0.00;0
468;synthetic_refinery;2047.38;11.00;872.18;0.00;0
468;supply_node;2039.28;11.00;858.67;0.00;0
47;arms_factory;1829.55;11.00;1158.18;0.00;0
47;industrial_complex;1794.43;11.00;1152.98;0.00;0
47;air_base;1843.43;11.00;1144.22;0.00;0
47;anti_air_building;1859.68;11.00;1147.43;0.00;0
47;bunker;1826.65;11.00;1216.16;0.00;0
47;fuel_silo;1870.39;11.00;1165.01;0.00;0
47;radar_station;1797.38;11.00;1212.30;0.00;0
47;nuclear_reactor_spawn;1842.51;11.00;1186.41;0.00;0
47;rocket_site_spawn;1841.94;11.00;1155.51;0.00;0
47;synthetic_refinery;1821.39;11.00;1175.36;0.00;0
47;supply_node;1832.35;11.00;1144.54;0.00;0
469;arms_factory;2107.93;11.00;932.70;0.00;0
469;industrial_complex;2084.37;11.00;931.18;0.00;0
469;air_base;2076.51;11.00;946.98;0.00;0
469;anti_air_building;2073.62;11.00;977.94;0.00;0
469;bunker;2053.45;11.00;946.41;0.00;0
469;fuel_silo;2022.67;11.00;949.64;0.00;0
469;radar_station;2036.14;11.00;973.83;0.00;0
469;nuclear_reactor_spawn;1973.45;11.00;946.11;0.00;0
469;rocket_site_spawn;1975.35;11.00;971.56;0.00;0
469;synthetic_refinery;2006.53;11.00;993.77;0.00;0
469;supply_node;1999.35;11.00;957.49;0.00;0
470;arms_factory;2130.02;11.00;758.24;0.00;0
470;industrial_complex;2171.88;11.00;750.31;0.00;0
470;air_base;2203.07;11.00;747.13;0.00;0
470;anti_air_building;2274.06;11.00;773.75;0.00;0
470;bunker;2333.65;11.00;710.07;0.00;0
470;fuel_silo;2364.27;11.00;682.72;0.00;0
470;radar_station;2150.10;11.00;759.55;0.00;0
470;nuclear_reactor_spawn;2130.02;11.00;758.24;0.00;0
470;rocket_site_spawn;2171.88;11.00;750.31;0.00;0
470;synthetic_refinery;2203.07;11.00;747.13;0.00;0
470;supply_node;2274.06;11.00;773.75;0.00;0
471;arms_factory;2206.77;11.00;892.14;0.00;0
471;industrial_complex;2219.48;11.00;824.41;0.00;0
471;air_base;2206.77;11.00;892.14;0.00;0
471;anti_air_building;2219.48;11.00;824.41;0.00;0
471;bunker;2206.77;11.00;892.14;0.00;0
471;fuel_silo;2219.48;11.00;824.41;0.00;0
471;radar_station;2206.77;11.00;892.14;0.00;0
471;nuclear_reactor_spawn;2219.48;11.00;824.41;0.00;0
471;rocket_site_spawn;2206.77;11.00;892.14;0.00;0
471;synthetic_refinery;2219.48;11.00;824.41;0.00;0
471;supply_node;2206.77;11.00;892.14;0.00;0
472;arms_factory;2628.91;11.00;1414.83;0.00;0
472;industrial_complex;2635.85;11.00;1405.00;0.00;0
472;air_base;2618.61;11.00;1411.33;0.00;0
472;anti_air_building;2624.10;11.00;1397.10;0.00;0
472;bunker;2643.13;11.00;1388.33;0.00;0
472;fuel_silo;2628.73;11.00;1383.84;0.00;0
472;radar_station;2637.73;11.00;1376.34;0.00;0
472;nuclear_reactor_spawn;2604.22;11.00;1405.68;0.00;0
472;rocket_site_spawn;2615.14;11.00;1385.41;0.00;0
472;synthetic_refinery;2626.62;11.00;1369.49;0.00;0
472;supply_node;2624.86;11.00;1355.69;0.00;0
472;dockyard;2616.45;11.00;1370.93;0.00;0
472;coastal_bunker;2606.04;11.00;1376.54;0.00;0
473;arms_factory;2281.42;11.00;1484.14;0.00;0
473;industrial_complex;2283.44;11.00;1493.19;0.00;0
473;air_base;2291.34;11.00;1497.34;0.00;0
473;anti_air_building;2298.31;11.00;1492.95;0.00;0
473;bunker;2303.56;11.00;1500.38;0.00;0
473;fuel_silo;2309.53;11.00;1494.20;0.00;0
473;radar_station;2292.87;11.00;1483.81;0.00;0
473;nuclear_reactor_spawn;2305.72;11.00;1484.21;0.00;0
473;rocket_site_spawn;2281.42;11.00;1484.14;0.00;0
473;synthetic_refinery;2283.44;11.00;1493.19;0.00;0
473;supply_node;2291.34;11.00;1497.34;0.00;0
473;dockyard;2298.31;11.00;1492.95;0.00;0
473;coastal_bunker;2303.56;11.00;1500.38;0.00;0
474;arms_factory;2298.08;11.00;1314.12;0.00;0
474;industrial_complex;2269.99;11.00;1317.24;0.00;0
474;air_base;2268.08;11.00;1344.22;0.00;0
474;anti_air_building;2291.52;11.00;1353.18;0.00;0
474;bunker;2332.25;11.00;1353.43;0.00;0
474;fuel_silo;2332.55;11.00;1305.40;0.00;0
474;radar_station;2310.45;11.00;1335.42;0.00;0
474;nuclear_reactor_spawn;2334.84;11.00;1327.35;0.00;0
474;rocket_site_spawn;2346.98;11.00;1292.44;0.00;0
474;synthetic_refinery;2294.68;11.00;1285.10;0.00;0
474;supply_node;2278.97;11.00;1266.39;0.00;0
475;arms_factory;3168.95;11.00;1271.74;0.00;0
475;industrial_complex;3179.87;11.00;1275.67;0.00;0
475;air_base;3177.94;11.00;1263.60;0.00;0
475;anti_air_building;3184.19;11.00;1258.60;0.00;0
475;bunker;3184.65;11.00;1250.71;0.00;0
475;fuel_silo;3194.81;11.00;1242.45;0.00;0
475;radar_station;3200.27;11.00;1252.38;0.00;0
475;nuclear_reactor_spawn;3203.54;11.00;1262.76;0.00;0
475;rocket_site_spawn;3198.68;11.00;1274.62;0.00;0
475;synthetic_refinery;3194.74;11.00;1286.28;0.00;0
475;supply_node;3214.58;11.00;1283.07;0.00;0
476;arms_factory;3072.56;11.00;1405.65;0.00;0
476;industrial_complex;3081.06;11.00;1414.38;0.00;0
476;air_base;3084.31;11.00;1406.51;0.00;0
476;anti_air_building;3080.41;11.00;1396.30;0.00;0
476;bunker;3095.38;11.00;1403.32;0.00;0
476;fuel_silo;3101.84;11.00;1414.65;0.00;0
476;radar_station;3097.10;11.00;1421.81;0.00;0
476;nuclear_reactor_spawn;3105.19;11.00;1425.25;0.00;0
476;rocket_site_spawn;3111.80;11.00;1428.59;0.00;0
476;synthetic_refinery;3121.45;11.00;1418.24;0.00;0
476;supply_node;3129.93;11.00;1412.03;0.00;0
476;dockyard;3140.41;11.00;1412.50;0.00;0
476;coastal_bunker;3136.89;11.00;1406.23;0.00;0
477;arms_factory;2691.94;11.00;936.51;0.00;0
477;industrial_complex;2674.10;11.00;926.08;0.00;0
477;air_base;2714.32;11.00;931.41;0.00;0
477;anti_air_building;2717.57;11.00;908.29;0.00;0
477;bunker;2736.11;11.00;940.53;0.00;0
477;fuel_silo;2743.82;11.00;933.90;0.00;0
477;radar_station;2732.98;11.00;901.05;0.00;0
477;nuclear_reactor_spawn;2734.52;11.00;924.77;0.00;0
477;rocket_site_spawn;2751.36;11.00;924.64;0.00;0
477;synthetic_refinery;2757.98;11.00;912.47;0.00;0
477;supply_node;2743.43;11.00;913.03;0.00;0
477;dockyard;2750.88;11.00;904.80;0.00;0
477;coastal_bunker;2751.44;11.00;895.38;0.00;0
478;arms_factory;2594.69;11.00;1014.77;0.00;0
478;industrial_complex;2653.67;11.00;945.07;0.00;0
478;air_base;2623.21;11.00;1024.44;0.00;0
478;anti_air_building;2621.86;11.00;943.16;0.00;0
478;bunker;2609.85;11.00;900.36;0.00;0
478;fuel_silo;2607.72;11.00;996.19;0.00;0
478;radar_station;2602.05;11.00;1037.09;0.00;0
478;nuclear_reactor_spawn;2603.32;11.00;926.11;0.00;0
478;rocket_site_spawn;2631.40;11.00;977.93;0.00;0
478;synthetic_refinery;2599.84;11.00;948.81;0.00;0
478;supply_node;2638.17;11.00;938.12;0.00;0
478;dockyard;2620.70;11.00;956.67;0.00;0
478;coastal_bunker;2616.89;11.00;1043.52;0.00;0
48;arms_factory;3053.21;11.00;1181.95;0.00;0
48;industrial_complex;3090.05;11.00;1213.17;0.00;0
48;air_base;3070.68;11.00;1193.05;0.00;0
48;anti_air_building;3115.34;11.00;1261.12;0.00;0
48;bunker;3040.32;11.00;1206.40;0.00;0
48;fuel_silo;3106.99;11.00;1245.02;0.00;0
48;radar_station;3116.56;11.00;1234.29;0.00;0
48;nuclear_reactor_spawn;3068.57;11.00;1221.68;0.00;0
48;rocket_site_spawn;3030.03;11.00;1212.62;0.00;0
48;synthetic_refinery;3130.09;11.00;1254.94;0.00;0
48;supply_node;3090.12;11.00;1238.25;0.00;0
48;dockyard;3107.24;11.00;1223.42;0.00;0
48;coastal_bunker;3052.15;11.00;1205.20;0.00;0
479;arms_factory;3579.41;11.00;1240.36;0.00;0
479;industrial_complex;3586.79;11.00;1291.61;0.00;0
479;air_base;3568.09;11.00;1260.53;0.00;0
479;anti_air_building;3577.24;11.00;1299.79;0.00;0
479;bunker;3536.37;11.00;1300.81;0.00;0
479;fuel_silo;3570.23;11.00;1321.83;0.00;0
479;radar_station;3588.43;11.00;1272.98;0.00;0
479;nuclear_reactor_spawn;3600.20;11.00;1282.54;0.00;0
479;rocket_site_spawn;3609.79;11.00;1273.91;0.00;0
479;synthetic_refinery;3570.01;11.00;1287.73;0.00;0
479;supply_node;3558.73;11.00;1285.77;0.00;0
479;dockyard;3592.14;11.00;1313.66;0.00;0
479;coastal_bunker;3580.49;11.00;1313.07;0.00;0
480;arms_factory;3335.19;11.00;1263.56;0.00;0
480;industrial_complex;3343.06;11.00;1269.36;0.00;0
480;air_base;3322.39;11.00;1269.43;0.00;0
480;anti_air_building;3330.15;11.00;1286.34;0.00;0
480;bunker;3350.21;11.00;1281.88;0.00;0
480;fuel_silo;3357.13;11.00;1269.09;0.00;0
480;radar_station;3367.78;11.00;1269.95;0.00;0
480;nuclear_reactor_spawn;3379.22;11.00;1278.08;0.00;0
480;rocket_site_spawn;3366.19;11.00;1294.17;0.00;0
480;synthetic_refinery;3346.00;11.00;1303.19;0.00;0
480;supply_node;3385.41;11.00;1301.16;0.00;0
480;dockyard;3381.99;11.00;1325.00;0.00;0
480;coastal_bunker;3368.81;11.00;1340.68;0.00;0
481;arms_factory;3414.99;11.00;833.32;0.00;0
481;industrial_complex;3508.15;11.00;921.07;0.00;0
481;air_base;3376.91;11.00;956.70;0.00;0
481;anti_air_building;3445.11;11.00;837.82;0.00;0
481;bunker;3246.98;11.00;931.69;0.00;0
481;fuel_silo;3609.04;11.00;848.49;0.00;0
481;radar_station;3288.47;11.00;989.74;0.00;0
481;nuclear_reactor_spawn;3500.36;11.00;884.38;0.00;0
481;rocket_site_spawn;3395.74;11.00;790.88;0.00;0
481;synthetic_refinery;3355.51;11.00;926.22;0.00;0
481;supply_node;3251.96;11.00;986.65;0.00;0
482;arms_factory;1788.31;11.00;1354.88;0.00;0
482;industrial_complex;1765.78;11.00;1370.69;0.00;0
482;air_base;1812.99;11.00;1350.21;0.00;0
482;anti_air_building;1790.54;11.00;1392.22;0.00;0
482;bunker;1806.66;11.00;1374.23;0.00;0
482;fuel_silo;1826.23;11.00;1386.88;0.00;0
482;radar_station;1844.10;11.00;1394.47;0.00;0
482;nuclear_reactor_spawn;1815.65;11.00;1406.36;0.00;0
482;rocket_site_spawn;1816.92;11.00;1420.38;0.00;0
482;synthetic_refinery;1788.31;11.00;1354.88;0.00;0
482;supply_node;1765.78;11.00;1370.69;0.00;0
482;dockyard;1812.99;11.00;1350.21;0.00;0
482;coastal_bunker;1790.54;11.00;1392.22;0.00;0
483;arms_factory;2109.47;11.00;1059.39;0.00;0
483;industrial_complex;2066.00;11.00;1067.87;0.00;0
483;air_base;2109.47;11.00;1059.39;0.00;0
483;anti_air_building;2066.00;11.00;1067.87;0.00;0
483;bunker;2109.47;11.00;1059.39;0.00;0
483;fuel_silo;2066.00;11.00;1067.87;0.00;0
483;radar_station;2109.47;11.00;1059.39;0.00;0
483;nuclear_reactor_spawn;2066.00;11.00;1067.87;0.00;0
483;rocket_site_spawn;2109.47;11.00;1059.39;0.00;0
483;synthetic_refinery;2066.00;11.00;1067.87;0.00;0
483;supply_node;2109.47;11.00;1059.39;0.00;0
484;arms_factory;1817.54;11.00;1255.80;0.00;0
484;industrial_complex;1835.44;11.00;1237.56;0.00;0
484;air_base;1851.97;11.00;1256.82;0.00;0
484;anti_air_building;1834.12;11.00;1274.57;0.00;0
484;bunker;1869.73;11.00;1277.20;0.00;0
484;fuel_silo;1835.60;11.00;1295.74;0.00;0
484;radar_station;1837.55;11.00;1320.24;0.00;0
484;nuclear_reactor_spawn;1859.49;11.00;1307.13;0.00;0
484;rocket_site_spawn;1882.65;11.00;1299.43;0.00;0
484;synthetic_refinery;1892.94;11.00;1278.83;0.00;0
484;supply_node;1817.54;11.00;1255.80;0.00;0
485;arms_factory;2000.21;11.00;1112.19;0.00;0
485;industrial_complex;1968.72;11.00;1123.11;0.00;0
485;air_base;1965.70;11.00;1093.82;0.00;0
485;anti_air_building;1941.75;11.00;1105.59;0.00;0
485;bunker;2000.21;11.00;1112.19;0.00;0
485;fuel_silo;1968.72;11.00;1123.11;0.00;0
485;radar_station;1965.70;11.00;1093.82;0.00;0
485;nuclear_reactor_spawn;1941.75;11.00;1105.59;0.00;0
485;rocket_site_spawn;2000.21;11.00;1112.19;0.00;0
485;synthetic_refinery;1968.72;11.00;1123.11;0.00;0
485;supply_node;1965.70;11.00;1093.82;0.00;0
486;arms_factory;1853.57;11.00;1222.86;0.00;0
486;industrial_complex;1870.92;11.00;1209.69;0.00;0
486;air_base;1884.67;11.00;1191.51;0.00;0
486;anti_air_building;1895.69;11.00;1217.24;0.00;0
486;bunker;1874.55;11.00;1240.73;0.00;0
486;fuel_silo;1906.13;11.00;1234.49;0.00;0
486;radar_station;1889.17;11.00;1256.70;0.00;0
486;nuclear_reactor_spawn;1899.77;11.00;1260.52;0.00;0
486;rocket_site_spawn;1853.57;11.00;1222.86;0.00;0
486;synthetic_refinery;1870.92;11.00;1209.69;0.00;0
486;supply_node;1884.67;11.00;1191.51;0.00;0
487;arms_factory;1896.24;11.00;1166.69;0.00;0
487;industrial_complex;1911.13;11.00;1190.83;0.00;0
487;air_base;1928.69;11.00;1167.94;0.00;0
487;anti_air_building;1953.79;11.00;1164.03;0.00;0
487;bunker;1972.78;11.00;1146.12;0.00;0
487;fuel_silo;2007.89;11.00;1143.55;0.00;0
487;radar_station;1896.24;11.00;1166.69;0.00;0
487;nuclear_reactor_spawn;1911.13;11.00;1190.83;0.00;0
487;rocket_site_spawn;1928.69;11.00;1167.94;0.00;0
487;synthetic_refinery;1953.79;11.00;1164.03;0.00;0
487;supply_node;1972.78;11.00;1146.12;0.00;0
488;arms_factory;2041.87;11.00;1172.55;0.00;0
488;industrial_complex;2041.87;11.00;1172.55;0.00;0
488;air_base;2041.87;11.00;1172.55;0.00;0
488;anti_air_building;2041.87;11.00;1172.55;0.00;0
488;bunker;2041.87;11.00;1172.55;0.00;0
488;fuel_silo;2041.87;11.00;1172.55;0.00;0
488;radar_station;2041.87;11.00;1172.55;0.00;0
488;nuclear_reactor_spawn;2041.87;11.00;1172.55;0.00;0
488;rocket_site_spawn;2041.87;11.00;1172.55;0.00;0
488;synthetic_refinery;2041.87;11.00;1172.55;0.00;0
488;supply_node;2041.87;11.00;1172.55;0.00;0
49;arms_factory;2745.51;11.00;1150.61;0.00;0
49;industrial_complex;2694.40;11.00;1200.15;0.00;0
49;air_base;2745.51;11.00;1150.61;0.00;0
49;anti_air_building;2694.40;11.00;1200.15;0.00;0
49;bunker;2745.51;11.00;1150.61;0.00;0
49;fuel_silo;2694.40;11.00;1200.15;0.00;0
49;radar_station;2745.51;11.00;1150.61;0.00;0
49;nuclear_reactor_spawn;2694.40;11.00;1200.15;0.00;0
49;rocket_site_spawn;2745.51;11.00;1150.61;0.00;0
49;synthetic_refinery;2694.40;11.00;1200.15;0.00;0
49;supply_node;2745.51;11.00;1150.61;0.00;0
49;dockyard;2694.40;11.00;1200.15;0.00;0
49;coastal_bunker;2745.51;11.00;1150.61;0.00;0
489;arms_factory;2029.71;11.00;1114.25;0.00;0
489;industrial_complex;2045.52;11.00;1133.52;0.00;0
489;air_base;2029.71;11.00;1114.25;0.00;0
489;anti_air_building;2045.52;11.00;1133.52;0.00;0
489;bunker;2029.71;11.00;1114.25;0.00;0
489;fuel_silo;2045.52;11.00;1133.52;0.00;0
489;radar_station;2029.71;11.00;1114.25;0.00;0
489;nuclear_reactor_spawn;2045.52;11.00;1133.52;0.00;0
489;rocket_site_spawn;2029.71;11.00;1114.25;0.00;0
489;synthetic_refinery;2045.52;11.00;1133.52;0.00;0
489;supply_node;2029.71;11.00;1114.25;0.00;0
490;arms_factory;2159.19;11.00;1263.48;0.00;0
490;industrial_complex;2243.43;11.00;1116.15;0.00;0
490;air_base;2159.19;11.00;1263.48;0.00;0
490;anti_air_building;2243.43;11.00;1116.15;0.00;0
490;bunker;2159.19;11.00;1263.48;0.00;0
490;fuel_silo;2243.43;11.00;1116.15;0.00;0
490;radar_station;2159.19;11.00;1263.48;0.00;0
490;nuclear_reactor_spawn;2243.43;11.00;1116.15;0.00;0
490;rocket_site_spawn;2159.19;11.00;1263.48;0.00;0
490;synthetic_refinery;2243.43;11.00;1116.15;0.00;0
490;supply_node;2159.19;11.00;1263.48;0.00;0
491;arms_factory;2138.60;11.00;673.24;0.00;0
491;industrial_complex;2144.83;11.00;649.76;0.00;0
491;air_base;2122.07;11.00;656.07;0.00;0
491;anti_air_building;2126.69;11.00;669.72;0.00;0
491;bunker;2129.44;11.00;681.00;0.00;0
491;fuel_silo;2134.97;11.00;659.49;0.00;0
491;radar_station;2142.05;11.00;688.90;0.00;0
491;nuclear_reactor_spawn;2147.40;11.00;662.92;0.00;0
491;rocket_site_spawn;2150.16;11.00;680.82;0.00;0
491;synthetic_refinery;2155.95;11.00;670.76;0.00;0
491;supply_node;2156.38;11.00;652.75;0.00;0
492;arms_factory;2590.30;11.00;1128.84;0.00;0
492;industrial_complex;2600.86;11.00;1135.85;0.00;0
492;air_base;2590.57;11.00;1140.62;0.00;0
492;anti_air_building;2600.67;11.00;1148.65;0.00;0
492;bunker;2586.91;11.00;1155.36;0.00;0
492;fuel_silo;2598.91;11.00;1163.12;0.00;0
492;radar_station;2586.90;11.00;1166.16;0.00;0
492;nuclear_reactor_spawn;2606.20;11.00;1167.89;0.00;0
492;rocket_site_spawn;2576.20;11.00;1174.53;0.00;0
492;synthetic_refinery;2587.30;11.00;1178.77;0.00;0
492;supply_node;2596.73;11.00;1177.24;0.00;0
493;arms_factory;2334.91;11.00;1117.81;0.00;0
493;industrial_complex;2306.97;11.00;1132.62;0.00;0
493;air_base;2327.54;11.00;1144.42;0.00;0
493;anti_air_building;2312.05;11.00;1163.29;0.00;0
493;bunker;2338.69;11.00;1174.70;0.00;0
493;fuel_silo;2326.21;11.00;1194.61;0.00;0
493;radar_station;2329.58;11.00;1220.67;0.00;0
493;nuclear_reactor_spawn;2334.91;11.00;1117.81;0.00;0
493;rocket_site_spawn;2306.97;11.00;1132.62;0.00;0
493;synthetic_refinery;2327.54;11.00;1144.42;0.00;0
493;supply_node;2312.05;11.00;1163.29;0.00;0
494;arms_factory;2207.51;11.00;1281.27;0.00;0
494;industrial_complex;2207.51;11.00;1281.27;0.00;0
494;air_base;2207.51;11.00;1281.27;0.00;0
494;anti_air_building;2207.51;11.00;1281.27;0.00;0
494;bunker;2207.51;11.00;1281.27;0.00;0
494;fuel_silo;2207.51;11.00;1281.27;0.00;0
494;radar_station;2207.51;11.00;1281.27;0.00;0
494;nuclear_reactor_spawn;2207.51;11.00;1281.27;0.00;0
494;rocket_site_spawn;2207.51;11.00;1281.27;0.00;0
494;synthetic_refinery;2207.51;11.00;1281.27;0.00;0
494;supply_node;2207.51;11.00;1281.27;0.00;0
495;arms_factory;1781.22;11.00;583.46;0.00;0
495;industrial_complex;1788.87;11.00;578.35;0.00;0
495;air_base;1777.90;11.00;568.00;0.00;0
495;anti_air_building;1786.61;11.00;557.78;0.00;0
495;bunker;1799.31;11.00;547.22;0.00;0
495;fuel_silo;1795.13;11.00;536.80;0.00;0
495;radar_station;1802.70;11.00;537.58;0.00;0
495;nuclear_reactor_spawn;1816.78;11.00;523.50;0.00;0
495;rocket_site_spawn;1813.37;11.00;517.46;0.00;0
495;synthetic_refinery;1774.60;11.00;590.35;0.00;0
495;supply_node;1781.42;11.00;573.99;0.00;0
495;dockyard;1773.79;11.00;581.71;0.00;0
495;coastal_bunker;1768.01;11.00;590.49;0.00;0
496;arms_factory;2526.00;11.00;1190.22;0.00;0
496;industrial_complex;2535.11;11.00;1185.74;0.00;0
496;air_base;2547.83;11.00;1178.83;0.00;0
496;anti_air_building;2563.69;11.00;1177.95;0.00;0
496;bunker;2568.18;11.00;1188.10;0.00;0
496;fuel_silo;2556.87;11.00;1186.63;0.00;0
496;radar_station;2547.04;11.00;1189.27;0.00;0
496;nuclear_reactor_spawn;2538.40;11.00;1200.17;0.00;0
496;rocket_site_spawn;2523.05;11.00;1200.80;0.00;0
496;synthetic_refinery;2551.78;11.00;1202.42;0.00;0
496;supply_node;2561.48;11.00;1197.40;0.00;0
497;arms_factory;2141.19;11.00;497.97;0.00;0
497;industrial_complex;2197.73;11.00;465.62;0.00;0
497;air_base;2156.37;11.00;536.33;0.00;0
497;anti_air_building;2161.41;11.00;488.51;0.00;0
497;bunker;2136.03;11.00;517.79;0.00;0
497;fuel_silo;2185.22;11.00;485.40;0.00;0
497;radar_station;2211.40;11.00;466.96;0.00;0
497;nuclear_reactor_spawn;2193.52;11.00;477.69;0.00;0
497;rocket_site_spawn;2169.28;11.00;478.62;0.00;0
497;synthetic_refinery;2161.45;11.00;505.46;0.00;0
497;supply_node;2173.19;11.00;508.87;0.00;0
498;arms_factory;2298.42;11.00;526.94;0.00;0
498;industrial_complex;2264.14;11.00;560.34;0.00;0
498;air_base;2268.17;11.00;547.69;0.00;0
498;anti_air_building;2282.20;11.00;538.08;0.00;0
498;bunker;2298.66;11.00;550.24;0.00;0
498;fuel_silo;2256.95;11.00;528.05;0.00;0
498;radar_station;2237.60;11.00;544.53;0.00;0
498;nuclear_reactor_spawn;2245.20;11.00;560.25;0.00;0
498;rocket_site_spawn;2234.97;11.00;557.20;0.00;0
498;synthetic_refinery;2249.52;11.00;549.03;0.00;0
498;supply_node;2257.06;11.00;539.19;0.00;0
5;arms_factory;3207.23;11.00;804.96;0.00;0
5;industrial_complex;3254.00;11.00;835.09;0.00;0
5;air_base;3231.10;11.00;817.56;0.00;0
5;anti_air_building;3241.35;11.00;838.19;0.00;0
5;bunker;3220.26;11.00;748.96;0.00;0
5;fuel_silo;3201.03;11.00;764.77;0.00;0
5;radar_station;3184.67;11.00;753.64;0.00;0
5;nuclear_reactor_spawn;3261.36;11.00;850.05;0.00;0
5;rocket_site_spawn;3257.89;11.00;814.63;0.00;0
5;synthetic_refinery;3225.24;11.00;779.37;0.00;0
5;supply_node;3169.78;11.00;758.29;0.00;0
50;arms_factory;2662.80;11.00;1246.08;0.00;0
50;industrial_complex;2664.48;11.00;1240.64;0.00;0
50;air_base;2662.80;11.00;1246.08;0.00;0
50;anti_air_building;2664.48;11.00;1240.64;0.00;0
50;bunker;2662.80;11.00;1246.08;0.00;0
50;fuel_silo;2664.48;11.00;1240.64;0.00;0
50;radar_station;2662.80;11.00;1246.08;0.00;0
50;nuclear_reactor_spawn;2664.48;11.00;1240.64;0.00;0
50;rocket_site_spawn;2662.80;11.00;1246.08;0.00;0
50;synthetic_refinery;2664.48;11.00;1240.64;0.00;0
50;supply_node;2662.80;11.00;1246.08;0.00;0
50;dockyard;2664.48;11.00;1240.64;0.00;0
50;coastal_bunker;2662.80;11.00;1246.08;0.00;0
499;arms_factory;2232.17;11.00;530.83;0.00;0
499;industrial_complex;2240.96;11.00;524.73;0.00;0
499;air_base;2253.90;11.00;517.77;0.00;0
499;anti_air_building;2227.72;11.00;519.60;0.00;0
499;bunker;2237.45;11.00;512.87;0.00;0
499;fuel_silo;2251.09;11.00;507.83;0.00;0
499;radar_station;2223.24;11.00;507.21;0.00;0
499;nuclear_reactor_spawn;2240.21;11.00;501.00;0.00;0
499;rocket_site_spawn;2230.97;11.00;497.39;0.00;0
499;synthetic_refinery;2220.05;11.00;495.25;0.00;0
499;supply_node;2232.17;11.00;530.83;0.00;0
500;arms_factory;1552.05;11.00;1315.76;0.00;0
500;industrial_complex;1575.51;11.00;1313.31;0.00;0
500;air_base;1568.11;11.00;1340.08;0.00;0
500;anti_air_building;1595.10;11.00;1323.91;0.00;0
500;bunker;1600.46;11.00;1351.31;0.00;0
500;fuel_silo;1603.48;11.00;1377.50;0.00;0
500;radar_station;1583.82;11.00;1378.04;0.00;0
500;nuclear_reactor_spawn;1568.00;11.00;1378.00;0.00;0
500;rocket_site_spawn;1579.45;11.00;1354.24;0.00;0
500;synthetic_refinery;1613.78;11.00;1331.62;0.00;0
500;supply_node;1552.05;11.00;1315.76;0.00;0
500;dockyard;1575.51;11.00;1313.31;0.00;0
500;coastal_bunker;1568.11;11.00;1340.08;0.00;0
501;arms_factory;1730.70;11.00;1276.24;0.00;0
501;industrial_complex;1770.45;11.00;1260.10;0.00;0
501;air_base;1718.06;11.00;1244.05;0.00;0
501;anti_air_building;1696.62;11.00;1260.37;0.00;0
501;bunker;1745.66;11.00;1244.06;0.00;0
501;fuel_silo;1768.78;11.00;1236.91;0.00;0
501;radar_station;1792.28;11.00;1245.28;0.00;0
501;nuclear_reactor_spawn;1704.48;11.00;1230.64;0.00;0
501;rocket_site_spawn;1721.49;11.00;1231.39;0.00;0
501;synthetic_refinery;1756.42;11.00;1270.65;0.00;0
501;supply_node;1730.70;11.00;1276.24;0.00;0
501;dockyard;1770.45;11.00;1260.10;0.00;0
501;coastal_bunker;1718.06;11.00;1244.05;0.00;0
502;arms_factory;1609.62;11.00;1264.32;0.00;0
502;industrial_complex;1568.87;11.00;1263.53;0.00;0
502;air_base;1579.60;11.00;1268.08;0.00;0
502;anti_air_building;1566.40;11.00;1272.35;0.00;0
502;bunker;1585.26;11.00;1275.00;0.00;0
502;fuel_silo;1570.64;11.00;1280.01;0.00;0
502;radar_station;1595.65;11.00;1278.88;0.00;0
502;nuclear_reactor_spawn;1577.60;11.00;1283.52;0.00;0
502;rocket_site_spawn;1602.50;11.00;1283.09;0.00;0
502;synthetic_refinery;1595.60;11.00;1268.30;0.00;0
502;supply_node;1605.90;11.00;1272.89;0.00;0
502;dockyard;1587.49;11.00;1284.88;0.00;0
502;coastal_bunker;1598.48;11.00;1293.94;0.00;0
503;arms_factory;1743.88;11.00;1311.89;0.00;0
503;industrial_complex;1743.88;11.00;1311.89;0.00;0
503;air_base;1743.88;11.00;1311.89;0.00;0
503;anti_air_building;1743.88;11.00;1311.89;0.00;0
503;bunker;1743.88;11.00;1311.89;0.00;0
503;fuel_silo;1743.88;11.00;1311.89;0.00;0
503;radar_station;1743.88;11.00;1311.89;0.00;0
503;nuclear_reactor_spawn;1743.88;11.00;1311.89;0.00;0
503;rocket_site_spawn;1743.88;11.00;1311.89;0.00;0
503;synthetic_refinery;1743.88;11.00;1311.89;0.00;0
503;supply_node;1743.88;11.00;1311.89;0.00;0
504;arms_factory;1784.25;11.00;1202.51;0.00;0
504;industrial_complex;1784.25;11.00;1202.51;0.00;0
504;air_base;1784.25;11.00;1202.51;0.00;0
504;anti_air_building;1784.25;11.00;1202.51;0.00;0
504;bunker;1784.25;11.00;1202.51;0.00;0
504;fuel_silo;1784.25;11.00;1202.51;0.00;0
504;radar_station;1784.25;11.00;1202.51;0.00;0
504;nuclear_reactor_spawn;1784.25;11.00;1202.51;0.00;0
504;rocket_site_spawn;1784.25;11.00;1202.51;0.00;0
504;synthetic_refinery;1784.25;11.00;1202.51;0.00;0
504;supply_node;1784.25;11.00;1202.51;0.00;0
505;arms_factory;1708.69;11.00;1148.69;0.00;0
505;industrial_complex;1594.81;11.00;1202.30;0.00;0
505;air_base;1655.50;11.00;1175.55;0.00;0
505;anti_air_building;1618.62;11.00;1182.91;0.00;0
505;bunker;1638.32;11.00;1154.97;0.00;0
505;fuel_silo;1605.53;11.00;1223.09;0.00;0
505;radar_station;1683.81;11.00;1152.53;0.00;0
505;nuclear_reactor_spawn;1673.01;11.00;1193.28;0.00;0
505;rocket_site_spawn;1596.42;11.00;1190.10;0.00;0
505;synthetic_refinery;1642.85;11.00;1200.48;0.00;0
505;supply_node;1667.87;11.00;1218.17;0.00;0
505;dockyard;1637.76;11.00;1228.55;0.00;0
505;coastal_bunker;1591.12;11.00;1214.45;0.00;0
51;arms_factory;2720.01;11.00;1127.41;0.00;0
51;industrial_complex;2714.37;11.00;1114.82;0.00;0
51;air_base;2721.02;11.00;1111.36;0.00;0
51;anti_air_building;2707.67;11.00;1142.80;0.00;0
51;bunker;2720.01;11.00;1127.41;0.00;0
51;fuel_silo;2714.37;11.00;1114.82;0.00;0
51;radar_station;2721.02;11.00;1111.36;0.00;0
51;nuclear_reactor_spawn;2707.67;11.00;1142.80;0.00;0
51;rocket_site_spawn;2720.01;11.00;1127.41;0.00;0
51;synthetic_refinery;2714.37;11.00;1114.82;0.00;0
51;supply_node;2721.02;11.00;1111.36;0.00;0
51;dockyard;2707.67;11.00;1142.80;0.00;0
51;coastal_bunker;2720.01;11.00;1127.41;0.00;0
52;arms_factory;3032.61;11.00;958.56;0.00;0
52;industrial_complex;3032.58;11.00;984.80;0.00;0
52;air_base;3018.98;11.00;1005.11;0.00;0
52;anti_air_building;3005.76;11.00;1045.06;0.00;0
52;bunker;2980.77;11.00;1012.20;0.00;0
52;fuel_silo;3011.41;11.00;1059.71;0.00;0
52;radar_station;3039.42;11.00;1019.93;0.00;0
52;nuclear_reactor_spawn;3008.38;11.00;1029.76;0.00;0
52;rocket_site_spawn;3008.66;11.00;967.07;0.00;0
52;synthetic_refinery;2992.08;11.00;986.73;0.00;0
52;supply_node;2992.86;11.00;1050.34;0.00;0
52;dockyard;2997.14;11.00;1023.24;0.00;0
52;coastal_bunker;2985.82;11.00;960.68;0.00;0
53;arms_factory;3858.20;11.00;631.24;0.00;0
53;industrial_complex;3854.57;11.00;643.49;0.00;0
53;air_base;3866.79;11.00;668.75;0.00;0
53;anti_air_building;3853.68;11.00;670.64;0.00;0
53;bunker;3818.68;11.00;627.71;0.00;0
53;fuel_silo;3824.11;11.00;612.15;0.00;0
53;radar_station;3843.21;11.00;659.28;0.00;0
53;nuclear_reactor_spawn;3861.98;11.00;655.26;0.00;0
53;rocket_site_spawn;3887.11;11.00;643.09;0.00;0
53;synthetic_refinery;3843.38;11.00;647.46;0.00;0
53;supply_node;3878.98;11.00;634.00;0.00;0
54;arms_factory;1512.78;11.00;1019.82;0.00;0
54;industrial_complex;1536.14;11.00;1035.20;0.00;0
54;air_base;1483.46;11.00;1003.47;0.00;0
54;anti_air_building;1554.53;11.00;956.67;0.00;0
54;bunker;1512.78;11.00;1019.82;0.00;0
54;fuel_silo;1536.14;11.00;1035.20;0.00;0
54;radar_station;1483.46;11.00;1003.47;0.00;0
54;nuclear_reactor_spawn;1554.53;11.00;956.67;0.00;0
54;rocket_site_spawn;1512.78;11.00;1019.82;0.00;0
54;synthetic_refinery;1536.14;11.00;1035.20;0.00;0
54;supply_node;1483.46;11.00;1003.47;0.00;0
54;dockyard;1554.53;11.00;956.67;0.00;0
54;coastal_bunker;1512.78;11.00;1019.82;0.00;0
55;arms_factory;3838.64;11.00;562.50;0.00;0
55;industrial_complex;3876.22;11.00;580.56;0.00;0
55;air_base;3826.84;11.00;585.44;0.00;0
55;anti_air_building;3873.63;11.00;543.26;0.00;0
55;bunker;3813.94;11.00;563.63;0.00;0
55;fuel_silo;3785.55;11.00;585.27;0.00;0
55;radar_station;3813.64;11.00;533.54;0.00;0
55;nuclear_reactor_spawn;3799.76;11.00;553.39;0.00;0
55;rocket_site_spawn;3852.26;11.00;578.99;0.00;0
55;synthetic_refinery;3912.32;11.00;551.86;0.00;0
55;supply_node;3813.82;11.00;548.40;0.00;0
55;dockyard;3896.29;11.00;562.44;0.00;0
55;coastal_bunker;3823.47;11.00;557.79;0.00;0
56;arms_factory;3557.48;11.00;990.11;0.00;0
56;industrial_complex;3523.60;11.00;997.42;0.00;0
56;air_base;3470.48;11.00;1019.41;0.00;0
56;anti_air_building;3535.47;11.00;1014.59;0.00;0
56;bunker;3499.44;11.00;990.27;0.00;0
56;fuel_silo;3440.55;11.00;1047.24;0.00;0
56;radar_station;3491.53;11.00;1026.15;0.00;0
56;nuclear_reactor_spawn;3563.75;11.00;1017.25;0.00;0
56;rocket_site_spawn;3557.48;11.00;990.11;0.00;0
56;synthetic_refinery;3523.60;11.00;997.42;0.00;0
56;supply_node;3470.48;11.00;1019.41;0.00;0
57;arms_factory;3893.49;11.00;943.26;0.00;0
57;industrial_complex;3911.89;11.00;942.79;0.00;0
57;air_base;3893.49;11.00;943.26;0.00;0
57;anti_air_building;3911.89;11.00;942.79;0.00;0
57;bunker;3893.49;11.00;943.26;0.00;0
57;fuel_silo;3911.89;11.00;942.79;0.00;0
57;radar_station;3893.49;11.00;943.26;0.00;0
57;nuclear_reactor_spawn;3911.89;11.00;942.79;0.00;0
57;rocket_site_spawn;3893.49;11.00;943.26;0.00;0
57;synthetic_refinery;3911.89;11.00;942.79;0.00;0
57;supply_node;3893.49;11.00;943.26;0.00;0
58;arms_factory;1742.92;11.00;886.10;0.00;0
58;industrial_complex;1725.08;11.00;887.83;0.00;0
58;air_base;1761.11;11.00;896.57;0.00;0
58;anti_air_building;1741.46;11.00;899.03;0.00;0
58;bunker;1730.25;11.00;904.40;0.00;0
58;fuel_silo;1737.40;11.00;875.46;0.00;0
58;radar_station;1729.29;11.00;866.87;0.00;0
58;nuclear_reactor_spawn;1728.84;11.00;855.37;0.00;0
58;rocket_site_spawn;1742.92;11.00;886.10;0.00;0
58;synthetic_refinery;1725.08;11.00;887.83;0.00;0
58;supply_node;1761.11;11.00;896.57;0.00;0
6;arms_factory;2300.07;11.00;603.32;0.00;0
6;industrial_complex;2319.94;11.00;567.32;0.00;0
6;air_base;2353.66;11.00;574.45;0.00;0
6;anti_air_building;2335.75;11.00;616.80;0.00;0
6;bunker;2284.96;11.00;582.38;0.00;0
6;fuel_silo;2363.28;11.00;622.77;0.00;0
6;radar_station;2326.46;11.00;586.08;0.00;0
6;nuclear_reactor_spawn;2300.16;11.00;578.20;0.00;0
6;rocket_site_spawn;2285.80;11.00;571.19;0.00;0
6;synthetic_refinery;2288.13;11.00;593.78;0.00;0
6;supply_node;2316.10;11.00;608.16;0.00;0
59;arms_factory;2904.48;11.00;880.90;0.00;0
59;industrial_complex;2900.57;11.00;926.37;0.00;0
59;air_base;2867.43;11.00;888.87;0.00;0
59;anti_air_building;2929.88;11.00;908.25;0.00;0
59;bunker;2921.01;11.00;934.00;0.00;0
59;fuel_silo;2904.34;11.00;918.23;0.00;0
59;radar_station;2889.58;11.00;909.55;0.00;0
59;nuclear_reactor_spawn;2907.64;11.00;904.41;0.00;0
59;rocket_site_spawn;2879.51;11.00;904.15;0.00;0
59;synthetic_refinery;2950.30;11.00;899.79;0.00;0
59;supply_node;2882.97;11.00;898.02;0.00;0
59;dockyard;2881.11;11.00;882.63;0.00;0
59;coastal_bunker;2904.48;11.00;880.90;0.00;0
60;arms_factory;2005.77;11.00;842.27;0.00;0
60;industrial_complex;1977.27;11.00;853.96;0.00;0
60;air_base;1961.88;11.00;842.31;0.00;0
60;anti_air_building;1939.97;11.00;853.49;0.00;0
60;bunker;1951.93;11.00;859.08;0.00;0
60;fuel_silo;1973.40;11.00;832.16;0.00;0
60;radar_station;1987.78;11.00;865.41;0.00;0
60;nuclear_reactor_spawn;1944.91;11.00;866.32;0.00;0
60;rocket_site_spawn;1978.11;11.00;864.12;0.00;0
60;synthetic_refinery;1962.14;11.00;864.38;0.00;0
60;supply_node;1934.85;11.00;861.88;0.00;0
61;arms_factory;3012.70;11.00;741.57;0.00;0
61;industrial_complex;3036.60;11.00;758.68;0.00;0
61;air_base;3057.20;11.00;746.58;0.00;0
61;anti_air_building;3027.53;11.00;724.62;0.00;0
61;bunker;3053.34;11.00;768.95;0.00;0
61;fuel_silo;3068.68;11.00;764.04;0.00;0
61;radar_station;3073.12;11.00;752.10;0.00;0
61;nuclear_reactor_spawn;3049.21;11.00;730.98;0.00;0
61;rocket_site_spawn;3078.95;11.00;769.85;0.00;0
61;synthetic_refinery;3022.15;11.00;764.43;0.00;0
61;supply_node;3051.59;11.00;756.87;0.00;0
61;dockyard;3039.36;11.00;743.15;0.00;0
61;coastal_bunker;3063.88;11.00;740.60;0.00;0
62;arms_factory;3218.97;11.00;724.03;0.00;0
62;industrial_complex;3209.37;11.00;718.34;0.00;0
62;air_base;3154.74;11.00;745.90;0.00;0
62;anti_air_building;3196.23;11.00;706.04;0.00;0
62;bunker;3144.32;11.00;717.55;0.00;0
62;fuel_silo;3167.10;11.00;711.51;0.00;0
62;radar_station;3176.69;11.00;740.47;0.00;0
62;nuclear_reactor_spawn;3128.97;11.00;731.04;0.00;0
62;rocket_site_spawn;3142.53;11.00;747.58;0.00;0
62;synthetic_refinery;3175.48;11.00;727.39;0.00;0
62;supply_node;3156.55;11.00;716.35;0.00;0
62;dockyard;3149.33;11.00;736.13;0.00;0
62;coastal_bunker;3194.85;11.00;741.90;0.00;0
63;arms_factory;4084.91;11.00;752.24;0.00;0
63;industrial_complex;4084.00;11.00;747.46;0.00;0
63;air_base;4084.91;11.00;752.24;0.00;0
63;anti_air_building;4084.00;11.00;747.46;0.00;0
63;bunker;4084.91;11.00;752.24;0.00;0
63;fuel_silo;4084.00;11.00;747.46;0.00;0
63;radar_station;4084.91;11.00;752.24;0.00;0
63;nuclear_reactor_spawn;4084.00;11.00;747.46;0.00;0
63;rocket_site_spawn;4084.91;11.00;752.24;0.00;0
63;synthetic_refinery;4084.00;11.00;747.46;0.00;0
63;supply_node;4084.91;11.00;752.24;0.00;0
63;dockyard;4084.00;11.00;747.46;0.00;0
63;coastal_bunker;4084.91;11.00;752.24;0.00;0
64;arms_factory;4111.30;11.00;749.32;0.00;0
64;industrial_complex;4116.08;11.00;746.08;0.00;0
64;air_base;4108.34;11.00;744.77;0.00;0
64;anti_air_building;4111.30;11.00;749.32;0.00;0
64;bunker;4116.08;11.00;746.08;0.00;0
64;fuel_silo;4108.34;11.00;744.77;0.00;0
64;radar_station;4111.30;11.00;749.32;0.00;0
64;nuclear_reactor_spawn;4116.08;11.00;746.08;0.00;0
64;rocket_site_spawn;4108.34;11.00;744.77;0.00;0
64;synthetic_refinery;4111.30;11.00;749.32;0.00;0
64;supply_node;4116.08;11.00;746.08;0.00;0
64;dockyard;4108.34;11.00;744.77;0.00;0
64;coastal_bunker;4111.30;11.00;749.32;0.00;0
65;arms_factory;4147.95;11.00;711.77;0.00;0
65;industrial_complex;4138.95;11.00;733.85;0.00;0
65;air_base;4145.33;11.00;723.06;0.00;0
65;anti_air_building;4147.95;11.00;711.77;0.00;0
65;bunker;4138.95;11.00;733.85;0.00;0
65;fuel_silo;4145.33;11.00;723.06;0.00;0
65;radar_station;4147.95;11.00;711.77;0.00;0
65;nuclear_reactor_spawn;4138.95;11.00;733.85;0.00;0
65;rocket_site_spawn;4145.33;11.00;723.06;0.00;0
65;synthetic_refinery;4147.95;11.00;711.77;0.00;0
65;supply_node;4138.95;11.00;733.85;0.00;0
65;dockyard;4145.33;11.00;723.06;0.00;0
65;coastal_bunker;4147.95;11.00;711.77;0.00;0
66;arms_factory;1911.36;11.00;682.43;0.00;0
66;industrial_complex;1901.33;11.00;706.01;0.00;0
66;air_base;1913.28;11.00;707.37;0.00;0
66;anti_air_building;1910.41;11.00;694.05;0.00;0
66;bunker;1904.59;11.00;715.09;0.00;0
66;fuel_silo;1894.56;11.00;723.25;0.00;0
66;radar_station;1896.31;11.00;717.44;0.00;0
66;nuclear_reactor_spawn;1900.81;11.00;697.72;0.00;0
66;rocket_site_spawn;1866.32;11.00;667.45;0.00;0
66;synthetic_refinery;1872.37;11.00;676.31;0.00;0
66;supply_node;1911.36;11.00;682.43;0.00;0
66;dockyard;1901.33;11.00;706.01;0.00;0
66;coastal_bunker;1913.28;11.00;707.37;0.00;0
67;arms_factory;3386.42;11.00;442.07;0.00;0
67;industrial_complex;3413.32;11.00;451.73;0.00;0
67;air_base;3393.03;11.00;480.11;0.00;0
67;anti_air_building;3356.32;11.00;482.85;0.00;0
67;bunker;3399.44;11.00;448.25;0.00;0
67;fuel_silo;3327.44;11.00;466.97;0.00;0
67;radar_station;3378.05;11.00;465.47;0.00;0
67;nuclear_reactor_spawn;3383.19;11.00;426.42;0.00;0
67;rocket_site_spawn;3412.39;11.00;439.46;0.00;0
67;synthetic_refinery;3394.35;11.00;466.49;0.00;0
67;supply_node;3347.80;11.00;459.76;0.00;0
68;arms_factory;2745.01;11.00;698.40;0.00;0
68;industrial_complex;2714.25;11.00;690.19;0.00;0
68;air_base;2725.75;11.00;705.14;0.00;0
68;anti_air_building;2745.01;11.00;698.40;0.00;0
68;bunker;2714.25;11.00;690.19;0.00;0
68;fuel_silo;2725.75;11.00;705.14;0.00;0
68;radar_station;2745.01;11.00;698.40;0.00;0
68;nuclear_reactor_spawn;2714.25;11.00;690.19;0.00;0
68;rocket_site_spawn;2725.75;11.00;705.14;0.00;0
68;synthetic_refinery;2745.01;11.00;698.40;0.00;0
68;supply_node;2714.25;11.00;690.19;0.00;0
68;dockyard;2725.75;11.00;705.14;0.00;0
68;coastal_bunker;2745.01;11.00;698.40;0.00;0
7;arms_factory;2539.43;11.00;1511.44;0.00;0
7;industrial_complex;2538.11;11.00;1537.19;0.00;0
7;air_base;2546.83;11.00;1525.06;0.00;0
7;anti_air_building;2518.71;11.00;1510.42;0.00;0
7;bunker;2518.58;11.00;1533.12;0.00;0
7;fuel_silo;2501.71;11.00;1521.36;0.00;0
7;radar_station;2550.82;11.00;1538.18;0.00;0
7;nuclear_reactor_spawn;2501.93;11.00;1529.93;0.00;0
7;rocket_site_spawn;2527.88;11.00;1529.80;0.00;0
7;synthetic_refinery;2511.45;11.00;1524.57;0.00;0
7;supply_node;2527.29;11.00;1518.27;0.00;0
7;dockyard;2508.15;11.00;1513.56;0.00;0
7;coastal_bunker;2498.98;11.00;1511.45;0.00;0
69;arms_factory;3225.09;11.00;552.48;0.00;0
69;industrial_complex;3229.20;11.00;570.01;0.00;0
69;air_base;3246.33;11.00;542.09;0.00;0
69;anti_air_building;3244.55;11.00;563.52;0.00;0
69;bunker;3281.40;11.00;541.08;0.00;0
69;fuel_silo;3238.08;11.00;551.31;0.00;0
69;radar_station;3212.69;11.00;576.41;0.00;0
69;nuclear_reactor_spawn;3261.97;11.00;559.62;0.00;0
69;rocket_site_spawn;3221.02;11.00;589.27;0.00;0
69;synthetic_refinery;3233.72;11.00;582.75;0.00;0
69;supply_node;3244.74;11.00;576.53;0.00;0
70;arms_factory;3403.39;11.00;527.10;0.00;0
70;industrial_complex;3426.34;11.00;530.40;0.00;0
70;air_base;3424.82;11.00;469.82;0.00;0
70;anti_air_building;3398.78;11.00;490.97;0.00;0
70;bunker;3432.28;11.00;507.22;0.00;0
70;fuel_silo;3440.91;11.00;518.36;0.00;0
70;radar_station;3446.64;11.00;463.84;0.00;0
70;nuclear_reactor_spawn;3470.44;11.00;499.69;0.00;0
70;rocket_site_spawn;3468.66;11.00;512.50;0.00;0
70;synthetic_refinery;3458.16;11.00;517.91;0.00;0
70;supply_node;3447.18;11.00;481.38;0.00;0
71;arms_factory;2683.96;11.00;636.95;0.00;0
71;industrial_complex;2717.68;11.00;667.21;0.00;0
71;air_base;2702.58;11.00;641.75;0.00;0
71;anti_air_building;2694.93;11.00;632.50;0.00;0
71;bunker;2695.72;11.00;649.74;0.00;0
71;fuel_silo;2714.00;11.00;651.71;0.00;0
71;radar_station;2724.83;11.00;673.80;0.00;0
71;nuclear_reactor_spawn;2734.36;11.00;667.18;0.00;0
71;rocket_site_spawn;2728.91;11.00;660.30;0.00;0
71;synthetic_refinery;2706.45;11.00;656.44;0.00;0
71;supply_node;2678.71;11.00;646.07;0.00;0
71;dockyard;2708.07;11.00;632.41;0.00;0
71;coastal_bunker;2683.96;11.00;636.95;0.00;0
72;arms_factory;3011.30;11.00;681.72;0.00;0
72;industrial_complex;3055.54;11.00;663.99;0.00;0
72;air_base;3032.82;11.00;661.79;0.00;0
72;anti_air_building;3046.30;11.00;641.68;0.00;0
72;bunker;3026.23;11.00;695.69;0.00;0
72;fuel_silo;3052.85;11.00;651.81;0.00;0
72;radar_station;3011.30;11.00;681.72;0.00;0
72;nuclear_reactor_spawn;3055.54;11.00;663.99;0.00;0
72;rocket_site_spawn;3032.82;11.00;661.79;0.00;0
72;synthetic_refinery;3046.30;11.00;641.68;0.00;0
72;supply_node;3026.23;11.00;695.69;0.00;0
72;dockyard;3052.85;11.00;651.81;0.00;0
72;coastal_bunker;3011.30;11.00;681.72;0.00;0
73;arms_factory;3364.72;11.00;576.97;0.00;0
73;industrial_complex;3337.94;11.00;577.21;0.00;0
73;air_base;3304.34;11.00;588.65;0.00;0
73;anti_air_building;3279.26;11.00;585.36;0.00;0
73;bunker;3234.17;11.00;598.31;0.00;0
73;fuel_silo;3293.74;11.00;565.14;0.00;0
73;radar_station;3381.74;11.00;561.34;0.00;0
73;nuclear_reactor_spawn;3331.45;11.00;543.10;0.00;0
73;rocket_site_spawn;3322.69;11.00;605.67;0.00;0
73;synthetic_refinery;3315.89;11.00;521.50;0.00;0
73;supply_node;3257.86;11.00;584.75;0.00;0
74;arms_factory;3976.81;11.00;581.29;0.00;0
74;industrial_complex;3976.81;11.00;581.29;0.00;0
74;air_base;3976.81;11.00;581.29;0.00;0
74;anti_air_building;3976.81;11.00;581.29;0.00;0
74;bunker;3976.81;11.00;581.29;0.00;0
74;fuel_silo;3976.81;11.00;581.29;0.00;0
74;radar_station;3976.81;11.00;581.29;0.00;0
74;nuclear_reactor_spawn;3976.81;11.00;581.29;0.00;0
74;rocket_site_spawn;3976.81;11.00;581.29;0.00;0
74;synthetic_refinery;3976.81;11.00;581.29;0.00;0
74;supply_node;3976.81;11.00;581.29;0.00;0
74;dockyard;3976.81;11.00;581.29;0.00;0
74;coastal_bunker;3976.81;11.00;581.29;0.00;0
75;arms_factory;1908.45;11.00;581.41;0.00;0
75;industrial_complex;1908.45;11.00;581.41;0.00;0
75;air_base;1908.45;11.00;581.41;0.00;0
75;anti_air_building;1908.45;11.00;581.41;0.00;0
75;bunker;1908.45;11.00;581.41;0.00;0
75;fuel_silo;1908.45;11.00;581.41;0.00;0
75;radar_station;1908.45;11.00;581.41;0.00;0
75;nuclear_reactor_spawn;1908.45;11.00;581.41;0.00;0
75;rocket_site_spawn;1908.45;11.00;581.41;0.00;0
75;synthetic_refinery;1908.45;11.00;581.41;0.00;0
75;supply_node;1908.45;11.00;581.41;0.00;0
75;dockyard;1908.45;11.00;581.41;0.00;0
75;coastal_bunker;1908.45;11.00;581.41;0.00;0
76;arms_factory;2015.69;11.00;541.17;0.00;0
76;industrial_complex;1980.71;11.00;556.98;0.00;0
76;air_base;2007.32;11.00;558.32;0.00;0
76;anti_air_building;2024.69;11.00;558.12;0.00;0
76;bunker;2006.15;11.00;569.34;0.00;0
76;fuel_silo;1987.71;11.00;583.38;0.00;0
76;radar_station;2036.70;11.00;551.17;0.00;0
76;nuclear_reactor_spawn;2005.40;11.00;545.86;0.00;0
76;rocket_site_spawn;1984.07;11.00;571.79;0.00;0
76;synthetic_refinery;1993.67;11.00;572.33;0.00;0
76;supply_node;2018.94;11.00;567.28;0.00;0
76;dockyard;1987.34;11.00;563.38;0.00;0
76;coastal_bunker;2035.06;11.00;567.52;0.00;0
77;arms_factory;2637.22;11.00;571.37;0.00;0
77;industrial_complex;2637.22;11.00;571.37;0.00;0
77;air_base;2637.22;11.00;571.37;0.00;0
77;anti_air_building;2637.22;11.00;571.37;0.00;0
77;bunker;2637.22;11.00;571.37;0.00;0
77;fuel_silo;2637.22;11.00;571.37;0.00;0
77;radar_station;2637.22;11.00;571.37;0.00;0
77;nuclear_reactor_spawn;2637.22;11.00;571.37;0.00;0
77;rocket_site_spawn;2637.22;11.00;571.37;0.00;0
77;synthetic_refinery;2637.22;11.00;571.37;0.00;0
77;supply_node;2637.22;11.00;571.37;0.00;0
77;dockyard;2637.22;11.00;571.37;0.00;0
77;coastal_bunker;2637.22;11.00;571.37;0.00;0
78;arms_factory;4077.00;11.00;566.45;0.00;0
78;industrial_complex;4077.00;11.00;566.45;0.00;0
78;air_base;4077.00;11.00;566.45;0.00;0
78;anti_air_building;4077.00;11.00;566.45;0.00;0
78;bunker;4077.00;11.00;566.45;0.00;0
78;fuel_silo;4077.00;11.00;566.45;0.00;0
78;radar_station;4077.00;11.00;566.45;0.00;0
78;nuclear_reactor_spawn;4077.00;11.00;566.45;0.00;0
78;rocket_site_spawn;4077.00;11.00;566.45;0.00;0
78;synthetic_refinery;4077.00;11.00;566.45;0.00;0
78;supply_node;4077.00;11.00;566.45;0.00;0
78;dockyard;4077.00;11.00;566.45;0.00;0
78;coastal_bunker;4077.00;11.00;566.45;0.00;0
8;arms_factory;2628.36;11.00;1529.97;0.00;0
8;industrial_complex;2614.42;11.00;1538.51;0.00;0
8;air_base;2643.53;11.00;1541.87;0.00;0
8;anti_air_building;2622.97;11.00;1541.07;0.00;0
8;bunker;2628.36;11.00;1529.97;0.00;0
8;fuel_silo;2614.42;11.00;1538.51;0.00;0
8;radar_station;2643.53;11.00;1541.87;0.00;0
8;nuclear_reactor_spawn;2622.97;11.00;1541.07;0.00;0
8;rocket_site_spawn;2628.36;11.00;1529.97;0.00;0
8;synthetic_refinery;2614.42;11.00;1538.51;0.00;0
8;supply_node;2643.53;11.00;1541.87;0.00;0
8;dockyard;2622.97;11.00;1541.07;0.00;0
8;coastal_bunker;2628.36;11.00;1529.97;0.00;0
79;arms_factory;2186.32;11.00;514.99;0.00;0
79;industrial_complex;2171.64;11.00;530.80;0.00;0
79;air_base;2223.28;11.00;538.04;0.00;0
79;anti_air_building;2207.37;11.00;535.41;0.00;0
79;bunker;2218.92;11.00;526.15;0.00;0
79;fuel_silo;2197.05;11.00;525.08;0.00;0
79;radar_station;2193.32;11.00;494.02;0.00;0
79;nuclear_reactor_spawn;2197.16;11.00;555.07;0.00;0
79;rocket_site_spawn;2172.41;11.00;561.12;0.00;0
79;synthetic_refinery;2198.29;11.00;509.79;0.00;0
79;supply_node;2184.66;11.00;566.52;0.00;0
80;arms_factory;3330.03;11.00;505.31;0.00;0
80;industrial_complex;3383.01;11.00;524.57;0.00;0
80;air_base;3317.24;11.00;487.03;0.00;0
80;anti_air_building;3372.31;11.00;499.84;0.00;0
80;bunker;3357.68;11.00;524.89;0.00;0
80;fuel_silo;3360.71;11.00;497.39;0.00;0
80;radar_station;3387.26;11.00;540.24;0.00;0
80;nuclear_reactor_spawn;3382.92;11.00;504.94;0.00;0
80;rocket_site_spawn;3341.37;11.00;491.89;0.00;0
80;synthetic_refinery;3330.03;11.00;505.31;0.00;0
80;supply_node;3383.01;11.00;524.57;0.00;0
81;arms_factory;3795.47;11.00;496.86;0.00;0
81;industrial_complex;3838.70;11.00;491.68;0.00;0
81;air_base;3825.19;11.00;524.96;0.00;0
81;anti_air_building;3804.82;11.00;483.25;0.00;0
81;bunker;3812.03;11.00;503.11;0.00;0
81;fuel_silo;3794.95;11.00;483.12;0.00;0
81;radar_station;3833.16;11.00;512.73;0.00;0
81;nuclear_reactor_spawn;3816.80;11.00;517.38;0.00;0
81;rocket_site_spawn;3804.41;11.00;510.90;0.00;0
81;synthetic_refinery;3825.10;11.00;506.14;0.00;0
81;supply_node;3843.73;11.00;504.33;0.00;0
82;arms_factory;2625.02;11.00;501.51;0.00;0
82;industrial_complex;2655.07;11.00;492.10;0.00;0
82;air_base;2639.60;11.00;508.70;0.00;0
82;anti_air_building;2632.49;11.00;485.98;0.00;0
82;bunker;2652.31;11.00;507.93;0.00;0
82;fuel_silo;2628.48;11.00;510.95;0.00;0
82;radar_station;2662.00;11.00;508.82;0.00;0
82;nuclear_reactor_spawn;2666.78;11.00;500.54;0.00;0
82;rocket_site_spawn;2640.75;11.00;497.17;0.00;0
82;synthetic_refinery;2649.14;11.00;479.96;0.00;0
82;supply_node;2633.04;11.00;472.70;0.00;0
82;dockyard;2639.56;11.00;467.09;0.00;0
82;coastal_bunker;2625.02;11.00;501.51;0.00;0
83;arms_factory;2842.25;11.00;612.16;0.00;0
83;industrial_complex;2894.01;11.00;618.59;0.00;0
83;air_base;2914.68;11.00;619.95;0.00;0
83;anti_air_building;2848.17;11.00;637.49;0.00;0
83;bunker;2901.59;11.00;609.81;0.00;0
83;fuel_silo;2895.86;11.00;658.97;0.00;0
83;radar_station;2906.26;11.00;633.85;0.00;0
83;nuclear_reactor_spawn;2908.58;11.00;597.92;0.00;0
83;rocket_site_spawn;2847.32;11.00;601.38;0.00;0
83;synthetic_refinery;2878.86;11.00;618.38;0.00;0
83;supply_node;2824.68;11.00;637.68;0.00;0
84;arms_factory;4050.23;11.00;502.39;0.00;0
84;industrial_complex;4050.71;11.00;497.41;0.00;0
84;air_base;4050.23;11.00;502.39;0.00;0
84;anti_air_building;4050.71;11.00;497.41;0.00;0
84;bunker;4050.23;11.00;502.39;0.00;0
84;fuel_silo;4050.71;11.00;497.41;0.00;0
84;radar_station;4050.23;11.00;502.39;0.00;0
84;nuclear_reactor_spawn;4050.71;11.00;497.41;0.00;0
84;rocket_site_spawn;4050.23;11.00;502.39;0.00;0
84;synthetic_refinery;4050.71;11.00;497.41;0.00;0
84;supply_node;4050.23;11.00;502.39;0.00;0
84;dockyard;4050.71;11.00;497.41;0.00;0
84;coastal_bunker;4050.23;11.00;502.39;0.00;0
85;arms_factory;2131.24;11.00;463.24;0.00;0
85;industrial_complex;2143.22;11.00;457.43;0.00;0
85;air_base;2156.72;11.00;474.19;0.00;0
85;anti_air_building;2151.97;11.00;464.43;0.00;0
85;bunker;2135.44;11.00;491.90;0.00;0
85;fuel_silo;2142.80;11.00;484.21;0.00;0
85;radar_station;2151.81;11.00;481.01;0.00;0
85;nuclear_reactor_spawn;2134.11;11.00;482.79;0.00;0
85;rocket_site_spawn;2140.97;11.00;472.53;0.00;0
85;synthetic_refinery;2166.06;11.00;467.77;0.00;0
85;supply_node;2161.40;11.00;456.48;0.00;0
86;arms_factory;4080.20;11.00;489.63;0.00;0
86;industrial_complex;4078.11;11.00;485.39;0.00;0
86;air_base;4080.20;11.00;489.63;0.00;0
86;anti_air_building;4078.11;11.00;485.39;0.00;0
86;bunker;4080.20;11.00;489.63;0.00;0
86;fuel_silo;4078.11;11.00;485.39;0.00;0
86;radar_station;4080.20;11.00;489.63;0.00;0
86;nuclear_reactor_spawn;4078.11;11.00;485.39;0.00;0
86;rocket_site_spawn;4080.20;11.00;489.63;0.00;0
86;synthetic_refinery;4078.11;11.00;485.39;0.00;0
86;supply_node;4080.20;11.00;489.63;0.00;0
86;dockyard;4078.11;11.00;485.39;0.00;0
86;coastal_bunker;4080.20;11.00;489.63;0.00;0
87;arms_factory;2514.97;11.00;430.80;0.00;0
87;industrial_complex;2504.54;11.00;411.78;0.00;0
87;air_base;2485.13;11.00;389.65;0.00;0
87;anti_air_building;2490.73;11.00;401.85;0.00;0
87;bunker;2512.70;11.00;455.49;0.00;0
87;fuel_silo;2514.88;11.00;445.30;0.00;0
87;radar_station;2503.16;11.00;425.84;0.00;0
87;nuclear_reactor_spawn;2516.81;11.00;416.82;0.00;0
87;rocket_site_spawn;2490.06;11.00;379.52;0.00;0
87;synthetic_refinery;2514.97;11.00;430.80;0.00;0
87;supply_node;2504.54;11.00;411.78;0.00;0
87;dockyard;2485.13;11.00;389.65;0.00;0
87;coastal_bunker;2490.73;11.00;401.85;0.00;0
88;arms_factory;3484.24;11.00;690.85;0.00;0
88;industrial_complex;3452.72;11.00;712.15;0.00;0
88;air_base;3439.70;11.00;691.94;0.00;0
88;anti_air_building;3425.75;11.00;688.47;0.00;0
88;bunker;3464.71;11.00;721.36;0.00;0
88;fuel_silo;3463.16;11.00;704.73;0.00;0
88;radar_station;3490.12;11.00;699.91;0.00;0
88;nuclear_reactor_spawn;3466.00;11.00;687.77;0.00;0
88;rocket_site_spawn;3474.83;11.00;716.90;0.00;0
88;synthetic_refinery;3433.72;11.00;715.66;0.00;0
88;supply_node;3475.01;11.00;706.77;0.00;0
9;arms_factory;2855.73;11.00;1512.67;0.00;0
9;industrial_complex;2855.30;11.00;1522.02;0.00;0
9;air_base;2859.49;11.00;1530.92;0.00;0
9;anti_air_building;2867.96;11.00;1529.49;0.00;0
9;bunker;2862.14;11.00;1522.86;0.00;0
9;fuel_silo;2827.47;11.00;1526.93;0.00;0
9;radar_station;2835.19;11.00;1535.72;0.00;0
9;nuclear_reactor_spawn;2821.29;11.00;1544.78;0.00;0
9;rocket_site_spawn;2830.24;11.00;1547.99;0.00;0
9;synthetic_refinery;2862.77;11.00;1557.63;0.00;0
9;supply_node;2882.59;11.00;1558.80;0.00;0
9;dockyard;2848.38;11.00;1583.02;0.00;0
9;coastal_bunker;2860.46;11.00;1584.97;0.00;0
89;arms_factory;2021.10;11.00;404.83;0.00;0
89;industrial_complex;1981.46;11.00;401.94;0.00;0
89;air_base;1990.09;11.00;408.43;0.00;0
89;anti_air_building;2004.00;11.00;399.15;0.00;0
89;bunker;2010.17;11.00;410.09;0.00;0
89;fuel_silo;1995.52;11.00;400.59;0.00;0
89;radar_station;1987.51;11.00;395.96;0.00;0
89;nuclear_reactor_spawn;2013.84;11.00;395.58;0.00;0
89;rocket_site_spawn;2009.92;11.00;380.16;0.00;0
89;synthetic_refinery;2015.21;11.00;377.39;0.00;0
89;supply_node;2010.49;11.00;373.84;0.00;0
89;dockyard;2032.77;11.00;388.63;0.00;0
89;coastal_bunker;1982.19;11.00;433.54;0.00;0
90;arms_factory;3485.68;11.00;564.64;0.00;0
90;industrial_complex;3454.55;11.00;559.59;0.00;0
90;air_base;3404.68;11.00;562.28;0.00;0
90;anti_air_building;3427.82;11.00;560.14;0.00;0
90;bunker;3462.78;11.00;569.70;0.00;0
90;fuel_silo;3446.10;11.00;540.82;0.00;0
90;radar_station;3439.40;11.00;562.28;0.00;0
90;nuclear_reactor_spawn;3434.02;11.00;547.83;0.00;0
90;rocket_site_spawn;3415.84;11.00;569.27;0.00;0
90;synthetic_refinery;3472.77;11.00;549.82;0.00;0
90;supply_node;3411.70;11.00;541.53;0.00;0
91;arms_factory;3345.16;11.00;625.10;0.00;0
91;industrial_complex;3363.44;11.00;695.15;0.00;0
91;air_base;3344.17;11.00;678.69;0.00;0
91;anti_air_building;3366.64;11.00;650.24;0.00;0
91;bunker;3376.49;11.00;620.19;0.00;0
91;fuel_silo;3409.17;11.00;696.40;0.00;0
91;radar_station;3390.31;11.00;683.74;0.00;0
91;nuclear_reactor_spawn;3390.50;11.00;697.15;0.00;0
91;rocket_site_spawn;3401.91;11.00;688.27;0.00;0
91;synthetic_refinery;3378.91;11.00;673.70;0.00;0
91;supply_node;3339.01;11.00;648.62;0.00;0
92;arms_factory;3474.57;11.00;608.64;0.00;0
92;industrial_complex;3529.71;11.00;594.18;0.00;0
92;air_base;3518.53;11.00;601.27;0.00;0
92;anti_air_building;3527.13;11.00;576.09;0.00;0
92;bunker;3555.44;11.00;622.63;0.00;0
92;fuel_silo;3550.41;11.00;607.31;0.00;0
92;radar_station;3487.79;11.00;630.35;0.00;0
92;nuclear_reactor_spawn;3458.08;11.00;581.56;0.00;0
92;rocket_site_spawn;3567.23;11.00;604.88;0.00;0
92;synthetic_refinery;3471.63;11.00;585.34;0.00;0
92;supply_node;3506.16;11.00;580.33;0.00;0
93;arms_factory;3714.29;11.00;377.97;0.00;0
93;industrial_complex;3712.58;11.00;373.19;0.00;0
93;air_base;3714.29;11.00;377.97;0.00;0
93;anti_air_building;3712.58;11.00;373.19;0.00;0
93;bunker;3714.29;11.00;377.97;0.00;0
93;fuel_silo;3712.58;11.00;373.19;0.00;0
93;radar_station;3714.29;11.00;377.97;0.00;0
93;nuclear_reactor_spawn;3712.58;11.00;373.19;0.00;0
93;rocket_site_spawn;3714.29;11.00;377.97;0.00;0
93;synthetic_refinery;3712.58;11.00;373.19;0.00;0
93;supply_node;3714.29;11.00;377.97;0.00;0
93;dockyard;3712.58;11.00;373.19;0.00;0
93;coastal_bunker;3714.29;11.00;377.97;0.00;0
94;arms_factory;2673.02;11.00;368.63;0.00;0
94;industrial_complex;2673.02;11.00;368.63;0.00;0
94;air_base;2673.02;11.00;368.63;0.00;0
94;anti_air_building;2673.02;11.00;368.63;0.00;0
94;bunker;2673.02;11.00;368.63;0.00;0
94;fuel_silo;2673.02;11.00;368.63;0.00;0
94;radar_station;2673.02;11.00;368.63;0.00;0
94;nuclear_reactor_spawn;2673.02;11.00;368.63;0.00;0
94;rocket_site_spawn;2673.02;11.00;368.63;0.00;0
94;synthetic_refinery;2673.02;11.00;368.63;0.00;0
94;supply_node;2673.02;11.00;368.63;0.00;0
94;dockyard;2673.02;11.00;368.63;0.00;0
94;coastal_bunker;2673.02;11.00;368.63;0.00;0
95;arms_factory;3400.41;11.00;399.17;0.00;0
95;industrial_complex;3371.76;11.00;384.73;0.00;0
95;air_base;3399.63;11.00;380.61;0.00;0
95;anti_air_building;3379.03;11.00;416.46;0.00;0
95;bunker;3371.33;11.00;363.83;0.00;0
95;fuel_silo;3360.81;11.00;396.02;0.00;0
95;radar_station;3398.25;11.00;367.92;0.00;0
95;nuclear_reactor_spawn;3388.16;11.00;408.56;0.00;0
95;rocket_site_spawn;3398.06;11.00;415.46;0.00;0
95;synthetic_refinery;3362.00;11.00;431.52;0.00;0
95;supply_node;3385.34;11.00;360.56;0.00;0
95;dockyard;3367.88;11.00;420.74;0.00;0
95;coastal_bunker;3358.64;11.00;410.92;0.00;0
96;arms_factory;2748.76;11.00;358.84;0.00;0
96;industrial_complex;2748.76;11.00;358.84;0.00;0
96;air_base;2748.76;11.00;358.84;0.00;0
96;anti_air_building;2748.76;11.00;358.84;0.00;0
96;bunker;2748.76;11.00;358.84;0.00;0
96;fuel_silo;2748.76;11.00;358.84;0.00;0
96;radar_station;2748.76;11.00;358.84;0.00;0
96;nuclear_reactor_spawn;2748.76;11.00;358.84;0.00;0
96;rocket_site_spawn;2748.76;11.00;358.84;0.00;0
96;synthetic_refinery;2748.76;11.00;358.84;0.00;0
96;supply_node;2748.76;11.00;358.84;0.00;0
96;dockyard;2748.76;11.00;358.84;0.00;0
96;coastal_bunker;2748.76;11.00;358.84;0.00;0
97;arms_factory;3457.36;11.00;358.41;0.00;0
97;industrial_complex;3457.36;11.00;358.41;0.00;0
97;air_base;3457.36;11.00;358.41;0.00;0
97;anti_air_building;3457.36;11.00;358.41;0.00;0
97;bunker;3457.36;11.00;358.41;0.00;0
97;fuel_silo;3457.36;11.00;358.41;0.00;0
97;radar_station;3457.36;11.00;358.41;0.00;0
97;nuclear_reactor_spawn;3457.36;11.00;358.41;0.00;0
97;rocket_site_spawn;3457.36;11.00;358.41;0.00;0
97;synthetic_refinery;3457.36;11.00;358.41;0.00;0
97;supply_node;3457.36;11.00;358.41;0.00;0
97;dockyard;3457.36;11.00;358.41;0.00;0
97;coastal_bunker;3457.36;11.00;358.41;0.00;0
98;arms_factory;2654.67;11.00;358.22;0.00;0
98;industrial_complex;2652.26;11.00;353.87;0.00;0
98;air_base;2654.67;11.00;358.22;0.00;0
98;anti_air_building;2652.26;11.00;353.87;0.00;0
98;bunker;2654.67;11.00;358.22;0.00;0
98;fuel_silo;2652.26;11.00;353.87;0.00;0
98;radar_station;2654.67;11.00;358.22;0.00;0
98;nuclear_reactor_spawn;2652.26;11.00;353.87;0.00;0
98;rocket_site_spawn;2654.67;11.00;358.22;0.00;0
98;synthetic_refinery;2652.26;11.00;353.87;0.00;0
98;supply_node;2654.67;11.00;358.22;0.00;0
98;dockyard;2652.26;11.00;353.87;0.00;0
98;coastal_bunker;2654.67;11.00;358.22;0.00;0
214;naval_base_spawn;4072.50;11.00;1172.50;0.00;15085
227;naval_base_spawn;2672.50;11.00;1102.50;0.00;12568
297;naval_base_spawn;1833.50;11.00;800.50;0.00;13171
179;naval_base_spawn;2819.50;11.00;1400.50;0.00;10469
327;naval_base_spawn;2701.50;11.00;718.50;0.00;13687
54;naval_base_spawn;1555.50;11.00;956.50;0.00;14548
355;naval_base_spawn;4080.50;11.00;597.50;0.00;15345
33;naval_base_spawn;2593.50;11.00;1311.50;0.00;12201
158;naval_base_spawn;3368.50;11.00;1412.50;0.00;13805
401;naval_base_spawn;3927.50;11.00;428.50;0.00;13568
146;naval_base_spawn;3659.50;11.00;1421.50;0.00;14960
125;naval_base_spawn;2123.50;11.00;1689.50;0.00;14738
197;naval_base_spawn;2557.50;11.00;1315.50;0.00;15016
472;naval_base_spawn;2619.50;11.00;1410.50;0.00;10967
12;naval_base_spawn;1896.50;11.00;1446.50;0.00;14935
453;naval_base_spawn;3685.50;11.00;379.50;0.00;14319
125;naval_base_spawn;2139.50;11.00;1688.50;0.00;14737
308;naval_base_spawn;4043.50;11.00;803.50;0.00;15248
455;naval_base_spawn;3528.50;11.00;351.50;0.00;9690
430;naval_base_spawn;2619.50;11.00;311.50;0.00;10772
206;naval_base_spawn;2584.50;11.00;1267.50;0.00;12831
120;naval_base_spawn;2090.50;11.00;1721.50;0.00;12770
198;naval_base_spawn;2741.50;11.00;1232.50;0.00;13264
446;naval_base_spawn;3258.50;11.00;156.50;0.00;12289
444;naval_base_spawn;3326.50;11.00;219.50;0.00;13241
28;naval_base_spawn;3567.50;11.00;1368.50;0.00;14576
104;naval_base_spawn;3444.50;11.00;1376.50;0.00;14983
37;naval_base_spawn;3850.50;11.00;1264.50;0.00;15037
147;naval_base_spawn;2383.50;11.00;1478.50;0.00;11737
245;naval_base_spawn;3088.50;11.00;1133.50;0.00;15705
33;naval_base_spawn;2595.50;11.00;1319.50;0.00;15008
244;naval_base_spawn;3938.50;11.00;1075.50;0.00;15128
155;naval_base_spawn;2216.50;11.00;1489.50;0.00;13334
156;naval_base_spawn;2563.50;11.00;1406.50;0.00;14963
264;naval_base_spawn;3938.50;11.00;972.50;0.00;14091
377;naval_base_spawn;2723.50;11.00;506.50;0.00;14128
430;naval_base_spawn;2628.50;11.00;325.50;0.00;13102
294;naval_base_spawn;3117.50;11.00;771.50;0.00;15706
72;naval_base_spawn;3011.50;11.00;681.50;0.00;15706
87;naval_base_spawn;2515.50;11.00;430.50;0.00;13360
265;naval_base_spawn;2819.50;11.00;975.50;0.00;15200
217;naval_base_spawn;4118.50;11.00;1140.50;0.00;15103
226;naval_base_spawn;4056.50;11.00;1131.50;0.00;14563
239;naval_base_spawn;2652.50;11.00;1023.50;0.00;12214
116;naval_base_spawn;2429.50;11.00;253.50;0.00;12133
369;naval_base_spawn;3211.50;11.00;486.50;0.00;15403
213;naval_base_spawn;2834.50;11.00;1154.50;0.00;15100
356;naval_base_spawn;2596.50;11.00;611.50;0.00;13801
308;naval_base_spawn;4053.50;11.00;830.50;0.00;15240
14;naval_base_spawn;2765.50;11.00;1507.50;0.00;14882
478;naval_base_spawn;2623.50;11.00;1023.50;0.00;14218
439;naval_base_spawn;2488.50;11.00;301.50;0.00;15531
12;naval_base_spawn;1888.50;11.00;1430.50;0.00;14958
421;naval_base_spawn;2325.50;11.00;299.50;0.00;12212
84;naval_base_spawn;4050.50;11.00;501.50;0.00;11472
402;naval_base_spawn;3958.50;11.00;439.50;0.00;12244
173;naval_base_spawn;1751.50;11.00;1472.50;0.00;13976
89;naval_base_spawn;2021.50;11.00;404.50;0.00;10673
155;naval_base_spawn;2272.50;11.00;1462.50;0.00;14302
131;naval_base_spawn;2573.50;11.00;1332.50;0.00;15008
472;naval_base_spawn;2624.50;11.00;1396.50;0.00;10856
38;naval_base_spawn;3758.50;11.00;1290.50;0.00;12502
359;naval_base_spawn;1647.50;11.00;656.50;0.00;12084
455;naval_base_spawn;3511.50;11.00;354.50;0.00;15489
444;naval_base_spawn;3337.50;11.00;231.50;0.00;15574
8;naval_base_spawn;2628.50;11.00;1529.50;0.00;13844
317;naval_base_spawn;2729.50;11.00;806.50;0.00;15252
28;naval_base_spawn;3573.50;11.00;1335.50;0.00;11286
222;naval_base_spawn;2963.50;11.00;1190.50;0.00;15074
15;naval_base_spawn;3487.50;11.00;1498.50;0.00;14072
187;naval_base_spawn;1990.50;11.00;1418.50;0.00;12394
394;naval_base_spawn;2759.50;11.00;432.50;0.00;14344
209;naval_base_spawn;4030.50;11.00;1168.50;0.00;14371
193;naval_base_spawn;2911.50;11.00;1299.50;0.00;14566
450;naval_base_spawn;2225.50;11.00;244.50;0.00;15586
378;naval_base_spawn;3173.50;11.00;486.50;0.00;13850
209;naval_base_spawn;3991.50;11.00;1192.50;0.00;13714
412;naval_base_spawn;2353.50;11.00;386.50;0.00;14292
197;naval_base_spawn;2562.50;11.00;1301.50;0.00;11884
161;naval_base_spawn;3782.50;11.00;1449.50;0.00;13656
419;naval_base_spawn;2618.50;11.00;401.50;0.00;11205
402;naval_base_spawn;3986.50;11.00;486.50;0.00;11566
209;naval_base_spawn;3984.50;11.00;1206.50;0.00;12719
180;naval_base_spawn;1915.50;11.00;1367.50;0.00;14092
436;naval_base_spawn;3911.50;11.00;277.50;0.00;12024
161;naval_base_spawn;3794.50;11.00;1421.50;0.00;13479
24;naval_base_spawn;1850.50;11.00;1456.50;0.00;13881
52;naval_base_spawn;3019.50;11.00;1004.50;0.00;15181
311;naval_base_spawn;3984.50;11.00;802.50;0.00;12848
180;naval_base_spawn;1897.50;11.00;1397.50;0.00;14958
417;naval_base_spawn;3912.50;11.00;420.50;0.00;12769
184;naval_base_spawn;2743.50;11.00;1343.50;0.00;14509
9;naval_base_spawn;2821.50;11.00;1544.50;0.00;11956
236;naval_base_spawn;2843.50;11.00;1016.50;0.00;11105
68;naval_base_spawn;2745.50;11.00;697.50;0.00;15292
4;naval_base_spawn;3142.50;11.00;1164.50;0.00;15714
413;naval_base_spawn;2409.50;11.00;411.50;0.00;15434
439;naval_base_spawn;2421.50;11.00;302.50;0.00;12832
178;naval_base_spawn;2973.50;11.00;1407.50;0.00;10846
75;naval_base_spawn;1908.50;11.00;580.50;0.00;13870
363;naval_base_spawn;3052.50;11.00;602.50;0.00;15710
353;naval_base_spawn;1957.50;11.00;646.50;0.00;10370
455;naval_base_spawn;3541.50;11.00;364.50;0.00;9690
173;naval_base_spawn;1730.50;11.00;1383.50;0.00;14255
234;naval_base_spawn;2796.50;11.00;1059.50;0.00;13574
200;naval_base_spawn;2874.50;11.00;1223.50;0.00;13691
420;naval_base_spawn;3477.50;11.00;374.50;0.00;14258
165;naval_base_spawn;2772.50;11.00;1475.50;0.00;11876
132;naval_base_spawn;2147.50;11.00;1586.50;0.00;15719
54;naval_base_spawn;1513.50;11.00;1019.50;0.00;15172
27;naval_base_spawn;1638.50;11.00;1294.50;0.00;14030
353;naval_base_spawn;1919.50;11.00;637.50;0.00;14388
343;naval_base_spawn;3100.50;11.00;703.50;0.00;15716
173;naval_base_spawn;1741.50;11.00;1464.50;0.00;12425
265;naval_base_spawn;2795.50;11.00;937.50;0.00;10788
27;naval_base_spawn;1697.50;11.00;1360.50;0.00;14131
31;naval_base_spawn;3802.50;11.00;1341.50;0.00;10798
158;naval_base_spawn;3364.50;11.00;1464.50;0.00;14929
104;naval_base_spawn;3468.50;11.00;1330.50;0.00;14993
328;naval_base_spawn;1742.50;11.00;720.50;0.00;13632
153;naval_base_spawn;3556.50;11.00;1378.50;0.00;13379
150;naval_base_spawn;3714.50;11.00;1485.50;0.00;11996
414;naval_base_spawn;2939.50;11.00;398.50;0.00;14513
59;naval_base_spawn;2901.50;11.00;925.50;0.00;10872
119;naval_base_spawn;3705.50;11.00;1275.50;0.00;15027
422;naval_base_spawn;3605.50;11.00;376.50;0.00;10259
148;naval_base_spawn;3556.50;11.00;1461.50;0.00;12992
323;naval_base_spawn;3952.50;11.00;761.50;0.00;11547
268;naval_base_spawn;1579.50;11.00;985.50;0.00;14109
121;naval_base_spawn;1841.50;11.00;1368.50;0.00;13208
158;naval_base_spawn;3350.50;11.00;1446.50;0.00;14932
52;naval_base_spawn;3006.50;11.00;1044.50;0.00;13831
101;naval_base_spawn;2718.50;11.00;346.50;0.00;12335
453;naval_base_spawn;3691.50;11.00;362.50;0.00;15468
378;naval_base_spawn;3112.50;11.00;530.50;0.00;13808
154;naval_base_spawn;3319.50;11.00;1459.50;0.00;13838
1;naval_base_spawn;2038.50;11.00;1774.50;0.00;14714
15;naval_base_spawn;3489.50;11.00;1488.50;0.00;12045
415;naval_base_spawn;3067.50;11.00;398.50;0.00;10769
378;naval_base_spawn;3101.50;11.00;590.50;0.00;15710
317;naval_base_spawn;2727.50;11.00;756.50;0.00;13097
387;naval_base_spawn;2718.50;11.00;484.50;0.00;14128
249;naval_base_spawn;3961.50;11.00;1004.50;0.00;14224
128;naval_base_spawn;2198.50;11.00;1634.50;0.00;14037
152;naval_base_spawn;3590.50;11.00;1446.50;0.00;14140
355;naval_base_spawn;3972.50;11.00;629.50;0.00;11138
19;naval_base_spawn;2661.50;11.00;1478.50;0.00;14907
214;naval_base_spawn;4081.50;11.00;1161.50;0.00;13562
280;naval_base_spawn;4001.50;11.00;902.50;0.00;15217
430;naval_base_spawn;2610.50;11.00;329.50;0.00;13102
424;naval_base_spawn;3278.50;11.00;418.50;0.00;13604
98;naval_base_spawn;2655.50;11.00;357.50;0.00;10021
229;naval_base_spawn;3912.50;11.00;1093.50;0.00;12802
245;naval_base_spawn;3031.50;11.00;1100.50;0.00;15124
441;naval_base_spawn;3357.50;11.00;274.50;0.00;15544
32;naval_base_spawn;2693.50;11.00;1306.50;0.00;12699
249;naval_base_spawn;4007.50;11.00;1023.50;0.00;9981
148;naval_base_spawn;3563.50;11.00;1497.50;0.00;13601
191;naval_base_spawn;2968.50;11.00;1352.50;0.00;14160
378;naval_base_spawn;3099.50;11.00;561.50;0.00;13808
52;naval_base_spawn;2981.50;11.00;1011.50;0.00;15178
351;naval_base_spawn;2641.50;11.00;672.50;0.00;13987
150;naval_base_spawn;3700.50;11.00;1468.50;0.00;14915
278;naval_base_spawn;2750.50;11.00;833.50;0.00;15245
356;naval_base_spawn;2619.50;11.00;603.50;0.00;15353
52;naval_base_spawn;3011.50;11.00;1059.50;0.00;13203
197;naval_base_spawn;2582.50;11.00;1291.50;0.00;11884
148;naval_base_spawn;3540.50;11.00;1479.50;0.00;12992
421;naval_base_spawn;2363.50;11.00;333.50;0.00;11358
48;naval_base_spawn;3071.50;11.00;1192.50;0.00;15705
421;naval_base_spawn;2316.50;11.00;293.50;0.00;11207
113;naval_base_spawn;2512.50;11.00;285.50;0.00;14530
414;naval_base_spawn;2978.50;11.00;425.50;0.00;14041
155;naval_base_spawn;2238.50;11.00;1491.50;0.00;14380
153;naval_base_spawn;3576.50;11.00;1404.50;0.00;11946
18;naval_base_spawn;3641.50;11.00;1471.50;0.00;13011
359;naval_base_spawn;1680.50;11.00;634.50;0.00;11521
108;naval_base_spawn;2658.50;11.00;326.50;0.00;13637
148;naval_base_spawn;3574.50;11.00;1444.50;0.00;14439
360;naval_base_spawn;2532.50;11.00;579.50;0.00;15370
7;naval_base_spawn;2539.50;11.00;1510.50;0.00;13711
42;naval_base_spawn;2945.50;11.00;1193.50;0.00;15074
414;naval_base_spawn;2886.50;11.00;386.50;0.00;12908
200;naval_base_spawn;2864.50;11.00;1236.50;0.00;13691
477;naval_base_spawn;2748.50;11.00;880.50;0.00;15230
300;naval_base_spawn;1657.50;11.00;827.50;0.00;14451
418;naval_base_spawn;2096.50;11.00;385.50;0.00;10591
448;naval_base_spawn;2382.50;11.00;164.50;0.00;15624
359;naval_base_spawn;1659.50;11.00;630.50;0.00;13621
133;naval_base_spawn;2229.50;11.00;1568.50;0.00;12460
265;naval_base_spawn;2774.50;11.00;931.50;0.00;14054
52;naval_base_spawn;3039.50;11.00;1019.50;0.00;13880
128;naval_base_spawn;2180.50;11.00;1658.50;0.00;10093
241;naval_base_spawn;2602.50;11.00;1067.50;0.00;12722
308;naval_base_spawn;4065.50;11.00;774.50;0.00;11975
187;naval_base_spawn;1967.50;11.00;1365.50;0.00;14396
335;naval_base_spawn;1977.50;11.00;711.50;0.00;13807
52;naval_base_spawn;3008.50;11.00;1029.50;0.00;13831
9;naval_base_spawn;2856.50;11.00;1512.50;0.00;14859
104;naval_base_spawn;3440.50;11.00;1408.50;0.00;13946
410;naval_base_spawn;3063.50;11.00;432.50;0.00;15432
114;naval_base_spawn;3621.50;11.00;1338.50;0.00;14265
140;naval_base_spawn;2195.50;11.00;1538.50;0.00;13984
414;naval_base_spawn;2899.50;11.00;389.50;0.00;12908
264;naval_base_spawn;3926.50;11.00;953.50;0.00;11153
152;naval_base_spawn;3639.50;11.00;1419.50;0.00;14961
359;naval_base_spawn;1638.50;11.00;657.50;0.00;12084
131;naval_base_spawn;2561.50;11.00;1330.50;0.00;15016
265;naval_base_spawn;2788.50;11.00;926.50;0.00;10788
505;naval_base_spawn;1606.50;11.00;1222.50;0.00;13121
181;naval_base_spawn;3195.50;11.00;1404.50;0.00;14954
245;naval_base_spawn;3141.50;11.00;1081.50;0.00;15713
168;naval_base_spawn;3465.50;11.00;1392.50;0.00;12790
1;naval_base_spawn;2046.50;11.00;1719.50;0.00;14605
156;naval_base_spawn;2572.50;11.00;1424.50;0.00;14945
308;naval_base_spawn;4039.50;11.00;782.50;0.00;12825
378;naval_base_spawn;3093.50;11.00;520.50;0.00;11646
480;naval_base_spawn;3369.50;11.00;1340.50;0.00;13303
174;naval_base_spawn;3826.50;11.00;1411.50;0.00;10738
178;naval_base_spawn;2980.50;11.00;1431.50;0.00;14953
104;naval_base_spawn;3427.50;11.00;1332.50;0.00;15006
181;naval_base_spawn;3153.50;11.00;1363.50;0.00;14394
226;naval_base_spawn;4025.50;11.00;1121.50;0.00;12357
206;naval_base_spawn;2631.50;11.00;1206.50;0.00;9918
107;naval_base_spawn;2544.50;11.00;336.50;0.00;15492
74;naval_base_spawn;3977.50;11.00;580.50;0.00;11928
369;naval_base_spawn;3228.50;11.00;491.50;0.00;15403
307;naval_base_spawn;1584.50;11.00;790.50;0.00;13179
337;naval_base_spawn;3977.50;11.00;685.50;0.00;10865
174;naval_base_spawn;3816.50;11.00;1363.50;0.00;14614
55;naval_base_spawn;3912.50;11.00;551.50;0.00;12169
245;naval_base_spawn;3103.50;11.00;1139.50;0.00;15705
454;naval_base_spawn;3428.50;11.00;387.50;0.00;14584
104;naval_base_spawn;3455.50;11.00;1365.50;0.00;14993
368;naval_base_spawn;2511.50;11.00;519.50;0.00;13613
436;naval_base_spawn;3899.50;11.00;273.50;0.00;10495
195;naval_base_spawn;3937.50;11.00;1295.50;0.00;14339
211;naval_base_spawn;1562.50;11.00;1166.50;0.00;11849
10;naval_base_spawn;2952.50;11.00;1503.50;0.00;14896
446;naval_base_spawn;3233.50;11.00;178.50;0.00;13361
245;naval_base_spawn;3126.50;11.00;1119.50;0.00;15705
415;naval_base_spawn;3054.50;11.00;393.50;0.00;14082
473;naval_base_spawn;2306.50;11.00;1483.50;0.00;14251
447;naval_base_spawn;2377.50;11.00;195.50;0.00;14359
12;naval_base_spawn;1887.50;11.00;1500.50;0.00;14881
150;naval_base_spawn;3703.50;11.00;1421.50;0.00;14964
9;naval_base_spawn;2860.50;11.00;1584.50;0.00;14498
137;naval_base_spawn;1988.50;11.00;1595.50;0.00;14314
353;naval_base_spawn;1910.50;11.00;628.50;0.00;13951
480;naval_base_spawn;3382.50;11.00;1324.50;0.00;15000
135;naval_base_spawn;2165.50;11.00;1604.50;0.00;15719
438;naval_base_spawn;3506.50;11.00;274.50;0.00;13278
429;naval_base_spawn;2142.50;11.00;322.50;0.00;14591
271;naval_base_spawn;3950.50;11.00;934.50;0.00;11153
380;naval_base_spawn;3956.50;11.00;543.50;0.00;15372
308;naval_base_spawn;4045.50;11.00;841.50;0.00;12015
327;naval_base_spawn;2693.50;11.00;702.50;0.00;13687
166;naval_base_spawn;2430.50;11.00;1463.50;0.00;13273
249;naval_base_spawn;4002.50;11.00;1045.50;0.00;9981
147;naval_base_spawn;2384.50;11.00;1489.50;0.00;11737
251;naval_base_spawn;2823.50;11.00;1006.50;0.00;15190
161;naval_base_spawn;3772.50;11.00;1430.50;0.00;13439
10;naval_base_spawn;2936.50;11.00;1516.50;0.00;14861
412;naval_base_spawn;2395.50;11.00;377.50;0.00;13172
217;naval_base_spawn;4080.50;11.00;1111.50;0.00;14383
184;naval_base_spawn;2718.50;11.00;1370.50;0.00;12276
158;naval_base_spawn;3338.50;11.00;1470.50;0.00;13384
181;naval_base_spawn;3169.50;11.00;1358.50;0.00;14394
450;naval_base_spawn;2234.50;11.00;202.50;0.00;12950
264;naval_base_spawn;3945.50;11.00;984.50;0.00;15195
380;naval_base_spawn;3946.50;11.00;551.50;0.00;15372
397;naval_base_spawn;2623.50;11.00;456.50;0.00;11271
65;naval_base_spawn;4148.50;11.00;711.50;0.00;15296
305;naval_base_spawn;1906.50;11.00;823.50;0.00;12779
226;naval_base_spawn;4048.50;11.00;1091.50;0.00;14220
472;naval_base_spawn;2643.50;11.00;1387.50;0.00;10856
111;naval_base_spawn;2380.50;11.00;303.50;0.00;15534
89;naval_base_spawn;1982.50;11.00;433.50;0.00;12265
337;naval_base_spawn;3948.50;11.00;701.50;0.00;14558
150;naval_base_spawn;3721.50;11.00;1477.50;0.00;11996
280;naval_base_spawn;3986.50;11.00;882.50;0.00;15232
82;naval_base_spawn;2640.50;11.00;508.50;0.00;15385
147;naval_base_spawn;2337.50;11.00;1468.50;0.00;13192
226;naval_base_spawn;3987.50;11.00;1143.50;0.00;10377
159;naval_base_spawn;3250.50;11.00;1420.50;0.00;14952
479;naval_base_spawn;3570.50;11.00;1321.50;0.00;11933
419;naval_base_spawn;2633.50;11.00;368.50;0.00;11806
472;naval_base_spawn;2603.50;11.00;1358.50;0.00;14525
112;naval_base_spawn;2408.50;11.00;264.50;0.00;13276
66;naval_base_spawn;1911.50;11.00;681.50;0.00;11702
216;naval_base_spawn;2652.50;11.00;1134.50;0.00;12548
149;naval_base_spawn;2179.50;11.00;1514.50;0.00;14876
226;naval_base_spawn;4022.50;11.00;1147.50;0.00;14208
418;naval_base_spawn;2062.50;11.00;384.50;0.00;10603
309;naval_base_spawn;3006.50;11.00;710.50;0.00;15706
177;naval_base_spawn;2849.50;11.00;1401.50;0.00;10469
323;naval_base_spawn;3934.50;11.00;756.50;0.00;14558
245;naval_base_spawn;3078.50;11.00;1150.50;0.00;15705
20;naval_base_spawn;3252.50;11.00;1454.50;0.00;14275
397;naval_base_spawn;2609.50;11.00;434.50;0.00;11271
354;naval_base_spawn;3117.50;11.00;625.50;0.00;15710
211;naval_base_spawn;1613.50;11.00;1104.50;0.00;14327
127;naval_base_spawn;2268.50;11.00;1635.50;0.00;13861
178;naval_base_spawn;2973.50;11.00;1376.50;0.00;10874
249;naval_base_spawn;3993.50;11.00;1007.50;0.00;15194
87;naval_base_spawn;2505.50;11.00;411.50;0.00;10920
61;naval_base_spawn;3028.50;11.00;724.50;0.00;15706
172;naval_base_spawn;2661.50;11.00;1391.50;0.00;12737
154;naval_base_spawn;3325.50;11.00;1429.50;0.00;14941
351;naval_base_spawn;2651.50;11.00;695.50;0.00;13987
302;naval_base_spawn;1861.50;11.00;798.50;0.00;12559
216;naval_base_spawn;2645.50;11.00;1158.50;0.00;12548
302;naval_base_spawn;1906.50;11.00;836.50;0.00;12779
402;naval_base_spawn;3966.50;11.00;473.50;0.00;13045
378;naval_base_spawn;3087.50;11.00;472.50;0.00;14602
38;naval_base_spawn;3787.50;11.00;1270.50;0.00;15029
355;naval_base_spawn;4029.50;11.00;635.50;0.00;14316
10;naval_base_spawn;2950.50;11.00;1516.50;0.00;13429
38;naval_base_spawn;3799.50;11.00;1270.50;0.00;15029
104;naval_base_spawn;3454.50;11.00;1338.50;0.00;14993
27;naval_base_spawn;1655.50;11.00;1319.50;0.00;12653
394;naval_base_spawn;2800.50;11.00;431.50;0.00;15433
34;naval_base_spawn;2626.50;11.00;1278.50;0.00;12875
51;naval_base_spawn;2720.50;11.00;1126.50;0.00;10134
135;naval_base_spawn;2164.50;11.00;1615.50;0.00;15719
368;naval_base_spawn;2528.50;11.00;547.50;0.00;15378
173;naval_base_spawn;1803.50;11.00;1467.50;0.00;14303
268;naval_base_spawn;1568.50;11.00;1027.50;0.00;15164
166;naval_base_spawn;2394.50;11.00;1475.50;0.00;14044
432;naval_base_spawn;3390.50;11.00;347.50;0.00;10908
411;naval_base_spawn;2869.50;11.00;386.50;0.00;15459
209;naval_base_spawn;4007.50;11.00;1190.50;0.00;13714
246;naval_base_spawn;3918.50;11.00;1009.50;0.00;12668
439;naval_base_spawn;2432.50;11.00;325.50;0.00;11035
245;naval_base_spawn;3048.50;11.00;1045.50;0.00;13880
165;naval_base_spawn;2788.50;11.00;1466.50;0.00;14904
377;naval_base_spawn;2742.50;11.00;518.50;0.00;14128
226;naval_base_spawn;4006.50;11.00;1142.50;0.00;14208
109;naval_base_spawn;2513.50;11.00;376.50;0.00;13095
104;naval_base_spawn;3447.50;11.00;1402.50;0.00;13946
200;naval_base_spawn;2867.50;11.00;1248.50;0.00;13321
229;naval_base_spawn;3937.50;11.00;1107.50;0.00;15128
114;naval_base_spawn;3701.50;11.00;1307.50;0.00;13697
184;naval_base_spawn;2750.50;11.00;1391.50;0.00;14288
150;naval_base_spawn;3731.50;11.00;1464.50;0.00;12445
200;naval_base_spawn;2874.50;11.00;1276.50;0.00;14438
173;naval_base_spawn;1797.50;11.00;1452.50;0.00;13865
106;naval_base_spawn;2761.50;11.00;339.50;0.00;12784
72;naval_base_spawn;3056.50;11.00;663.50;0.00;15717
355;naval_base_spawn;4016.50;11.00;645.50;0.00;14316
236;naval_base_spawn;2870.50;11.00;1041.50;0.00;14609
191;naval_base_spawn;2941.50;11.00;1329.50;0.00;10508
206;naval_base_spawn;2610.50;11.00;1254.50;0.00;15050
167;naval_base_spawn;2753.50;11.00;1475.50;0.00;11876
1;naval_base_spawn;2060.50;11.00;1752.50;0.00;14712
428;naval_base_spawn;3934.50;11.00;373.50;0.00;10068
477;naval_base_spawn;2758.50;11.00;911.50;0.00;14054
307;naval_base_spawn;1549.50;11.00;789.50;0.00;15263
302;naval_base_spawn;1924.50;11.00;854.50;0.00;12779
38;naval_base_spawn;3773.50;11.00;1279.50;0.00;10444
125;naval_base_spawn;2159.50;11.00;1660.50;0.00;14754
213;naval_base_spawn;2880.50;11.00;1193.50;0.00;15079
143;naval_base_spawn;2483.50;11.00;1511.50;0.00;9599
68;naval_base_spawn;2714.50;11.00;689.50;0.00;9892
162;naval_base_spawn;2175.50;11.00;1479.50;0.00;14333
434;naval_base_spawn;3950.50;11.00;305.50;0.00;14250
265;naval_base_spawn;2829.50;11.00;954.50;0.00;15200
430;naval_base_spawn;2596.50;11.00;303.50;0.00;14257
1;naval_base_spawn;2065.50;11.00;1769.50;0.00;14712
453;naval_base_spawn;3643.50;11.00;356.50;0.00;14277
171;naval_base_spawn;2865.50;11.00;1429.50;0.00;9828
297;naval_base_spawn;1810.50;11.00;774.50;0.00;10227
417;naval_base_spawn;3907.50;11.00;400.50;0.00;12769
36;naval_base_spawn;3884.50;11.00;1281.50;0.00;10781
7;naval_base_spawn;2538.50;11.00;1536.50;0.00;14853
397;naval_base_spawn;2616.50;11.00;441.50;0.00;11271
414;naval_base_spawn;2922.50;11.00;392.50;0.00;15458
71;naval_base_spawn;2703.50;11.00;641.50;0.00;11005
264;naval_base_spawn;3929.50;11.00;996.50;0.00;12668
72;naval_base_spawn;3033.50;11.00;661.50;0.00;15717
156;naval_base_spawn;2577.50;11.00;1450.50;0.00;11908
403;naval_base_spawn;2471.50;11.00;343.50;0.00;9903
182;naval_base_spawn;3851.50;11.00;1389.50;0.00;10660
173;naval_base_spawn;1796.50;11.00;1481.50;0.00;11851
297;naval_base_spawn;1812.50;11.00;796.50;0.00;13171
66;naval_base_spawn;1866.50;11.00;666.50;0.00;14368
71;naval_base_spawn;2695.50;11.00;632.50;0.00;11621
353;naval_base_spawn;1955.50;11.00;659.50;0.00;15314
236;naval_base_spawn;2876.50;11.00;1057.50;0.00;15155
150;naval_base_spawn;3695.50;11.00;1484.50;0.00;13920
323;naval_base_spawn;3934.50;11.00;723.50;0.00;14558
241;naval_base_spawn;2605.50;11.00;1053.50;0.00;12722
116;naval_base_spawn;2438.50;11.00;209.50;0.00;15592
505;naval_base_spawn;1668.50;11.00;1217.50;0.00;13819
217;naval_base_spawn;4108.50;11.00;1124.50;0.00;15115
395;naval_base_spawn;2491.50;11.00;496.50;0.00;11825
13;naval_base_spawn;2726.50;11.00;1486.50;0.00;12243
402;naval_base_spawn;3982.50;11.00;515.50;0.00;15387
476;naval_base_spawn;3140.50;11.00;1412.50;0.00;14526
434;naval_base_spawn;3945.50;11.00;336.50;0.00;15499
134;naval_base_spawn;2010.50;11.00;1656.50;0.00;11305
195;naval_base_spawn;3961.50;11.00;1267.50;0.00;11815
446;naval_base_spawn;3292.50;11.00;182.50;0.00;14136
158;naval_base_spawn;3348.50;11.00;1459.50;0.00;13384
182;naval_base_spawn;3837.50;11.00;1355.50;0.00;12787
435;naval_base_spawn;3362.50;11.00;289.50;0.00;15535
226;naval_base_spawn;4039.50;11.00;1120.50;0.00;12738
16;naval_base_spawn;1699.50;11.00;1500.50;0.00;13856
387;naval_base_spawn;2658.50;11.00;431.50;0.00;15435
170;naval_base_spawn;3051.50;11.00;1349.50;0.00;14145
268;naval_base_spawn;1608.50;11.00;1027.50;0.00;13736
401;naval_base_spawn;3942.50;11.00;501.50;0.00;13175
195;naval_base_spawn;3957.50;11.00;1283.50;0.00;9645
9;naval_base_spawn;2827.50;11.00;1526.50;0.00;13863
227;naval_base_spawn;2663.50;11.00;1109.50;0.00;14465
387;naval_base_spawn;2705.50;11.00;450.50;0.00;14469
410;naval_base_spawn;3021.50;11.00;402.50;0.00;13284
448;naval_base_spawn;2350.50;11.00;123.50;0.00;12417
28;naval_base_spawn;3479.50;11.00;1324.50;0.00;14993
193;naval_base_spawn;2933.50;11.00;1319.50;0.00;13668
200;naval_base_spawn;2857.50;11.00;1279.50;0.00;12507
430;naval_base_spawn;2623.50;11.00;360.50;0.00;15465
128;naval_base_spawn;2209.50;11.00;1657.50;0.00;12575
72;naval_base_spawn;3046.50;11.00;641.50;0.00;15710
77;naval_base_spawn;2637.50;11.00;570.50;0.00;10995
198;naval_base_spawn;2751.50;11.00;1245.50;0.00;13264
1;naval_base_spawn;2056.50;11.00;1784.50;0.00;9628
192;naval_base_spawn;1737.50;11.00;1355.50;0.00;13780
227;naval_base_spawn;2655.50;11.00;1091.50;0.00;15129
276;naval_base_spawn;3939.50;11.00;909.50;0.00;13512
363;naval_base_spawn;3043.50;11.00;610.50;0.00;15710
32;naval_base_spawn;2748.50;11.00;1303.50;0.00;10183
173;naval_base_spawn;1739.50;11.00;1489.50;0.00;12666
198;naval_base_spawn;2690.50;11.00;1248.50;0.00;15060
445;naval_base_spawn;2470.50;11.00;231.50;0.00;14410
400;naval_base_spawn;3753.50;11.00;403.50;0.00;12613
94;naval_base_spawn;2673.50;11.00;368.50;0.00;15460
127;naval_base_spawn;2260.50;11.00;1604.50;0.00;13207
11;naval_base_spawn;2310.50;11.00;1517.50;0.00;14869
142;naval_base_spawn;2546.50;11.00;1469.50;0.00;14385
216;naval_base_spawn;2641.50;11.00;1186.50;0.00;14347
438;naval_base_spawn;3502.50;11.00;317.50;0.00;12305
450;naval_base_spawn;2235.50;11.00;250.50;0.00;15586
162;naval_base_spawn;2183.50;11.00;1451.50;0.00;13723
173;naval_base_spawn;1811.50;11.00;1435.50;0.00;13865
316;naval_base_spawn;1764.50;11.00;741.50;0.00;13632
116;naval_base_spawn;2429.50;11.00;202.50;0.00;13700
226;naval_base_spawn;4041.50;11.00;1156.50;0.00;15092
328;naval_base_spawn;1737.50;11.00;694.50;0.00;13859
395;naval_base_spawn;2474.50;11.00;476.50;0.00;15399
359;naval_base_spawn;1695.50;11.00;644.50;0.00;15319
251;naval_base_spawn;2828.50;11.00;1023.50;0.00;14454
9;naval_base_spawn;2848.50;11.00;1582.50;0.00;12296
112;naval_base_spawn;2362.50;11.00;247.50;0.00;12912
476;naval_base_spawn;3134.50;11.00;1394.50;0.00;14980
370;naval_base_spawn;3928.50;11.00;580.50;0.00;12169
394;naval_base_spawn;2744.50;11.00;406.50;0.00;15447
217;naval_base_spawn;4093.50;11.00;1119.50;0.00;15115
370;naval_base_spawn;3935.50;11.00;593.50;0.00;15341
297;naval_base_spawn;1802.50;11.00;759.50;0.00;10227
38;naval_base_spawn;3737.50;11.00;1284.50;0.00;11024
184;naval_base_spawn;2713.50;11.00;1340.50;0.00;14172
442;naval_base_spawn;2489.50;11.00;245.50;0.00;13146
7;naval_base_spawn;2547.50;11.00;1524.50;0.00;13711
222;naval_base_spawn;2960.50;11.00;1156.50;0.00;14547
370;naval_base_spawn;3953.50;11.00;567.50;0.00;15372
184;naval_base_spawn;2728.50;11.00;1385.50;0.00;12276
18;naval_base_spawn;3659.50;11.00;1491.50;0.00;14356
395;naval_base_spawn;2459.50;11.00;463.50;0.00;10724
334;naval_base_spawn;1621.50;11.00;715.50;0.00;12565
87;naval_base_spawn;2485.50;11.00;389.50;0.00;13336
424;naval_base_spawn;3291.50;11.00;419.50;0.00;13604
125;naval_base_spawn;2150.50;11.00;1672.50;0.00;13247
448;naval_base_spawn;2403.50;11.00;148.50;0.00;9567
280;naval_base_spawn;3964.50;11.00;913.50;0.00;13512
61;naval_base_spawn;3073.50;11.00;751.50;0.00;15706
387;naval_base_spawn;2686.50;11.00;428.50;0.00;14034
165;naval_base_spawn;2809.50;11.00;1436.50;0.00;14931
225;naval_base_spawn;2937.50;11.00;1115.50;0.00;15113
429;naval_base_spawn;2152.50;11.00;326.50;0.00;14591
239;naval_base_spawn;2675.50;11.00;1022.50;0.00;12214
1;naval_base_spawn;2060.50;11.00;1703.50;0.00;14733
34;naval_base_spawn;2649.50;11.00;1291.50;0.00;14312
402;naval_base_spawn;3995.50;11.00;480.50;0.00;11566
13;naval_base_spawn;2691.50;11.00;1509.50;0.00;12898
173;naval_base_spawn;1760.50;11.00;1460.50;0.00;13976
505;naval_base_spawn;1638.50;11.00;1228.50;0.00;10184
144;naval_base_spawn;2926.50;11.00;1490.50;0.00;14538
13;naval_base_spawn;2717.50;11.00;1494.50;0.00;14064
113;naval_base_spawn;2513.50;11.00;261.50;0.00;10999
278;naval_base_spawn;2744.50;11.00;821.50;0.00;15245
1;naval_base_spawn;2031.50;11.00;1739.50;0.00;13563
200;naval_base_spawn;2864.50;11.00;1261.50;0.00;13321
412;naval_base_spawn;2363.50;11.00;391.50;0.00;14292
472;naval_base_spawn;2625.50;11.00;1355.50;0.00;13390
318;naval_base_spawn;1987.50;11.00;725.50;0.00;13807
158;naval_base_spawn;3355.50;11.00;1433.50;0.00;14932
278;naval_base_spawn;2761.50;11.00;843.50;0.00;11071
377;naval_base_spawn;2754.50;11.00;505.50;0.00;12887
214;naval_base_spawn;4057.50;11.00;1161.50;0.00;15092
236;naval_base_spawn;2864.50;11.00;1022.50;0.00;14609
236;naval_base_spawn;2855.50;11.00;1047.50;0.00;11124
213;naval_base_spawn;2860.50;11.00;1167.50;0.00;11808
161;naval_base_spawn;3723.50;11.00;1379.50;0.00;11752
222;naval_base_spawn;2985.50;11.00;1157.50;0.00;12937
351;naval_base_spawn;2630.50;11.00;666.50;0.00;11460
445;naval_base_spawn;2456.50;11.00;221.50;0.00;10910
311;naval_base_spawn;3963.50;11.00;784.50;0.00;12848
264;naval_base_spawn;3942.50;11.00;956.50;0.00;14091
194;naval_base_spawn;2858.50;11.00;1298.50;0.00;14561
114;naval_base_spawn;3708.50;11.00;1332.50;0.00;14002
46;naval_base_spawn;2677.50;11.00;1191.50;0.00;15070
207;naval_base_spawn;3970.50;11.00;1216.50;0.00;12719
142;naval_base_spawn;2552.50;11.00;1500.50;0.00;13711
48;naval_base_spawn;3030.50;11.00;1212.50;0.00;13375
217;naval_base_spawn;4110.50;11.00;1153.50;0.00;10368
134;naval_base_spawn;1991.50;11.00;1668.50;0.00;12674
66;naval_base_spawn;1913.50;11.00;706.50;0.00;13039
411;naval_base_spawn;2812.50;11.00;372.50;0.00;9837
213;naval_base_spawn;2831.50;11.00;1142.50;0.00;15100
82;naval_base_spawn;2652.50;11.00;507.50;0.00;15385
403;naval_base_spawn;2478.50;11.00;361.50;0.00;13925
476;naval_base_spawn;3141.50;11.00;1384.50;0.00;14980
4;naval_base_spawn;3187.50;11.00;1165.50;0.00;15714
71;naval_base_spawn;2714.50;11.00;651.50;0.00;13734
114;naval_base_spawn;3683.50;11.00;1378.50;0.00;14986
369;naval_base_spawn;3227.50;11.00;444.50;0.00;12789
99;naval_base_spawn;2127.50;11.00;354.50;0.00;13518
242;naval_base_spawn;3906.50;11.00;1076.50;0.00;12802
296;naval_base_spawn;3992.50;11.00;862.50;0.00;12923
227;naval_base_spawn;2651.50;11.00;1078.50;0.00;13924
125;naval_base_spawn;2141.50;11.00;1707.50;0.00;14737
368;naval_base_spawn;2497.50;11.00;504.50;0.00;14433
422;naval_base_spawn;3607.50;11.00;365.50;0.00;15474
66;naval_base_spawn;1910.50;11.00;693.50;0.00;13647
12;naval_base_spawn;1900.50;11.00;1492.50;0.00;14881
395;naval_base_spawn;2483.50;11.00;489.50;0.00;15399
387;naval_base_spawn;2674.50;11.00;427.50;0.00;15435
164;naval_base_spawn;3369.50;11.00;1395.50;0.00;14970
370;naval_base_spawn;3923.50;11.00;569.50;0.00;12169
226;naval_base_spawn;4032.50;11.00;1045.50;0.00;10037
416;naval_base_spawn;3762.50;11.00;373.50;0.00;13123
296;naval_base_spawn;4000.50;11.00;854.50;0.00;12923
439;naval_base_spawn;2494.50;11.00;321.50;0.00;13370
472;naval_base_spawn;2638.50;11.00;1375.50;0.00;14157
355;naval_base_spawn;3986.50;11.00;672.50;0.00;10865
355;naval_base_spawn;4067.50;11.00;597.50;0.00;14430
182;naval_base_spawn;3849.50;11.00;1378.50;0.00;10660
403;naval_base_spawn;2464.50;11.00;399.50;0.00;14456
226;naval_base_spawn;4039.50;11.00;1077.50;0.00;13644
353;naval_base_spawn;1906.50;11.00;619.50;0.00;13951
422;naval_base_spawn;3601.50;11.00;336.50;0.00;13584
155;naval_base_spawn;2204.50;11.00;1495.50;0.00;13334
427;naval_base_spawn;2182.50;11.00;270.50;0.00;13879
249;naval_base_spawn;4006.50;11.00;1010.50;0.00;12952
447;naval_base_spawn;2371.50;11.00;217.50;0.00;12912
13;naval_base_spawn;2705.50;11.00;1483.50;0.00;14590
154;naval_base_spawn;3307.50;11.00;1472.50;0.00;13838
439;naval_base_spawn;2494.50;11.00;330.50;0.00;13370
112;naval_base_spawn;2402.50;11.00;252.50;0.00;13276
127;naval_base_spawn;2242.50;11.00;1587.50;0.00;12460
66;naval_base_spawn;1905.50;11.00;714.50;0.00;15282
226;naval_base_spawn;4017.50;11.00;1048.50;0.00;9981
381;naval_base_spawn;2024.50;11.00;428.50;0.00;10673
368;naval_base_spawn;2513.50;11.00;532.50;0.00;13613
476;naval_base_spawn;3095.50;11.00;1402.50;0.00;10826
441;naval_base_spawn;3359.50;11.00;263.50;0.00;15544
112;naval_base_spawn;2405.50;11.00;282.50;0.00;12832
418;naval_base_spawn;2107.50;11.00;398.50;0.00;15448
472;naval_base_spawn;2585.50;11.00;1398.50;0.00;14963
369;naval_base_spawn;3245.50;11.00;448.50;0.00;11267
59;naval_base_spawn;2890.50;11.00;909.50;0.00;10872
355;naval_base_spawn;4029.50;11.00;606.50;0.00;9826
193;naval_base_spawn;2908.50;11.00;1283.50;0.00;13717
182;naval_base_spawn;3836.50;11.00;1398.50;0.00;14965
166;naval_base_spawn;2406.50;11.00;1464.50;0.00;14044
149;naval_base_spawn;2181.50;11.00;1500.50;0.00;14876
82;naval_base_spawn;2628.50;11.00;510.50;0.00;14185
178;naval_base_spawn;2975.50;11.00;1454.50;0.00;13431
87;naval_base_spawn;2491.50;11.00;401.50;0.00;14456
415;naval_base_spawn;3058.50;11.00;409.50;0.00;10769
394;naval_base_spawn;2767.50;11.00;446.50;0.00;14344
446;naval_base_spawn;3306.50;11.00;204.50;0.00;13277
9;naval_base_spawn;2883.50;11.00;1558.50;0.00;14836
206;naval_base_spawn;2613.50;11.00;1265.50;0.00;15036
226;naval_base_spawn;4057.50;11.00;1099.50;0.00;14220
189;naval_base_spawn;2785.50;11.00;1328.50;0.00;14458
421;naval_base_spawn;2358.50;11.00;349.50;0.00;14292
226;naval_base_spawn;3997.50;11.00;1131.50;0.00;14208
8;naval_base_spawn;2644.50;11.00;1541.50;0.00;14851
473;naval_base_spawn;2304.50;11.00;1499.50;0.00;13268
445;naval_base_spawn;2470.50;11.00;222.50;0.00;13221
173;naval_base_spawn;1748.50;11.00;1490.50;0.00;12666
13;naval_base_spawn;2717.50;11.00;1473.50;0.00;14590
446;naval_base_spawn;3266.50;11.00;145.50;0.00;12289
217;naval_base_spawn;4091.50;11.00;1159.50;0.00;10368
259;naval_base_spawn;3190.50;11.00;1096.50;0.00;15713
355;naval_base_spawn;4092.50;11.00;589.50;0.00;15345
439;naval_base_spawn;2496.50;11.00;308.50;0.00;15531
245;naval_base_spawn;3016.50;11.00;1085.50;0.00;13203
65;naval_base_spawn;4139.50;11.00;733.50;0.00;15288
104;naval_base_spawn;3439.50;11.00;1391.50;0.00;14983
397;naval_base_spawn;2599.50;11.00;422.50;0.00;11271
421;naval_base_spawn;2333.50;11.00;311.50;0.00;15516
356;naval_base_spawn;2628.50;11.00;621.50;0.00;13435
265;naval_base_spawn;2810.50;11.00;934.50;0.00;13380
436;naval_base_spawn;3899.50;11.00;258.50;0.00;10495
444;naval_base_spawn;3320.50;11.00;211.50;0.00;13241
352;naval_base_spawn;1719.50;11.00;671.50;0.00;13170
378;naval_base_spawn;3071.50;11.00;598.50;0.00;15710
9;naval_base_spawn;2835.50;11.00;1535.50;0.00;11956
334;naval_base_spawn;1608.50;11.00;715.50;0.00;12565
415;naval_base_spawn;3038.50;11.00;406.50;0.00;13284
370;naval_base_spawn;3960.50;11.00;588.50;0.00;11928
34;naval_base_spawn;2643.50;11.00;1315.50;0.00;14515
150;naval_base_spawn;3692.50;11.00;1423.50;0.00;14964
402;naval_base_spawn;3979.50;11.00;459.50;0.00;13045
225;naval_base_spawn;2960.50;11.00;1133.50;0.00;14547
87;naval_base_spawn;2513.50;11.00;454.50;0.00;11314
278;naval_base_spawn;2732.50;11.00;818.50;0.00;15252
121;naval_base_spawn;1869.50;11.00;1385.50;0.00;14132
50;naval_base_spawn;2664.50;11.00;1240.50;0.00;10749
450;naval_base_spawn;2259.50;11.00;218.50;0.00;14616
206;naval_base_spawn;2624.50;11.00;1245.50;0.00;15053
452;naval_base_spawn;2463.50;11.00;1460.50;0.00;11745
2;naval_base_spawn;2189.50;11.00;1726.50;0.00;12237
118;naval_base_spawn;2184.50;11.00;192.50;0.00;11638
476;naval_base_spawn;3084.50;11.00;1406.50;0.00;10826
317;naval_base_spawn;2715.50;11.00;743.50;0.00;13097
453;naval_base_spawn;3653.50;11.00;347.50;0.00;14277
352;naval_base_spawn;1713.50;11.00;661.50;0.00;15319
355;naval_base_spawn;3972.50;11.00;616.50;0.00;11138
378;naval_base_spawn;3102.50;11.00;571.50;0.00;13808
19;naval_base_spawn;2664.50;11.00;1487.50;0.00;14907
61;naval_base_spawn;3049.50;11.00;730.50;0.00;15706
1;naval_base_spawn;2044.50;11.00;1798.50;0.00;14705
1;naval_base_spawn;2025.50;11.00;1792.50;0.00;13577
1;naval_base_spawn;2037.50;11.00;1791.50;0.00;14705
1;naval_base_spawn;2070.50;11.00;1783.50;0.00;9628
1;naval_base_spawn;2073.50;11.00;1778.50;0.00;14712
120;naval_base_spawn;2096.50;11.00;1706.50;0.00;12770
120;naval_base_spawn;2113.50;11.00;1697.50;0.00;13944
125;naval_base_spawn;2151.50;11.00;1689.50;0.00;14737
120;naval_base_spawn;2108.50;11.00;1688.50;0.00;13944
128;naval_base_spawn;2206.50;11.00;1665.50;0.00;14756
128;naval_base_spawn;2191.50;11.00;1660.50;0.00;14037
128;naval_base_spawn;2217.50;11.00;1652.50;0.00;12575
127;naval_base_spawn;2269.50;11.00;1644.50;0.00;13861
128;naval_base_spawn;2187.50;11.00;1643.50;0.00;14037
128;naval_base_spawn;2222.50;11.00;1645.50;0.00;14780
135;naval_base_spawn;2163.50;11.00;1642.50;0.00;10093
128;naval_base_spawn;2236.50;11.00;1635.50;0.00;13064
127;naval_base_spawn;2245.50;11.00;1633.50;0.00;13064
128;naval_base_spawn;2225.50;11.00;1634.50;0.00;14780
127;naval_base_spawn;2263.50;11.00;1624.50;0.00;13207
135;naval_base_spawn;2175.50;11.00;1619.50;0.00;15719
127;naval_base_spawn;2255.50;11.00;1615.50;0.00;13207
9;naval_base_spawn;2875.50;11.00;1600.50;0.00;14801
9;naval_base_spawn;2878.50;11.00;1596.50;0.00;14801
135;naval_base_spawn;2159.50;11.00;1595.50;0.00;15719
127;naval_base_spawn;2254.50;11.00;1594.50;0.00;14805
9;naval_base_spawn;2872.50;11.00;1585.50;0.00;14498
133;naval_base_spawn;2231.50;11.00;1583.50;0.00;12460
132;naval_base_spawn;2142.50;11.00;1578.50;0.00;15719
132;naval_base_spawn;2134.50;11.00;1568.50;0.00;15719
133;naval_base_spawn;2221.50;11.00;1564.50;0.00;14126
9;naval_base_spawn;2863.50;11.00;1557.50;0.00;14836
139;naval_base_spawn;2139.50;11.00;1559.50;0.00;15719
140;naval_base_spawn;2211.50;11.00;1558.50;0.00;13984
9;naval_base_spawn;2830.50;11.00;1547.50;0.00;11956
140;naval_base_spawn;2204.50;11.00;1546.50;0.00;13984
8;naval_base_spawn;2623.50;11.00;1540.50;0.00;12171
7;naval_base_spawn;2551.50;11.00;1537.50;0.00;9626
9;naval_base_spawn;2859.50;11.00;1530.50;0.00;13683
9;naval_base_spawn;2868.50;11.00;1528.50;0.00;14859
10;naval_base_spawn;2949.50;11.00;1526.50;0.00;12043
7;naval_base_spawn;2528.50;11.00;1529.50;0.00;14853
140;naval_base_spawn;2191.50;11.00;1527.50;0.00;14857
10;naval_base_spawn;2956.50;11.00;1524.50;0.00;12043
140;naval_base_spawn;2179.50;11.00;1525.50;0.00;14876
9;naval_base_spawn;2862.50;11.00;1522.50;0.00;14859
12;naval_base_spawn;1881.50;11.00;1513.50;0.00;14868
144;naval_base_spawn;2911.50;11.00;1514.50;0.00;14870
13;naval_base_spawn;2713.50;11.00;1513.50;0.00;14064
145;naval_base_spawn;2881.50;11.00;1508.50;0.00;14253
15;naval_base_spawn;3444.50;11.00;1508.50;0.00;13857
15;naval_base_spawn;3466.50;11.00;1505.50;0.00;14072
13;naval_base_spawn;2719.50;11.00;1505.50;0.00;14064
9;naval_base_spawn;2825.50;11.00;1506.50;0.00;9579
144;naval_base_spawn;2914.50;11.00;1506.50;0.00;14538
15;naval_base_spawn;3453.50;11.00;1504.50;0.00;13857
18;naval_base_spawn;3649.50;11.00;1497.50;0.00;14356
143;naval_base_spawn;2486.50;11.00;1503.50;0.00;14873
9;naval_base_spawn;2832.50;11.00;1501.50;0.00;13863
18;naval_base_spawn;3671.50;11.00;1499.50;0.00;14356
145;naval_base_spawn;2888.50;11.00;1500.50;0.00;14253
15;naval_base_spawn;3474.50;11.00;1498.50;0.00;14072
147;naval_base_spawn;2376.50;11.00;1498.50;0.00;14600
19;naval_base_spawn;2658.50;11.00;1496.50;0.00;14003
10;naval_base_spawn;2960.50;11.00;1497.50;0.00;14896
142;naval_base_spawn;2564.50;11.00;1496.50;0.00;13711
9;naval_base_spawn;2839.50;11.00;1496.50;0.00;13863
13;naval_base_spawn;2704.50;11.00;1497.50;0.00;14590
473;naval_base_spawn;2310.50;11.00;1493.50;0.00;14251
143;naval_base_spawn;2492.50;11.00;1491.50;0.00;14873
167;naval_base_spawn;2741.50;11.00;1491.50;0.00;12243
18;naval_base_spawn;3676.50;11.00;1491.50;0.00;14875
20;naval_base_spawn;3281.50;11.00;1490.50;0.00;11250
155;naval_base_spawn;2247.50;11.00;1490.50;0.00;14380
149;naval_base_spawn;2175.50;11.00;1493.50;0.00;14333
155;naval_base_spawn;2256.50;11.00;1488.50;0.00;14900
148;naval_base_spawn;3555.50;11.00;1491.50;0.00;14903
167;naval_base_spawn;2748.50;11.00;1487.50;0.00;12243
151;naval_base_spawn;2971.50;11.00;1487.50;0.00;14896
173;naval_base_spawn;1754.50;11.00;1484.50;0.00;12666
142;naval_base_spawn;2555.50;11.00;1485.50;0.00;14415
20;naval_base_spawn;3288.50;11.00;1484.50;0.00;11250
473;naval_base_spawn;2293.50;11.00;1483.50;0.00;10109
155;naval_base_spawn;2259.50;11.00;1481.50;0.00;14900
21;naval_base_spawn;2617.50;11.00;1480.50;0.00;14902
173;naval_base_spawn;1809.50;11.00;1477.50;0.00;13178
12;naval_base_spawn;1906.50;11.00;1482.50;0.00;14901
151;naval_base_spawn;2960.50;11.00;1479.50;0.00;13431
155;naval_base_spawn;2203.50;11.00;1476.50;0.00;13723
20;naval_base_spawn;3293.50;11.00;1474.50;0.00;11250
12;naval_base_spawn;1899.50;11.00;1474.50;0.00;14920
163;naval_base_spawn;2314.50;11.00;1474.50;0.00;14251
15;naval_base_spawn;3486.50;11.00;1472.50;0.00;12045
9;naval_base_spawn;2838.50;11.00;1471.50;0.00;14919
163;naval_base_spawn;2325.50;11.00;1470.50;0.00;14251
155;naval_base_spawn;2261.50;11.00;1471.50;0.00;14302
166;naval_base_spawn;2411.50;11.00;1470.50;0.00;14044
21;naval_base_spawn;2614.50;11.00;1470.50;0.00;10386
173;naval_base_spawn;1813.50;11.00;1469.50;0.00;13178
24;naval_base_spawn;1852.50;11.00;1465.50;0.00;13881
162;naval_base_spawn;2176.50;11.00;1468.50;0.00;14333
166;naval_base_spawn;2438.50;11.00;1467.50;0.00;11745
151;naval_base_spawn;2957.50;11.00;1469.50;0.00;13431
161;naval_base_spawn;3741.50;11.00;1466.50;0.00;12445
166;naval_base_spawn;2449.50;11.00;1465.50;0.00;11745
9;naval_base_spawn;2840.50;11.00;1467.50;0.00;14919
158;naval_base_spawn;3372.50;11.00;1463.50;0.00;9691
161;naval_base_spawn;3748.50;11.00;1462.50;0.00;11597
166;naval_base_spawn;2418.50;11.00;1461.50;0.00;13273
156;naval_base_spawn;2558.50;11.00;1461.50;0.00;14385
21;naval_base_spawn;2606.50;11.00;1459.50;0.00;12447
165;naval_base_spawn;2800.50;11.00;1459.50;0.00;12472
151;naval_base_spawn;2962.50;11.00;1460.50;0.00;13431
12;naval_base_spawn;1900.50;11.00;1456.50;0.00;14920
155;naval_base_spawn;2196.50;11.00;1454.50;0.00;13723
156;naval_base_spawn;2571.50;11.00;1457.50;0.00;14385
158;naval_base_spawn;3359.50;11.00;1457.50;0.00;14932
161;naval_base_spawn;3749.50;11.00;1452.50;0.00;11597
178;naval_base_spawn;2984.50;11.00;1450.50;0.00;11170
155;naval_base_spawn;2276.50;11.00;1450.50;0.00;14302
165;naval_base_spawn;2802.50;11.00;1449.50;0.00;14931
156;naval_base_spawn;2568.50;11.00;1447.50;0.00;14945
154;naval_base_spawn;3319.50;11.00;1446.50;0.00;14928
173;naval_base_spawn;1764.50;11.00;1445.50;0.00;12223
161;naval_base_spawn;3757.50;11.00;1442.50;0.00;13439
178;naval_base_spawn;2986.50;11.00;1440.50;0.00;11170
161;naval_base_spawn;3786.50;11.00;1435.50;0.00;13479
156;naval_base_spawn;2561.50;11.00;1434.50;0.00;14945
171;naval_base_spawn;2857.50;11.00;1433.50;0.00;13058
154;naval_base_spawn;3317.50;11.00;1435.50;0.00;14941
173;naval_base_spawn;1759.50;11.00;1433.50;0.00;12223
12;naval_base_spawn;1895.50;11.00;1432.50;0.00;14935
12;naval_base_spawn;1856.50;11.00;1425.50;0.00;11313
476;naval_base_spawn;3112.50;11.00;1428.50;0.00;13740
152;naval_base_spawn;3624.50;11.00;1428.50;0.00;14961
174;naval_base_spawn;3810.50;11.00;1428.50;0.00;10738
148;naval_base_spawn;3575.50;11.00;1426.50;0.00;14942
150;naval_base_spawn;3716.50;11.00;1423.50;0.00;12793
179;naval_base_spawn;2819.50;11.00;1426.50;0.00;14946
174;naval_base_spawn;3821.50;11.00;1420.50;0.00;10738
104;naval_base_spawn;3426.50;11.00;1418.50;0.00;14437
482;naval_base_spawn;1817.50;11.00;1419.50;0.00;11102
178;naval_base_spawn;2981.50;11.00;1416.50;0.00;14953
476;naval_base_spawn;3121.50;11.00;1417.50;0.00;13740
158;naval_base_spawn;3354.50;11.00;1418.50;0.00;13805
153;naval_base_spawn;3567.50;11.00;1416.50;0.00;11946
476;naval_base_spawn;3081.50;11.00;1413.50;0.00;10826
146;naval_base_spawn;3684.50;11.00;1419.50;0.00;14960
472;naval_base_spawn;2629.50;11.00;1414.50;0.00;10967
179;naval_base_spawn;2824.50;11.00;1411.50;0.00;14946
476;naval_base_spawn;3130.50;11.00;1411.50;0.00;14526
104;naval_base_spawn;3430.50;11.00;1412.50;0.00;13946
482;naval_base_spawn;1816.50;11.00;1405.50;0.00;11102
152;naval_base_spawn;3647.50;11.00;1408.50;0.00;13582
472;naval_base_spawn;2636.50;11.00;1404.50;0.00;10856
187;naval_base_spawn;1968.50;11.00;1402.50;0.00;14124
476;naval_base_spawn;3137.50;11.00;1405.50;0.00;14526
173;naval_base_spawn;1731.50;11.00;1403.50;0.00;14255
182;naval_base_spawn;3856.50;11.00;1399.50;0.00;10660
482;naval_base_spawn;1844.50;11.00;1393.50;0.00;13149
184;naval_base_spawn;2751.50;11.00;1400.50;0.00;14288
153;naval_base_spawn;3565.50;11.00;1395.50;0.00;13379
178;naval_base_spawn;2973.50;11.00;1395.50;0.00;10846
161;naval_base_spawn;3764.50;11.00;1396.50;0.00;14391
172;naval_base_spawn;2673.50;11.00;1394.50;0.00;12737
27;naval_base_spawn;1687.50;11.00;1385.50;0.00;14131
184;naval_base_spawn;2740.50;11.00;1390.50;0.00;12276
180;naval_base_spawn;1880.50;11.00;1387.50;0.00;14132
161;naval_base_spawn;3749.50;11.00;1395.50;0.00;14391
161;naval_base_spawn;3734.50;11.00;1382.50;0.00;14291
476;naval_base_spawn;3135.50;11.00;1372.50;0.00;14394
164;naval_base_spawn;3372.50;11.00;1373.50;0.00;14970
476;naval_base_spawn;3145.50;11.00;1369.50;0.00;14394
182;naval_base_spawn;3830.50;11.00;1370.50;0.00;14614
472;naval_base_spawn;2627.50;11.00;1368.50;0.00;13390
114;naval_base_spawn;3692.50;11.00;1365.50;0.00;14986
178;naval_base_spawn;2979.50;11.00;1363.50;0.00;14992
480;naval_base_spawn;3366.50;11.00;1362.50;0.00;13303
182;naval_base_spawn;3847.50;11.00;1364.50;0.00;12787
472;naval_base_spawn;2613.50;11.00;1361.50;0.00;14525
114;naval_base_spawn;3631.50;11.00;1357.50;0.00;13480
184;naval_base_spawn;2725.50;11.00;1356.50;0.00;12276
28;naval_base_spawn;3573.50;11.00;1358.50;0.00;14576
174;naval_base_spawn;3804.50;11.00;1359.50;0.00;10798
184;naval_base_spawn;2737.50;11.00;1353.50;0.00;14509
114;naval_base_spawn;3649.50;11.00;1354.50;0.00;13480
114;naval_base_spawn;3694.50;11.00;1355.50;0.00;11752
104;naval_base_spawn;3447.50;11.00;1355.50;0.00;14993
191;naval_base_spawn;2955.50;11.00;1351.50;0.00;15014
28;naval_base_spawn;3568.50;11.00;1350.50;0.00;11286
131;naval_base_spawn;2598.50;11.00;1348.50;0.00;14525
34;naval_base_spawn;2635.50;11.00;1344.50;0.00;13390
184;naval_base_spawn;2756.50;11.00;1343.50;0.00;14081
184;naval_base_spawn;2688.50;11.00;1345.50;0.00;15005
184;naval_base_spawn;2698.50;11.00;1345.50;0.00;15005
114;naval_base_spawn;3704.50;11.00;1343.50;0.00;11752
131;naval_base_spawn;2581.50;11.00;1341.50;0.00;15008
131;naval_base_spawn;2592.50;11.00;1339.50;0.00;15008
34;naval_base_spawn;2632.50;11.00;1335.50;0.00;14515
184;naval_base_spawn;2726.50;11.00;1340.50;0.00;15009
191;naval_base_spawn;2947.50;11.00;1341.50;0.00;10508
27;naval_base_spawn;1640.50;11.00;1334.50;0.00;12653
34;naval_base_spawn;2622.50;11.00;1333.50;0.00;14525
32;naval_base_spawn;2687.50;11.00;1329.50;0.00;15005
189;naval_base_spawn;2803.50;11.00;1330.50;0.00;14458
33;naval_base_spawn;2587.50;11.00;1322.50;0.00;15008
189;naval_base_spawn;2773.50;11.00;1328.50;0.00;14458
32;naval_base_spawn;2737.50;11.00;1317.50;0.00;15009
32;naval_base_spawn;2689.50;11.00;1320.50;0.00;12699
190;naval_base_spawn;2870.50;11.00;1322.50;0.00;14561
114;naval_base_spawn;3705.50;11.00;1320.50;0.00;14002
194;naval_base_spawn;2797.50;11.00;1312.50;0.00;14458
190;naval_base_spawn;2856.50;11.00;1311.50;0.00;14561
479;naval_base_spawn;3580.50;11.00;1312.50;0.00;11933
193;naval_base_spawn;2890.50;11.00;1311.50;0.00;12702
193;naval_base_spawn;2922.50;11.00;1310.50;0.00;14566
194;naval_base_spawn;2807.50;11.00;1307.50;0.00;14298
34;naval_base_spawn;2649.50;11.00;1304.50;0.00;14312
104;naval_base_spawn;3408.50;11.00;1306.50;0.00;14367
195;naval_base_spawn;3950.50;11.00;1294.50;0.00;9645
32;naval_base_spawn;2699.50;11.00;1294.50;0.00;14229
200;naval_base_spawn;2878.50;11.00;1292.50;0.00;12702
119;naval_base_spawn;3723.50;11.00;1291.50;0.00;11024
114;naval_base_spawn;3694.50;11.00;1295.50;0.00;15027
38;naval_base_spawn;3772.50;11.00;1289.50;0.00;10444
32;naval_base_spawn;2708.50;11.00;1287.50;0.00;14229
200;naval_base_spawn;2881.50;11.00;1286.50;0.00;12702
193;naval_base_spawn;2898.50;11.00;1284.50;0.00;14438
119;naval_base_spawn;3693.50;11.00;1282.50;0.00;15027
206;naval_base_spawn;2601.50;11.00;1269.50;0.00;15036
37;naval_base_spawn;3820.50;11.00;1263.50;0.00;13705
38;naval_base_spawn;3793.50;11.00;1259.50;0.00;15045
195;naval_base_spawn;3959.50;11.00;1248.50;0.00;11815
50;naval_base_spawn;2663.50;11.00;1245.50;0.00;10749
42;naval_base_spawn;2933.50;11.00;1241.50;0.00;13020
198;naval_base_spawn;2702.50;11.00;1246.50;0.00;13332
207;naval_base_spawn;3968.50;11.00;1239.50;0.00;11815
206;naval_base_spawn;2616.50;11.00;1240.50;0.00;15050
206;naval_base_spawn;2628.50;11.00;1238.50;0.00;15053
42;naval_base_spawn;2931.50;11.00;1235.50;0.00;13020
206;naval_base_spawn;2630.50;11.00;1226.50;0.00;15053
198;naval_base_spawn;2730.50;11.00;1228.50;0.00;13264
42;naval_base_spawn;2929.50;11.00;1223.50;0.00;13387
48;naval_base_spawn;3107.50;11.00;1222.50;0.00;15714
200;naval_base_spawn;2884.50;11.00;1219.50;0.00;13691
206;naval_base_spawn;2634.50;11.00;1217.50;0.00;9918
42;naval_base_spawn;2938.50;11.00;1216.50;0.00;13387
4;naval_base_spawn;3123.50;11.00;1215.50;0.00;15714
213;naval_base_spawn;2888.50;11.00;1214.50;0.00;12610
213;naval_base_spawn;2881.50;11.00;1210.50;0.00;12610
42;naval_base_spawn;2941.50;11.00;1205.50;0.00;13387
48;naval_base_spawn;3105.50;11.00;1201.50;0.00;15714
213;naval_base_spawn;2885.50;11.00;1201.50;0.00;12610
216;naval_base_spawn;2637.50;11.00;1195.50;0.00;14347
222;naval_base_spawn;2972.50;11.00;1184.50;0.00;10930
222;naval_base_spawn;2953.50;11.00;1187.50;0.00;15074
48;naval_base_spawn;3092.50;11.00;1191.50;0.00;15714
216;naval_base_spawn;2648.50;11.00;1182.50;0.00;13211
214;naval_base_spawn;4057.50;11.00;1181.50;0.00;15085
213;naval_base_spawn;2878.50;11.00;1182.50;0.00;15079
209;naval_base_spawn;4025.50;11.00;1177.50;0.00;15082
46;naval_base_spawn;2680.50;11.00;1180.50;0.00;15087
48;naval_base_spawn;3081.50;11.00;1179.50;0.00;15714
216;naval_base_spawn;2652.50;11.00;1175.50;0.00;13211
222;naval_base_spawn;2985.50;11.00;1170.50;0.00;10930
214;naval_base_spawn;4062.50;11.00;1174.50;0.00;15085
213;naval_base_spawn;2882.50;11.00;1172.50;0.00;15079
216;naval_base_spawn;2655.50;11.00;1165.50;0.00;13211
217;naval_base_spawn;4102.50;11.00;1162.50;0.00;10368
245;naval_base_spawn;3062.50;11.00;1165.50;0.00;15705
213;naval_base_spawn;2849.50;11.00;1163.50;0.00;11808
213;naval_base_spawn;2880.50;11.00;1157.50;0.00;13974
49;naval_base_spawn;2746.50;11.00;1150.50;0.00;15098
217;naval_base_spawn;4119.50;11.00;1150.50;0.00;14166
216;naval_base_spawn;2649.50;11.00;1145.50;0.00;12548
51;naval_base_spawn;2708.50;11.00;1142.50;0.00;11800
214;naval_base_spawn;4062.50;11.00;1143.50;0.00;14563
225;naval_base_spawn;2964.50;11.00;1142.50;0.00;14547
220;naval_base_spawn;3963.50;11.00;1137.50;0.00;10377
217;naval_base_spawn;4112.50;11.00;1133.50;0.00;15115
245;naval_base_spawn;3097.50;11.00;1128.50;0.00;15705
225;naval_base_spawn;2943.50;11.00;1130.50;0.00;15113
211;naval_base_spawn;1586.50;11.00;1128.50;0.00;14021
227;naval_base_spawn;2653.50;11.00;1121.50;0.00;14465
259;naval_base_spawn;3172.50;11.00;1117.50;0.00;15713
220;naval_base_spawn;3959.50;11.00;1124.50;0.00;10377
211;naval_base_spawn;1565.50;11.00;1125.50;0.00;11136
245;naval_base_spawn;3105.50;11.00;1118.50;0.00;15705
211;naval_base_spawn;1577.50;11.00;1117.50;0.00;14021
226;naval_base_spawn;4060.50;11.00;1117.50;0.00;14563
229;naval_base_spawn;3946.50;11.00;1116.50;0.00;9558
51;naval_base_spawn;2721.50;11.00;1110.50;0.00;15116
245;naval_base_spawn;3118.50;11.00;1103.50;0.00;15713
229;naval_base_spawn;3924.50;11.00;1103.50;0.00;15128
211;naval_base_spawn;1606.50;11.00;1099.50;0.00;14327
234;naval_base_spawn;2790.50;11.00;1087.50;0.00;14171
227;naval_base_spawn;2676.50;11.00;1089.50;0.00;12568
241;naval_base_spawn;2618.50;11.00;1085.50;0.00;15142
236;naval_base_spawn;2886.50;11.00;1082.50;0.00;12555
244;naval_base_spawn;3929.50;11.00;1082.50;0.00;12802
234;naval_base_spawn;2796.50;11.00;1081.50;0.00;14171
227;naval_base_spawn;2677.50;11.00;1078.50;0.00;9814
241;naval_base_spawn;2611.50;11.00;1076.50;0.00;12722
234;naval_base_spawn;2766.50;11.00;1074.50;0.00;15148
236;naval_base_spawn;2890.50;11.00;1076.50;0.00;12555
244;naval_base_spawn;3922.50;11.00;1072.50;0.00;12802
235;naval_base_spawn;1634.50;11.00;1071.50;0.00;12693
234;naval_base_spawn;2798.50;11.00;1072.50;0.00;13574
236;naval_base_spawn;2881.50;11.00;1070.50;0.00;15155
234;naval_base_spawn;2718.50;11.00;1064.50;0.00;11713
244;naval_base_spawn;3946.50;11.00;1065.50;0.00;13718
235;naval_base_spawn;1626.50;11.00;1065.50;0.00;13793
235;naval_base_spawn;1641.50;11.00;1065.50;0.00;13793
226;naval_base_spawn;4035.50;11.00;1064.50;0.00;13644
244;naval_base_spawn;3960.50;11.00;1057.50;0.00;13718
478;naval_base_spawn;2617.50;11.00;1043.50;0.00;14218
234;naval_base_spawn;2793.50;11.00;1047.50;0.00;13574
234;naval_base_spawn;2801.50;11.00;1043.50;0.00;13574
226;naval_base_spawn;4045.50;11.00;1040.50;0.00;10037
239;naval_base_spawn;2646.50;11.00;1036.50;0.00;13328
251;naval_base_spawn;2814.50;11.00;1033.50;0.00;14454
226;naval_base_spawn;4052.50;11.00;1037.50;0.00;10037
226;naval_base_spawn;4055.50;11.00;1030.50;0.00;10037
52;naval_base_spawn;2997.50;11.00;1022.50;0.00;15181
268;naval_base_spawn;1619.50;11.00;1019.50;0.00;9989
249;naval_base_spawn;3978.50;11.00;1009.50;0.00;14224
268;naval_base_spawn;1561.50;11.00;1008.50;0.00;15188
268;naval_base_spawn;1549.50;11.00;1004.50;0.00;13727
246;naval_base_spawn;3911.50;11.00;999.50;0.00;12668
264;naval_base_spawn;3939.50;11.00;991.50;0.00;12668
264;naval_base_spawn;3948.50;11.00;991.50;0.00;12668
251;naval_base_spawn;2819.50;11.00;987.50;0.00;13590
265;naval_base_spawn;2824.50;11.00;963.50;0.00;15200
264;naval_base_spawn;3956.50;11.00;957.50;0.00;14091
264;naval_base_spawn;3954.50;11.00;951.50;0.00;11153
265;naval_base_spawn;2824.50;11.00;946.50;0.00;15210
271;naval_base_spawn;3931.50;11.00;935.50;0.00;11153
265;naval_base_spawn;2820.50;11.00;937.50;0.00;13380
265;naval_base_spawn;2763.50;11.00;924.50;0.00;14054
280;naval_base_spawn;3987.50;11.00;906.50;0.00;11714
280;naval_base_spawn;4010.50;11.00;895.50;0.00;13078
477;naval_base_spawn;2751.50;11.00;894.50;0.00;11643
280;naval_base_spawn;4000.50;11.00;890.50;0.00;15232
278;naval_base_spawn;2750.50;11.00;870.50;0.00;11071
296;naval_base_spawn;3981.50;11.00;866.50;0.00;15232
278;naval_base_spawn;2749.50;11.00;859.50;0.00;11071
278;naval_base_spawn;2756.50;11.00;852.50;0.00;11071
296;naval_base_spawn;4008.50;11.00;847.50;0.00;10360
302;naval_base_spawn;1913.50;11.00;849.50;0.00;12779
308;naval_base_spawn;4020.50;11.00;845.50;0.00;10360
308;naval_base_spawn;4030.50;11.00;842.50;0.00;12015
278;naval_base_spawn;2771.50;11.00;840.50;0.00;12073
278;naval_base_spawn;2761.50;11.00;836.50;0.00;15245
300;naval_base_spawn;1623.50;11.00;819.50;0.00;15259
300;naval_base_spawn;1645.50;11.00;818.50;0.00;14451
307;naval_base_spawn;1612.50;11.00;809.50;0.00;15259
300;naval_base_spawn;1639.50;11.00;812.50;0.00;14451
307;naval_base_spawn;1540.50;11.00;800.50;0.00;15247
307;naval_base_spawn;1607.50;11.00;802.50;0.00;15259
311;naval_base_spawn;3960.50;11.00;797.50;0.00;12848
302;naval_base_spawn;1890.50;11.00;800.50;0.00;13567
317;naval_base_spawn;2732.50;11.00;793.50;0.00;15252
307;naval_base_spawn;1599.50;11.00;794.50;0.00;13179
311;naval_base_spawn;3992.50;11.00;791.50;0.00;12848
305;naval_base_spawn;1920.50;11.00;791.50;0.00;13960
308;naval_base_spawn;4054.50;11.00;785.50;0.00;11975
302;naval_base_spawn;1862.50;11.00;785.50;0.00;12195
305;naval_base_spawn;1909.50;11.00;791.50;0.00;12835
317;naval_base_spawn;2732.50;11.00;779.50;0.00;15261
291;naval_base_spawn;3074.50;11.00;781.50;0.00;15706
317;naval_base_spawn;2736.50;11.00;770.50;0.00;15261
308;naval_base_spawn;4029.50;11.00;768.50;0.00;12825
61;naval_base_spawn;3079.50;11.00;769.50;0.00;15706
317;naval_base_spawn;2738.50;11.00;758.50;0.00;11716
63;naval_base_spawn;4085.50;11.00;751.50;0.00;15273
64;naval_base_spawn;4111.50;11.00;748.50;0.00;14245
297;naval_base_spawn;1790.50;11.00;751.50;0.00;15281
63;naval_base_spawn;4084.50;11.00;746.50;0.00;11981
64;naval_base_spawn;4116.50;11.00;745.50;0.00;13624
316;naval_base_spawn;1779.50;11.00;743.50;0.00;15281
61;naval_base_spawn;3064.50;11.00;740.50;0.00;15706
327;naval_base_spawn;2705.50;11.00;736.50;0.00;13097
325;naval_base_spawn;2808.50;11.00;726.50;0.00;15284
328;naval_base_spawn;1758.50;11.00;728.50;0.00;13632
335;naval_base_spawn;1938.50;11.00;722.50;0.00;15291
66;naval_base_spawn;1895.50;11.00;722.50;0.00;13051
65;naval_base_spawn;4145.50;11.00;722.50;0.00;15288
336;naval_base_spawn;1994.50;11.00;710.50;0.00;13807
322;naval_base_spawn;1586.50;11.00;712.50;0.00;15293
68;naval_base_spawn;2726.50;11.00;704.50;0.00;15292
328;naval_base_spawn;1734.50;11.00;705.50;0.00;13859
72;naval_base_spawn;3026.50;11.00;695.50;0.00;15706
335;naval_base_spawn;1975.50;11.00;700.50;0.00;13807
337;naval_base_spawn;3972.50;11.00;694.50;0.00;10865
346;naval_base_spawn;1965.50;11.00;696.50;0.00;15305
346;naval_base_spawn;1953.50;11.00;692.50;0.00;15305
327;naval_base_spawn;2669.50;11.00;692.50;0.00;13987
327;naval_base_spawn;2683.50;11.00;692.50;0.00;13753
352;naval_base_spawn;1735.50;11.00;685.50;0.00;13170
346;naval_base_spawn;1952.50;11.00;682.50;0.00;15305
351;naval_base_spawn;2643.50;11.00;682.50;0.00;13987
66;naval_base_spawn;1872.50;11.00;675.50;0.00;11973
352;naval_base_spawn;1726.50;11.00;678.50;0.00;13170
71;naval_base_spawn;2725.50;11.00;673.50;0.00;9892
346;naval_base_spawn;1956.50;11.00;672.50;0.00;15305
71;naval_base_spawn;2734.50;11.00;666.50;0.00;13834
338;naval_base_spawn;2772.50;11.00;663.50;0.00;14599
355;naval_base_spawn;3998.50;11.00;664.50;0.00;10034
355;naval_base_spawn;4007.50;11.00;657.50;0.00;10034
351;naval_base_spawn;2639.50;11.00;661.50;0.00;13876
71;naval_base_spawn;2729.50;11.00;659.50;0.00;13734
351;naval_base_spawn;2617.50;11.00;656.50;0.00;14063
353;naval_base_spawn;1927.50;11.00;651.50;0.00;14388
352;naval_base_spawn;1704.50;11.00;651.50;0.00;15319
72;naval_base_spawn;3053.50;11.00;651.50;0.00;15710
71;naval_base_spawn;2679.50;11.00;645.50;0.00;12513
356;naval_base_spawn;2616.50;11.00;637.50;0.00;14063
353;naval_base_spawn;1957.50;11.00;638.50;0.00;10370
71;naval_base_spawn;2708.50;11.00;631.50;0.00;11005
356;naval_base_spawn;2626.50;11.00;630.50;0.00;14063
363;naval_base_spawn;3043.50;11.00;624.50;0.00;15710
355;naval_base_spawn;4038.50;11.00;622.50;0.00;15331
355;naval_base_spawn;3986.50;11.00;627.50;0.00;11138
355;naval_base_spawn;4052.50;11.00;617.50;0.00;15331
370;naval_base_spawn;3954.50;11.00;615.50;0.00;15341
355;naval_base_spawn;4068.50;11.00;611.50;0.00;9974
355;naval_base_spawn;3980.50;11.00;610.50;0.00;11138
356;naval_base_spawn;2626.50;11.00;611.50;0.00;13435
370;naval_base_spawn;3969.50;11.00;610.50;0.00;11928
356;naval_base_spawn;2608.50;11.00;608.50;0.00;13801
356;naval_base_spawn;2564.50;11.00;609.50;0.00;15344
378;naval_base_spawn;3100.50;11.00;598.50;0.00;15710
370;naval_base_spawn;3957.50;11.00;597.50;0.00;15341
356;naval_base_spawn;2628.50;11.00;601.50;0.00;13435
378;naval_base_spawn;3082.50;11.00;594.50;0.00;15710
360;naval_base_spawn;2549.50;11.00;596.50;0.00;15344
378;naval_base_spawn;3092.50;11.00;592.50;0.00;15710
370;naval_base_spawn;3946.50;11.00;590.50;0.00;15341
360;naval_base_spawn;2542.50;11.00;586.50;0.00;13813
378;naval_base_spawn;3107.50;11.00;581.50;0.00;15710
370;naval_base_spawn;3960.50;11.00;575.50;0.00;15364
360;naval_base_spawn;2529.50;11.00;564.50;0.00;15370
376;naval_base_spawn;1966.50;11.00;554.50;0.00;11738
378;naval_base_spawn;3109.50;11.00;553.50;0.00;13808
55;naval_base_spawn;3924.50;11.00;548.50;0.00;12169
380;naval_base_spawn;3957.50;11.00;552.50;0.00;15372
383;naval_base_spawn;2702.50;11.00;549.50;0.00;10428
380;naval_base_spawn;3934.50;11.00;544.50;0.00;12169
376;naval_base_spawn;1974.50;11.00;546.50;0.00;11738
378;naval_base_spawn;3117.50;11.00;543.50;0.00;13808
378;naval_base_spawn;3100.50;11.00;532.50;0.00;11646
380;naval_base_spawn;3946.50;11.00;532.50;0.00;11618
402;naval_base_spawn;3977.50;11.00;523.50;0.00;15387
380;naval_base_spawn;3938.50;11.00;522.50;0.00;15388
385;naval_base_spawn;2615.50;11.00;510.50;0.00;14185
401;naval_base_spawn;3941.50;11.00;511.50;0.00;15388
368;naval_base_spawn;2506.50;11.00;510.50;0.00;14433
378;naval_base_spawn;3096.50;11.00;507.50;0.00;11646
402;naval_base_spawn;3958.50;11.00;502.50;0.00;13175
377;naval_base_spawn;2745.50;11.00;503.50;0.00;12887
402;naval_base_spawn;3981.50;11.00;500.50;0.00;15387
378;naval_base_spawn;3092.50;11.00;495.50;0.00;14066
378;naval_base_spawn;3155.50;11.00;494.50;0.00;11652
84;naval_base_spawn;4051.50;11.00;496.50;0.00;14096
86;naval_base_spawn;4080.50;11.00;489.50;0.00;14096
377;naval_base_spawn;2725.50;11.00;493.50;0.00;14128
378;naval_base_spawn;3099.50;11.00;488.50;0.00;14066
378;naval_base_spawn;3186.50;11.00;486.50;0.00;15400
402;naval_base_spawn;3971.50;11.00;482.50;0.00;13045
86;naval_base_spawn;4078.50;11.00;484.50;0.00;14594
378;naval_base_spawn;3148.50;11.00;480.50;0.00;11652
387;naval_base_spawn;2713.50;11.00;476.50;0.00;14469
369;naval_base_spawn;3202.50;11.00;479.50;0.00;11550
395;naval_base_spawn;2467.50;11.00;469.50;0.00;15412
378;naval_base_spawn;3143.50;11.00;469.50;0.00;11652
387;naval_base_spawn;2712.50;11.00;466.50;0.00;14469
82;naval_base_spawn;2640.50;11.00;466.50;0.00;15411
395;naval_base_spawn;2449.50;11.00;458.50;0.00;10724
378;naval_base_spawn;3081.50;11.00;460.50;0.00;15416
397;naval_base_spawn;2633.50;11.00;458.50;0.00;15411
410;naval_base_spawn;3063.50;11.00;452.50;0.00;13730
369;naval_base_spawn;3216.50;11.00;450.50;0.00;11267
87;naval_base_spawn;2515.50;11.00;444.50;0.00;11314
369;naval_base_spawn;3236.50;11.00;448.50;0.00;11267
402;naval_base_spawn;3989.50;11.00;450.50;0.00;13045
395;naval_base_spawn;2443.50;11.00;448.50;0.00;10724
395;naval_base_spawn;2429.50;11.00;445.50;0.00;12120
402;naval_base_spawn;3977.50;11.00;447.50;0.00;15427
410;naval_base_spawn;3073.50;11.00;440.50;0.00;13730
387;naval_base_spawn;2694.50;11.00;440.50;0.00;14049
414;naval_base_spawn;2985.50;11.00;437.50;0.00;14041
413;naval_base_spawn;2415.50;11.00;438.50;0.00;12120
402;naval_base_spawn;3967.50;11.00;439.50;0.00;12244
400;naval_base_spawn;3770.50;11.00;434.50;0.00;12613
402;naval_base_spawn;3950.50;11.00;432.50;0.00;12244
394;naval_base_spawn;2810.50;11.00;434.50;0.00;15433
381;naval_base_spawn;2038.50;11.00;431.50;0.00;10673
413;naval_base_spawn;2415.50;11.00;426.50;0.00;12120
394;naval_base_spawn;2744.50;11.00;426.50;0.00;14180
394;naval_base_spawn;2783.50;11.00;428.50;0.00;15433
401;naval_base_spawn;3940.50;11.00;428.50;0.00;13568
400;naval_base_spawn;3764.50;11.00;425.50;0.00;12613
419;naval_base_spawn;2612.50;11.00;419.50;0.00;11205
387;naval_base_spawn;2683.50;11.00;418.50;0.00;14034
404;naval_base_spawn;2114.50;11.00;413.50;0.00;15448
87;naval_base_spawn;2517.50;11.00;416.50;0.00;13360
414;naval_base_spawn;2969.50;11.00;420.50;0.00;12542
419;naval_base_spawn;2619.50;11.00;413.50;0.00;11205
394;naval_base_spawn;2747.50;11.00;413.50;0.00;14180
400;naval_base_spawn;3759.50;11.00;413.50;0.00;12613
414;naval_base_spawn;2950.50;11.00;405.50;0.00;14513
406;naval_base_spawn;3818.50;11.00;405.50;0.00;13670
453;naval_base_spawn;3695.50;11.00;403.50;0.00;14319
412;naval_base_spawn;2403.50;11.00;394.50;0.00;13172
416;naval_base_spawn;3747.50;11.00;394.50;0.00;15455
89;naval_base_spawn;1988.50;11.00;395.50;0.00;12431
89;naval_base_spawn;2014.50;11.00;395.50;0.00;12416
453;naval_base_spawn;3692.50;11.00;392.50;0.00;14319
422;naval_base_spawn;3613.50;11.00;390.50;0.00;10259
417;naval_base_spawn;3915.50;11.00;389.50;0.00;15453
418;naval_base_spawn;2069.50;11.00;388.50;0.00;10603
419;naval_base_spawn;2625.50;11.00;387.50;0.00;11205
412;naval_base_spawn;2372.50;11.00;385.50;0.00;14292
419;naval_base_spawn;2617.50;11.00;383.50;0.00;11806
400;naval_base_spawn;3761.50;11.00;379.50;0.00;15455
417;naval_base_spawn;3922.50;11.00;382.50;0.00;15453
89;naval_base_spawn;2010.50;11.00;379.50;0.00;15467
418;naval_base_spawn;2077.50;11.00;384.50;0.00;10603
415;naval_base_spawn;3057.50;11.00;381.50;0.00;12203
93;naval_base_spawn;3714.50;11.00;377.50;0.00;13501
415;naval_base_spawn;3052.50;11.00;378.50;0.00;12203
416;naval_base_spawn;3746.50;11.00;378.50;0.00;15455
95;naval_base_spawn;3415.50;11.00;376.50;0.00;13245
419;naval_base_spawn;2607.50;11.00;375.50;0.00;15465
89;naval_base_spawn;2015.50;11.00;376.50;0.00;15467
408;naval_base_spawn;2126.50;11.00;375.50;0.00;13518
87;naval_base_spawn;2490.50;11.00;379.50;0.00;13336
421;naval_base_spawn;2350.50;11.00;375.50;0.00;14292
411;naval_base_spawn;2857.50;11.00;376.50;0.00;12617
403;naval_base_spawn;2481.50;11.00;372.50;0.00;13925
89;naval_base_spawn;2010.50;11.00;373.50;0.00;15467
453;naval_base_spawn;3647.50;11.00;372.50;0.00;14277
93;naval_base_spawn;3713.50;11.00;372.50;0.00;15472
421;naval_base_spawn;2350.50;11.00;365.50;0.00;14292
411;naval_base_spawn;2847.50;11.00;367.50;0.00;12617
455;naval_base_spawn;3552.50;11.00;364.50;0.00;15476
428;naval_base_spawn;3945.50;11.00;363.50;0.00;14550
96;naval_base_spawn;2749.50;11.00;358.50;0.00;12576
416;naval_base_spawn;3758.50;11.00;362.50;0.00;12055
97;naval_base_spawn;3457.50;11.00;357.50;0.00;14258
431;naval_base_spawn;3295.50;11.00;357.50;0.00;13168
411;naval_base_spawn;2811.50;11.00;360.50;0.00;9837
416;naval_base_spawn;3747.50;11.00;356.50;0.00;12055
421;naval_base_spawn;2348.50;11.00;355.50;0.00;14292
428;naval_base_spawn;3948.50;11.00;352.50;0.00;14550
100;naval_base_spawn;2828.50;11.00;351.50;0.00;13761
95;naval_base_spawn;3406.50;11.00;358.50;0.00;13245
453;naval_base_spawn;3683.50;11.00;352.50;0.00;13660
430;naval_base_spawn;2613.50;11.00;352.50;0.00;15487
98;naval_base_spawn;2652.50;11.00;353.50;0.00;15493
422;naval_base_spawn;3603.50;11.00;349.50;0.00;15474
431;naval_base_spawn;3300.50;11.00;346.50;0.00;13168
103;naval_base_spawn;2688.50;11.00;343.50;0.00;10828
102;naval_base_spawn;2789.50;11.00;345.50;0.00;15475
109;naval_base_spawn;2509.50;11.00;342.50;0.00;14011
100;naval_base_spawn;2831.50;11.00;347.50;0.00;13761
105;naval_base_spawn;3266.50;11.00;338.50;0.00;13109
421;naval_base_spawn;2362.50;11.00;340.50;0.00;11358
430;naval_base_spawn;2614.50;11.00;338.50;0.00;15487
439;naval_base_spawn;2482.50;11.00;335.50;0.00;9903
438;naval_base_spawn;3501.50;11.00;335.50;0.00;15489
432;naval_base_spawn;3384.50;11.00;329.50;0.00;10908
421;naval_base_spawn;2341.50;11.00;326.50;0.00;15516
422;naval_base_spawn;3594.50;11.00;329.50;0.00;13584
422;naval_base_spawn;3586.50;11.00;326.50;0.00;14613
421;naval_base_spawn;2359.50;11.00;325.50;0.00;11358
109;naval_base_spawn;2525.50;11.00;319.50;0.00;9927
434;naval_base_spawn;3947.50;11.00;319.50;0.00;15499
439;naval_base_spawn;2504.50;11.00;315.50;0.00;13370
429;naval_base_spawn;2138.50;11.00;313.50;0.00;14591
109;naval_base_spawn;2523.50;11.00;314.50;0.00;11790
438;naval_base_spawn;3510.50;11.00;312.50;0.00;12305
432;naval_base_spawn;3388.50;11.00;313.50;0.00;14363
432;naval_base_spawn;3375.50;11.00;305.50;0.00;15535
438;naval_base_spawn;3502.50;11.00;299.50;0.00;14517
434;naval_base_spawn;3961.50;11.00;299.50;0.00;10487
430;naval_base_spawn;2616.50;11.00;298.50;0.00;10772
112;naval_base_spawn;2411.50;11.00;295.50;0.00;12832
442;naval_base_spawn;2480.50;11.00;292.50;0.00;14376
434;naval_base_spawn;3948.50;11.00;293.50;0.00;13980
430;naval_base_spawn;2594.50;11.00;293.50;0.00;14257
438;naval_base_spawn;3503.50;11.00;287.50;0.00;14517
112;naval_base_spawn;2423.50;11.00;287.50;0.00;12832
427;naval_base_spawn;2167.50;11.00;281.50;0.00;12325
112;naval_base_spawn;2358.50;11.00;281.50;0.00;12780
436;naval_base_spawn;3931.50;11.00;285.50;0.00;13980
421;naval_base_spawn;2311.50;11.00;283.50;0.00;11207
112;naval_base_spawn;2366.50;11.00;279.50;0.00;12780
112;naval_base_spawn;2424.50;11.00;279.50;0.00;12832
442;naval_base_spawn;2488.50;11.00;277.50;0.00;14376
438;naval_base_spawn;3470.50;11.00;278.50;0.00;15551
111;naval_base_spawn;2337.50;11.00;275.50;0.00;11469
113;naval_base_spawn;2517.50;11.00;278.50;0.00;14530
112;naval_base_spawn;2412.50;11.00;273.50;0.00;12832
442;naval_base_spawn;2496.50;11.00;273.50;0.00;14376
450;naval_base_spawn;2300.50;11.00;273.50;0.00;15553
438;naval_base_spawn;3491.50;11.00;274.50;0.00;15551
112;naval_base_spawn;2420.50;11.00;270.50;0.00;12133
427;naval_base_spawn;2167.50;11.00;268.50;0.00;13879
113;naval_base_spawn;2518.50;11.00;267.50;0.00;14530
442;naval_base_spawn;2495.50;11.00;265.50;0.00;13146
450;naval_base_spawn;2301.50;11.00;262.50;0.00;15553
427;naval_base_spawn;2190.50;11.00;263.50;0.00;13289
442;naval_base_spawn;2498.50;11.00;255.50;0.00;13146
450;naval_base_spawn;2298.50;11.00;254.50;0.00;15565
441;naval_base_spawn;3355.50;11.00;253.50;0.00;13409
427;naval_base_spawn;2183.50;11.00;254.50;0.00;13289
442;naval_base_spawn;2477.50;11.00;244.50;0.00;14410
450;naval_base_spawn;2213.50;11.00;243.50;0.00;12657
112;naval_base_spawn;2394.50;11.00;245.50;0.00;15576
441;naval_base_spawn;3341.50;11.00;244.50;0.00;15574
450;naval_base_spawn;2291.50;11.00;243.50;0.00;13495
450;naval_base_spawn;2282.50;11.00;241.50;0.00;13495
450;naval_base_spawn;2268.50;11.00;236.50;0.00;14616
112;naval_base_spawn;2365.50;11.00;236.50;0.00;12912
443;naval_base_spawn;3209.50;11.00;233.50;0.00;15579
450;naval_base_spawn;2205.50;11.00;235.50;0.00;12657
112;naval_base_spawn;2392.50;11.00;233.50;0.00;15576
450;naval_base_spawn;2271.50;11.00;225.50;0.00;14616
447;naval_base_spawn;2371.50;11.00;227.50;0.00;12912
116;naval_base_spawn;2433.50;11.00;220.50;0.00;11303
450;naval_base_spawn;2248.50;11.00;220.50;0.00;12088
450;naval_base_spawn;2240.50;11.00;210.50;0.00;12088
447;naval_base_spawn;2372.50;11.00;206.50;0.00;14359
116;naval_base_spawn;2400.50;11.00;194.50;0.00;10517
446;naval_base_spawn;3302.50;11.00;192.50;0.00;13277
447;naval_base_spawn;2385.50;11.00;192.50;0.00;14359
116;naval_base_spawn;2404.50;11.00;188.50;0.00;10517
447;naval_base_spawn;2382.50;11.00;184.50;0.00;15615
116;naval_base_spawn;2402.50;11.00;180.50;0.00;10517
446;naval_base_spawn;3279.50;11.00;175.50;0.00;12289
448;naval_base_spawn;2385.50;11.00;173.50;0.00;15615
446;naval_base_spawn;3265.50;11.00;167.50;0.00;12289
448;naval_base_spawn;2391.50;11.00;158.50;0.00;15624
448;naval_base_spawn;2400.50;11.00;157.50;0.00;15624
448;naval_base_spawn;2401.50;11.00;137.50;0.00;9567
448;naval_base_spawn;2400.50;11.00;128.50;0.00;13436
448;naval_base_spawn;2331.50;11.00;124.50;0.00;12417
448;naval_base_spawn;2373.50;11.00;120.50;0.00;13555
448;naval_base_spawn;2393.50;11.00;120.50;0.00;13436
16;naval_base_spawn;1708.50;11.00;1473.50;0.00;14918
26;naval_base_spawn;1649.50;11.00;1401.50;0.00;13605
29;naval_base_spawn;1629.50;11.00;1362.50;0.00;13817
40;naval_base_spawn;1615.50;11.00;1248.50;0.00;12635
49;naval_base_spawn;2694.50;11.00;1199.50;0.00;13216
54;naval_base_spawn;1536.50;11.00;1034.50;0.00;15163
54;naval_base_spawn;1483.50;11.00;1002.50;0.00;13226
78;naval_base_spawn;4077.50;11.00;565.50;0.00;12842
89;naval_base_spawn;2033.50;11.00;388.50;0.00;12416
110;naval_base_spawn;3572.50;11.00;316.50;0.00;14613
117;naval_base_spawn;2280.50;11.00;201.50;0.00;14616
500;naval_base_spawn;1552.50;11.00;1315.50;0.00;10624
500;naval_base_spawn;1595.50;11.00;1323.50;0.00;13947
500;naval_base_spawn;1603.50;11.00;1376.50;0.00;13204
500;naval_base_spawn;1576.50;11.00;1312.50;0.00;14328
182;naval_base_spawn;3869.50;11.00;1370.50;0.00;14982
182;naval_base_spawn;3877.50;11.00;1382.50;0.00;14982
182;naval_base_spawn;3877.50;11.00;1355.50;0.00;13814
495;naval_base_spawn;1781.50;11.00;582.50;0.00;15362
495;naval_base_spawn;1789.50;11.00;577.50;0.00;15362
495;naval_base_spawn;1787.50;11.00;557.50;0.00;11351
495;naval_base_spawn;1799.50;11.00;546.50;0.00;11351
495;naval_base_spawn;1795.50;11.00;536.50;0.00;10824
495;naval_base_spawn;1803.50;11.00;537.50;0.00;10824
495;naval_base_spawn;1817.50;11.00;523.50;0.00;10824
495;naval_base_spawn;1813.50;11.00;516.50;0.00;10824
495;naval_base_spawn;1775.50;11.00;589.50;0.00;13018
495;naval_base_spawn;1768.50;11.00;589.50;0.00;13018
495;naval_base_spawn;1790.50;11.00;566.50;0.00;11351
305;naval_base_spawn;1922.50;11.00;800.50;0.00;13960
305;naval_base_spawn;1916.50;11.00;808.50;0.00;12788
500;naval_base_spawn;1600.50;11.00;1350.50;0.00;10471
500;naval_base_spawn;1568.50;11.00;1377.50;0.00;14313
502;naval_base_spawn;1610.50;11.00;1263.50;0.00;12635
502;naval_base_spawn;1569.50;11.00;1263.50;0.00;11831
502;naval_base_spawn;1580.50;11.00;1267.50;0.00;13242
502;naval_base_spawn;1602.50;11.00;1282.50;0.00;14328
502;naval_base_spawn;1606.50;11.00;1272.50;0.00;14030
502;naval_base_spawn;1598.50;11.00;1293.50;0.00;14328
500;naval_base_spawn;1614.50;11.00;1331.50;0.00;10471
505;naval_base_spawn;1693.50;11.00;1217.50;0.00;15059
259;naval_base_spawn;3214.50;11.00;1130.50;0.00;15705
172;naval_base_spawn;2659.50;11.00;1419.50;0.00;10856
48;naval_base_spawn;3053.50;11.00;1181.50;0.00;15072
42;naval_base_spawn;2927.50;11.00;1208.50;0.00;14065
148;naval_base_spawn;3512.50;11.00;1461.50;0.00;14917
235;naval_base_spawn;1656.50;11.00;1074.50;0.00;15134
168;naval_base_spawn;3470.50;11.00;1411.50;0.00;14226
378;naval_base_spawn;3136.50;11.00;482.50;0.00;15401
446;naval_base_spawn;3264.50;11.00;182.50;0.00;13361
4;naval_base_spawn;3207.50;11.00;1176.50;0.00;15714
438;naval_base_spawn;3494.50;11.00;345.50;0.00;14258
239;naval_base_spawn;2694.50;11.00;1015.50;0.00;11999
104;naval_base_spawn;3426.50;11.00;1391.50;0.00;14975
205;naval_base_spawn;2765.50;11.00;1217.50;0.00;13264
336;naval_base_spawn;1995.50;11.00;653.50;0.00;15316
300;naval_base_spawn;1630.50;11.00;813.50;0.00;15259
252;naval_base_spawn;2952.50;11.00;1002.50;0.00;12160
325;naval_base_spawn;2844.50;11.00;754.50;0.00;12313
455;naval_base_spawn;3496.50;11.00;367.50;0.00;14258
308;naval_base_spawn;4054.50;11.00;770.50;0.00;12825
170;naval_base_spawn;3039.50;11.00;1329.50;0.00;14114
292;naval_base_spawn;2851.50;11.00;839.50;0.00;11264
195;naval_base_spawn;3913.50;11.00;1289.50;0.00;14374
438;naval_base_spawn;3488.50;11.00;291.50;0.00;15532
448;naval_base_spawn;2331.50;11.00;153.50;0.00;10931
476;naval_base_spawn;3080.50;11.00;1395.50;0.00;14978
343;naval_base_spawn;3117.50;11.00;710.50;0.00;15716
419;naval_base_spawn;2571.50;11.00;383.50;0.00;11184
369;naval_base_spawn;3242.50;11.00;482.50;0.00;15403
411;naval_base_spawn;2823.50;11.00;422.50;0.00;15433
383;naval_base_spawn;2713.50;11.00;558.50;0.00;10428
205;naval_base_spawn;2783.50;11.00;1199.50;0.00;14197
268;naval_base_spawn;1574.50;11.00;998.50;0.00;15188
114;naval_base_spawn;3637.50;11.00;1344.50;0.00;14265
381;naval_base_spawn;1993.50;11.00;451.50;0.00;12265
343;naval_base_spawn;3101.50;11.00;686.50;0.00;15717
141;naval_base_spawn;2013.50;11.00;1501.50;0.00;14885
410;naval_base_spawn;3003.50;11.00;435.50;0.00;14041
28;naval_base_spawn;3486.50;11.00;1343.50;0.00;14995
338;naval_base_spawn;2791.50;11.00;676.50;0.00;14599
249;naval_base_spawn;3988.50;11.00;1060.50;0.00;13578
410;naval_base_spawn;3011.50;11.00;416.50;0.00;15446
353;naval_base_spawn;1934.50;11.00;660.50;0.00;11702
173;naval_base_spawn;1716.50;11.00;1417.50;0.00;14948
325;naval_base_spawn;2789.50;11.00;686.50;0.00;14163
25;naval_base_spawn;2766.50;11.00;1400.50;0.00;14288
385;naval_base_spawn;2606.50;11.00;490.50;0.00;12273
4;naval_base_spawn;3141.50;11.00;1204.50;0.00;15714
378;naval_base_spawn;3145.50;11.00;538.50;0.00;15382
19;naval_base_spawn;2653.50;11.00;1494.50;0.00;11234
403;naval_base_spawn;2442.50;11.00;362.50;0.00;11590
335;naval_base_spawn;1948.50;11.00;712.50;0.00;15291
213;naval_base_spawn;2810.50;11.00;1167.50;0.00;14445
472;naval_base_spawn;2604.50;11.00;1405.50;0.00;13359
453;naval_base_spawn;3630.50;11.00;395.50;0.00;10259
122;naval_base_spawn;2020.50;11.00;1454.50;0.00;14906
4;naval_base_spawn;3142.50;11.00;1179.50;0.00;15714
168;naval_base_spawn;3468.50;11.00;1431.50;0.00;14939
184;naval_base_spawn;2689.50;11.00;1374.50;0.00;12737
336;naval_base_spawn;2001.50;11.00;680.50;0.00;13545
163;naval_base_spawn;2298.50;11.00;1458.50;0.00;10109
25;naval_base_spawn;2805.50;11.00;1365.50;0.00;11000
359;naval_base_spawn;1660.50;11.00;658.50;0.00;12067
147;naval_base_spawn;2360.50;11.00;1489.50;0.00;14600
501;naval_base_spawn;1697.50;11.00;1259.50;0.00;15046
211;naval_base_spawn;1586.50;11.00;1172.50;0.00;15076
145;naval_base_spawn;2878.50;11.00;1500.50;0.00;10224
173;naval_base_spawn;1754.50;11.00;1406.50;0.00;14255
505;naval_base_spawn;1595.50;11.00;1201.50;0.00;13692
173;naval_base_spawn;1743.50;11.00;1447.50;0.00;12425
372;naval_base_spawn;2730.50;11.00;576.50;0.00;15360
455;naval_base_spawn;3565.50;11.00;365.50;0.00;15476
448;naval_base_spawn;2364.50;11.00;127.50;0.00;12417
134;naval_base_spawn;2016.50;11.00;1608.50;0.00;12415
134;naval_base_spawn;2036.50;11.00;1686.50;0.00;10933
27;naval_base_spawn;1670.50;11.00;1347.50;0.00;12653
372;naval_base_spawn;2719.50;11.00;573.50;0.00;15360
59;naval_base_spawn;2867.50;11.00;888.50;0.00;13784
322;naval_base_spawn;1628.50;11.00;768.50;0.00;15266
114;naval_base_spawn;3669.50;11.00;1353.50;0.00;14994
430;naval_base_spawn;2584.50;11.00;313.50;0.00;12363
322;naval_base_spawn;1592.50;11.00;721.50;0.00;13966
429;naval_base_spawn;2156.50;11.00;340.50;0.00;10080
336;naval_base_spawn;1998.50;11.00;667.50;0.00;15316
170;naval_base_spawn;3035.50;11.00;1264.50;0.00;10457
334;naval_base_spawn;1658.50;11.00;698.50;0.00;15302
152;naval_base_spawn;3614.50;11.00;1427.50;0.00;14500
338;naval_base_spawn;2770.50;11.00;642.50;0.00;14085
411;naval_base_spawn;2807.50;11.00;414.50;0.00;15433
308;naval_base_spawn;4019.50;11.00;775.50;0.00;12848
411;naval_base_spawn;2827.50;11.00;389.50;0.00;9837
411;naval_base_spawn;2799.50;11.00;373.50;0.00;14461
148;naval_base_spawn;3545.50;11.00;1489.50;0.00;13601
482;naval_base_spawn;1766.50;11.00;1370.50;0.00;14255
369;naval_base_spawn;3247.50;11.00;466.50;0.00;11267
198;naval_base_spawn;2718.50;11.00;1231.50;0.00;13332
425;naval_base_spawn;3859.50;11.00;349.50;0.00;11571
236;naval_base_spawn;2844.50;11.00;1031.50;0.00;15166
430;naval_base_spawn;2584.50;11.00;296.50;0.00;12363
422;naval_base_spawn;3587.50;11.00;335.50;0.00;15496
307;naval_base_spawn;1582.50;11.00;842.50;0.00;13441
476;naval_base_spawn;3068.50;11.00;1370.50;0.00;14145
369;naval_base_spawn;3197.50;11.00;494.50;0.00;15400
147;naval_base_spawn;2372.50;11.00;1492.50;0.00;14600
134;naval_base_spawn;2015.50;11.00;1677.50;0.00;11305
59;naval_base_spawn;2921.50;11.00;933.50;0.00;15212
268;naval_base_spawn;1591.50;11.00;907.50;0.00;11791
430;naval_base_spawn;2567.50;11.00;347.50;0.00;15492
325;naval_base_spawn;2832.50;11.00;724.50;0.00;15284
346;naval_base_spawn;1944.50;11.00;683.50;0.00;15304
104;naval_base_spawn;3422.50;11.00;1376.50;0.00;12939
172;naval_base_spawn;2643.50;11.00;1426.50;0.00;14473
252;naval_base_spawn;2939.50;11.00;978.50;0.00;13991
325;naval_base_spawn;2840.50;11.00;787.50;0.00;9997
376;naval_base_spawn;1977.50;11.00;534.50;0.00;14005
446;naval_base_spawn;3247.50;11.00;181.50;0.00;13361
411;naval_base_spawn;2802.50;11.00;357.50;0.00;15475
416;naval_base_spawn;3711.50;11.00;401.50;0.00;14319
354;naval_base_spawn;3095.50;11.00;661.50;0.00;15717
161;naval_base_spawn;3774.50;11.00;1381.50;0.00;14391
114;naval_base_spawn;3681.50;11.00;1363.50;0.00;14994
12;naval_base_spawn;1871.50;11.00;1412.50;0.00;14968
429;naval_base_spawn;2143.50;11.00;366.50;0.00;13518
135;naval_base_spawn;2176.50;11.00;1638.50;0.00;10093
134;naval_base_spawn;2003.50;11.00;1638.50;0.00;14782
76;naval_base_spawn;1981.50;11.00;556.50;0.00;11738
338;naval_base_spawn;2786.50;11.00;661.50;0.00;14599
377;naval_base_spawn;2770.50;11.00;499.50;0.00;12887
112;naval_base_spawn;2352.50;11.00;252.50;0.00;11469
429;naval_base_spawn;2176.50;11.00;316.50;0.00;14106
372;naval_base_spawn;2747.50;11.00;596.50;0.00;15337
338;naval_base_spawn;2765.50;11.00;661.50;0.00;14599
134;naval_base_spawn;1989.50;11.00;1652.50;0.00;14773
355;naval_base_spawn;4044.50;11.00;609.50;0.00;9826
189;naval_base_spawn;2767.50;11.00;1331.50;0.00;14081
383;naval_base_spawn;2680.50;11.00;533.50;0.00;13696
370;naval_base_spawn;3943.50;11.00;575.50;0.00;12169
406;naval_base_spawn;3783.50;11.00;422.50;0.00;12613
112;naval_base_spawn;2372.50;11.00;254.50;0.00;12912
36;naval_base_spawn;3876.50;11.00;1262.50;0.00;15037
12;naval_base_spawn;1874.50;11.00;1503.50;0.00;14868
416;naval_base_spawn;3739.50;11.00;364.50;0.00;13653
376;naval_base_spawn;1962.50;11.00;552.50;0.00;11738
476;naval_base_spawn;3105.50;11.00;1424.50;0.00;14949
505;naval_base_spawn;1596.50;11.00;1189.50;0.00;15076
431;naval_base_spawn;3284.50;11.00;334.50;0.00;13109
268;naval_base_spawn;1639.50;11.00;1031.50;0.00;9989
268;naval_base_spawn;1583.50;11.00;930.50;0.00;13362
318;naval_base_spawn;1948.50;11.00;767.50;0.00;15269
167;naval_base_spawn;2740.50;11.00;1472.50;0.00;14590
427;naval_base_spawn;2180.50;11.00;280.50;0.00;12325
394;naval_base_spawn;2767.50;11.00;465.50;0.00;15409
48;naval_base_spawn;3040.50;11.00;1205.50;0.00;13375
171;naval_base_spawn;2857.50;11.00;1427.50;0.00;13058
89;naval_base_spawn;1981.50;11.00;401.50;0.00;13036
12;naval_base_spawn;1883.50;11.00;1468.50;0.00;13881
433;naval_base_spawn;3880.50;11.00;298.50;0.00;11491
71;naval_base_spawn;2684.50;11.00;636.50;0.00;12683
292;naval_base_spawn;2873.50;11.00;861.50;0.00;13777
304;naval_base_spawn;1673.50;11.00;809.50;0.00;14451
353;naval_base_spawn;1915.50;11.00;651.50;0.00;10127
383;naval_base_spawn;2695.50;11.00;539.50;0.00;13696
226;naval_base_spawn;4008.50;11.00;1071.50;0.00;15140
473;naval_base_spawn;2281.50;11.00;1483.50;0.00;14204
367;naval_base_spawn;2001.50;11.00;641.50;0.00;12163
21;naval_base_spawn;2606.50;11.00;1481.50;0.00;14902
137;naval_base_spawn;1981.50;11.00;1583.50;0.00;13224
306;naval_base_spawn;1940.50;11.00;830.50;0.00;12779
307;naval_base_spawn;1576.50;11.00;887.50;0.00;12777
71;naval_base_spawn;2718.50;11.00;666.50;0.00;9892
335;naval_base_spawn;1941.50;11.00;736.50;0.00;11224
158;naval_base_spawn;3341.50;11.00;1435.50;0.00;14941
448;naval_base_spawn;2320.50;11.00;170.50;0.00;11151
141;naval_base_spawn;2002.50;11.00;1510.50;0.00;14885
443;naval_base_spawn;3206.50;11.00;228.50;0.00;11440
163;naval_base_spawn;2307.50;11.00;1469.50;0.00;10109
32;naval_base_spawn;2724.50;11.00;1289.50;0.00;13007
1;naval_base_spawn;2045.50;11.00;1697.50;0.00;10933
15;naval_base_spawn;3441.50;11.00;1485.50;0.00;11794
42;naval_base_spawn;2920.50;11.00;1232.50;0.00;13020
116;naval_base_spawn;2424.50;11.00;212.50;0.00;12725
66;naval_base_spawn;1901.50;11.00;705.50;0.00;9604
144;naval_base_spawn;2906.50;11.00;1506.50;0.00;14870
376;naval_base_spawn;1981.50;11.00;504.50;0.00;11883
433;naval_base_spawn;3866.50;11.00;321.50;0.00;15513
336;naval_base_spawn;1998.50;11.00;694.50;0.00;13807
365;naval_base_spawn;3139.50;11.00;617.50;0.00;15710
120;naval_base_spawn;2081.50;11.00;1701.50;0.00;14733
173;naval_base_spawn;1713.50;11.00;1390.50;0.00;14131
346;naval_base_spawn;1945.50;11.00;699.50;0.00;15291
304;naval_base_spawn;1656.50;11.00;797.50;0.00;14451
385;naval_base_spawn;2605.50;11.00;510.50;0.00;11805
318;naval_base_spawn;1944.50;11.00;750.50;0.00;15269
234;naval_base_spawn;2733.50;11.00;1065.50;0.00;15148
411;naval_base_spawn;2788.50;11.00;368.50;0.00;14461
259;naval_base_spawn;3171.50;11.00;1072.50;0.00;15713
453;naval_base_spawn;3636.50;11.00;377.50;0.00;10259
194;naval_base_spawn;2814.50;11.00;1321.50;0.00;14298
397;naval_base_spawn;2583.50;11.00;455.50;0.00;12148
406;naval_base_spawn;3806.50;11.00;411.50;0.00;15452
13;naval_base_spawn;2685.50;11.00;1478.50;0.00;14907
438;naval_base_spawn;3492.50;11.00;331.50;0.00;15507
20;naval_base_spawn;3272.50;11.00;1476.50;0.00;10462
302;naval_base_spawn;1875.50;11.00;800.50;0.00;12559
62;naval_base_spawn;3129.50;11.00;730.50;0.00;15716
4;naval_base_spawn;3170.50;11.00;1162.50;0.00;15714
170;naval_base_spawn;3004.50;11.00;1313.50;0.00;12105
307;naval_base_spawn;1563.50;11.00;789.50;0.00;15263
372;naval_base_spawn;2757.50;11.00;606.50;0.00;15337
27;naval_base_spawn;1660.50;11.00;1367.50;0.00;13024
213;naval_base_spawn;2821.50;11.00;1156.50;0.00;14532
143;naval_base_spawn;2474.50;11.00;1490.50;0.00;12486
28;naval_base_spawn;3494.50;11.00;1329.50;0.00;15003
71;naval_base_spawn;2696.50;11.00;649.50;0.00;12513
211;naval_base_spawn;1626.50;11.00;1098.50;0.00;14327
151;naval_base_spawn;2943.50;11.00;1494.50;0.00;14538
445;naval_base_spawn;2439.50;11.00;290.50;0.00;12832
32;naval_base_spawn;2694.50;11.00;1272.50;0.00;11798
32;naval_base_spawn;2684.50;11.00;1316.50;0.00;13853
234;naval_base_spawn;2704.50;11.00;1051.50;0.00;9524
454;naval_base_spawn;3442.50;11.00;395.50;0.00;14584
353;naval_base_spawn;1946.50;11.00;653.50;0.00;14388
140;naval_base_spawn;2184.50;11.00;1583.50;0.00;15719
226;naval_base_spawn;4024.50;11.00;1079.50;0.00;15133
226;naval_base_spawn;4039.50;11.00;1036.50;0.00;13689
104;naval_base_spawn;3428.50;11.00;1354.50;0.00;10579
170;naval_base_spawn;3019.50;11.00;1243.50;0.00;10457
13;naval_base_spawn;2684.50;11.00;1497.50;0.00;13239
89;naval_base_spawn;1990.50;11.00;407.50;0.00;12327
140;naval_base_spawn;2185.50;11.00;1598.50;0.00;15719
369;naval_base_spawn;3245.50;11.00;439.50;0.00;13561
217;naval_base_spawn;4075.50;11.00;1125.50;0.00;14563
453;naval_base_spawn;3674.50;11.00;365.50;0.00;14277
381;naval_base_spawn;2013.50;11.00;436.50;0.00;14488
161;naval_base_spawn;3732.50;11.00;1412.50;0.00;12793
15;naval_base_spawn;3437.50;11.00;1505.50;0.00;11794
112;naval_base_spawn;2384.50;11.00;242.50;0.00;12912
89;naval_base_spawn;2004.50;11.00;398.50;0.00;12431
234;naval_base_spawn;2707.50;11.00;1061.50;0.00;9524
184;naval_base_spawn;2687.50;11.00;1389.50;0.00;12737
411;naval_base_spawn;2839.50;11.00;377.50;0.00;9837
268;naval_base_spawn;1592.50;11.00;968.50;0.00;14109
387;naval_base_spawn;2654.50;11.00;465.50;0.00;15411
424;naval_base_spawn;3311.50;11.00;381.50;0.00;13168
181;naval_base_spawn;3187.50;11.00;1366.50;0.00;14019
170;naval_base_spawn;3014.50;11.00;1323.50;0.00;14114
157;naval_base_spawn;2671.50;11.00;1450.50;0.00;14930
371;naval_base_spawn;3118.50;11.00;586.50;0.00;15710
378;naval_base_spawn;3143.50;11.00;521.50;0.00;15382
359;naval_base_spawn;1661.50;11.00;672.50;0.00;15302
264;naval_base_spawn;3923.50;11.00;989.50;0.00;12668
145;naval_base_spawn;2892.50;11.00;1477.50;0.00;14914
437;naval_base_spawn;3269.50;11.00;311.50;0.00;15512
302;naval_base_spawn;1857.50;11.00;786.50;0.00;12195
10;naval_base_spawn;2926.50;11.00;1514.50;0.00;12391
211;naval_base_spawn;1577.50;11.00;1161.50;0.00;11849
158;naval_base_spawn;3337.50;11.00;1450.50;0.00;14928
234;naval_base_spawn;2746.50;11.00;1068.50;0.00;15148
172;naval_base_spawn;2659.50;11.00;1436.50;0.00;14930
424;naval_base_spawn;3258.50;11.00;432.50;0.00;11333
304;naval_base_spawn;1639.50;11.00;781.50;0.00;13744
322;naval_base_spawn;1598.50;11.00;734.50;0.00;13966
336;naval_base_spawn;1987.50;11.00;693.50;0.00;13807
211;naval_base_spawn;1547.50;11.00;1163.50;0.00;10713
173;naval_base_spawn;1776.50;11.00;1412.50;0.00;12223
15;naval_base_spawn;3453.50;11.00;1464.50;0.00;13789
307;naval_base_spawn;1552.50;11.00;803.50;0.00;15247
173;naval_base_spawn;1735.50;11.00;1431.50;0.00;13779
236;naval_base_spawn;2874.50;11.00;1079.50;0.00;12555
420;naval_base_spawn;3454.50;11.00;388.50;0.00;14584
424;naval_base_spawn;3308.50;11.00;407.50;0.00;15450
245;naval_base_spawn;3043.50;11.00;1079.50;0.00;12350
104;naval_base_spawn;3424.50;11.00;1322.50;0.00;14367
8;naval_base_spawn;2614.50;11.00;1538.50;0.00;12171
436;naval_base_spawn;3893.50;11.00;290.50;0.00;15540
336;naval_base_spawn;2000.50;11.00;706.50;0.00;13807
450;naval_base_spawn;2198.50;11.00;236.50;0.00;13289
325;naval_base_spawn;2790.50;11.00;708.50;0.00;13001
406;naval_base_spawn;3781.50;11.00;435.50;0.00;12613
184;naval_base_spawn;2691.50;11.00;1360.50;0.00;12687
89;naval_base_spawn;2010.50;11.00;409.50;0.00;12327
387;naval_base_spawn;2643.50;11.00;434.50;0.00;11271
12;naval_base_spawn;1862.50;11.00;1490.50;0.00;12377
7;naval_base_spawn;2519.50;11.00;1532.50;0.00;13055
12;naval_base_spawn;1882.50;11.00;1446.50;0.00;14933
114;naval_base_spawn;3612.50;11.00;1325.50;0.00;14265
394;naval_base_spawn;2791.50;11.00;428.50;0.00;15433
152;naval_base_spawn;3611.50;11.00;1442.50;0.00;14500
438;naval_base_spawn;3482.50;11.00;310.50;0.00;15507
416;naval_base_spawn;3752.50;11.00;368.50;0.00;15455
367;naval_base_spawn;1985.50;11.00;593.50;0.00;15352
25;naval_base_spawn;2775.50;11.00;1381.50;0.00;14985
268;naval_base_spawn;1593.50;11.00;943.50;0.00;13362
213;naval_base_spawn;2872.50;11.00;1157.50;0.00;11808
425;naval_base_spawn;3842.50;11.00;381.50;0.00;13771
205;naval_base_spawn;2790.50;11.00;1189.50;0.00;13669
354;naval_base_spawn;3097.50;11.00;648.50;0.00;15717
12;naval_base_spawn;1874.50;11.00;1455.50;0.00;13881
307;naval_base_spawn;1571.50;11.00;826.50;0.00;13441
422;naval_base_spawn;3580.50;11.00;346.50;0.00;15496
122;naval_base_spawn;2015.50;11.00;1422.50;0.00;12394
143;naval_base_spawn;2477.50;11.00;1503.50;0.00;9599
448;naval_base_spawn;2318.50;11.00;134.50;0.00;10931
443;naval_base_spawn;3224.50;11.00;251.50;0.00;11433
383;naval_base_spawn;2670.50;11.00;517.50;0.00;13786
42;naval_base_spawn;2932.50;11.00;1194.50;0.00;15088
169;naval_base_spawn;2884.50;11.00;1450.50;0.00;9828
245;naval_base_spawn;3047.50;11.00;1157.50;0.00;11155
367;naval_base_spawn;1986.50;11.00;622.50;0.00;12163
211;naval_base_spawn;1596.50;11.00;1119.50;0.00;14021
448;naval_base_spawn;2327.50;11.00;140.50;0.00;10931
37;naval_base_spawn;3812.50;11.00;1256.50;0.00;15045
403;naval_base_spawn;2452.50;11.00;382.50;0.00;14282
408;naval_base_spawn;2118.50;11.00;380.50;0.00;15448
416;naval_base_spawn;3729.50;11.00;387.50;0.00;13501
143;naval_base_spawn;2464.50;11.00;1482.50;0.00;12486
170;naval_base_spawn;3023.50;11.00;1297.50;0.00;14141
141;naval_base_spawn;1998.50;11.00;1519.50;0.00;11690
343;naval_base_spawn;3093.50;11.00;674.50;0.00;15717
410;naval_base_spawn;2997.50;11.00;417.50;0.00;14041
397;naval_base_spawn;2590.50;11.00;469.50;0.00;12273
76;naval_base_spawn;1988.50;11.00;582.50;0.00;15352
291;naval_base_spawn;3102.50;11.00;784.50;0.00;15706
32;naval_base_spawn;2733.50;11.00;1295.50;0.00;13007
402;naval_base_spawn;3972.50;11.00;503.50;0.00;13175
217;naval_base_spawn;4074.50;11.00;1139.50;0.00;14563
163;naval_base_spawn;2289.50;11.00;1449.50;0.00;14302
440;naval_base_spawn;3262.50;11.00;283.50;0.00;14168
128;naval_base_spawn;2198.50;11.00;1667.50;0.00;14756
118;naval_base_spawn;2171.50;11.00;195.50;0.00;11638
306;naval_base_spawn;1938.50;11.00;807.50;0.00;12788
34;naval_base_spawn;2626.50;11.00;1305.50;0.00;12201
9;naval_base_spawn;2855.50;11.00;1521.50;0.00;13683
445;naval_base_spawn;2448.50;11.00;254.50;0.00;15571
7;naval_base_spawn;2502.50;11.00;1520.50;0.00;14873
116;naval_base_spawn;2417.50;11.00;203.50;0.00;15606
406;naval_base_spawn;3834.50;11.00;396.50;0.00;13670
13;naval_base_spawn;2704.50;11.00;1510.50;0.00;12898
155;naval_base_spawn;2207.50;11.00;1457.50;0.00;13723
397;naval_base_spawn;2582.50;11.00;438.50;0.00;13791
445;naval_base_spawn;2441.50;11.00;274.50;0.00;12133
52;naval_base_spawn;2993.50;11.00;1049.50;0.00;15150
443;naval_base_spawn;3224.50;11.00;238.50;0.00;15579
1;naval_base_spawn;2027.50;11.00;1784.50;0.00;13577
1;naval_base_spawn;2055.50;11.00;1773.50;0.00;14714
120;naval_base_spawn;2079.50;11.00;1727.50;0.00;12770
120;naval_base_spawn;2076.50;11.00;1716.50;0.00;14733
1;naval_base_spawn;2032.50;11.00;1716.50;0.00;13343
134;naval_base_spawn;2023.50;11.00;1681.50;0.00;11305
134;naval_base_spawn;1978.50;11.00;1666.50;0.00;12674
134;naval_base_spawn;2018.50;11.00;1667.50;0.00;11305
128;naval_base_spawn;2208.50;11.00;1643.50;0.00;14037
127;naval_base_spawn;2260.50;11.00;1632.50;0.00;13064
134;naval_base_spawn;2005.50;11.00;1624.50;0.00;12415
128;naval_base_spawn;2184.50;11.00;1614.50;0.00;15719
9;naval_base_spawn;2869.50;11.00;1591.50;0.00;12296
137;naval_base_spawn;1997.50;11.00;1586.50;0.00;14314
140;naval_base_spawn;2175.50;11.00;1581.50;0.00;15719
137;naval_base_spawn;1991.50;11.00;1572.50;0.00;14830
140;naval_base_spawn;2172.50;11.00;1572.50;0.00;15719
140;naval_base_spawn;2161.50;11.00;1567.50;0.00;15719
139;naval_base_spawn;2150.50;11.00;1563.50;0.00;15719
137;naval_base_spawn;1995.50;11.00;1561.50;0.00;14830
141;naval_base_spawn;1999.50;11.00;1551.50;0.00;12543
141;naval_base_spawn;2001.50;11.00;1537.50;0.00;12543
7;naval_base_spawn;2502.50;11.00;1529.50;0.00;13055
7;naval_base_spawn;2499.50;11.00;1510.50;0.00;14873
10;naval_base_spawn;2932.50;11.00;1506.50;0.00;14538
7;naval_base_spawn;2505.50;11.00;1502.50;0.00;14873
473;naval_base_spawn;2291.50;11.00;1496.50;0.00;13268
145;naval_base_spawn;2900.50;11.00;1497.50;0.00;14253
12;naval_base_spawn;1862.50;11.00;1497.50;0.00;12377
9;naval_base_spawn;2825.50;11.00;1499.50;0.00;9579
15;naval_base_spawn;3437.50;11.00;1496.50;0.00;11794
155;naval_base_spawn;2194.50;11.00;1494.50;0.00;13334
473;naval_base_spawn;2283.50;11.00;1492.50;0.00;14204
143;naval_base_spawn;2464.50;11.00;1490.50;0.00;12486
145;naval_base_spawn;2886.50;11.00;1492.50;0.00;10224
12;naval_base_spawn;1871.50;11.00;1491.50;0.00;13881
143;naval_base_spawn;2502.50;11.00;1488.50;0.00;14873
155;naval_base_spawn;2228.50;11.00;1486.50;0.00;14380
148;naval_base_spawn;3529.50;11.00;1482.50;0.00;12408
13;naval_base_spawn;2689.50;11.00;1486.50;0.00;14907
155;naval_base_spawn;2188.50;11.00;1485.50;0.00;14333
147;naval_base_spawn;2350.50;11.00;1483.50;0.00;14600
151;naval_base_spawn;2938.50;11.00;1484.50;0.00;14538
167;naval_base_spawn;2741.50;11.00;1483.50;0.00;12243
20;naval_base_spawn;3280.50;11.00;1479.50;0.00;10462
173;naval_base_spawn;1740.50;11.00;1479.50;0.00;10825
12;naval_base_spawn;1873.50;11.00;1477.50;0.00;13881
147;naval_base_spawn;2343.50;11.00;1476.50;0.00;13192
15;naval_base_spawn;3451.50;11.00;1478.50;0.00;13789
19;naval_base_spawn;2656.50;11.00;1479.50;0.00;11234
150;naval_base_spawn;3713.50;11.00;1479.50;0.00;14915
155;naval_base_spawn;2193.50;11.00;1476.50;0.00;14333
167;naval_base_spawn;2730.50;11.00;1470.50;0.00;14590
20;naval_base_spawn;3262.50;11.00;1467.50;0.00;14275
143;naval_base_spawn;2462.50;11.00;1474.50;0.00;11745
145;naval_base_spawn;2884.50;11.00;1471.50;0.00;14914
18;naval_base_spawn;3620.50;11.00;1473.50;0.00;14892
21;naval_base_spawn;2601.50;11.00;1471.50;0.00;11834
150;naval_base_spawn;3719.50;11.00;1468.50;0.00;14915
152;naval_base_spawn;3604.50;11.00;1465.50;0.00;14442
24;naval_base_spawn;1842.50;11.00;1464.50;0.00;11316
157;naval_base_spawn;2690.50;11.00;1466.50;0.00;10448
157;naval_base_spawn;2681.50;11.00;1458.50;0.00;10448
169;naval_base_spawn;2884.50;11.00;1461.50;0.00;14914
152;naval_base_spawn;3598.50;11.00;1455.50;0.00;14140
15;naval_base_spawn;3465.50;11.00;1450.50;0.00;14924
173;naval_base_spawn;1784.50;11.00;1439.50;0.00;12223
171;naval_base_spawn;2879.50;11.00;1442.50;0.00;9828
172;naval_base_spawn;2635.50;11.00;1434.50;0.00;14473
171;naval_base_spawn;2881.50;11.00;1434.50;0.00;9828
12;naval_base_spawn;1876.50;11.00;1426.50;0.00;14933
171;naval_base_spawn;2874.50;11.00;1425.50;0.00;9828
476;naval_base_spawn;3097.50;11.00;1421.50;0.00;14949
171;naval_base_spawn;2867.50;11.00;1420.50;0.00;14956
159;naval_base_spawn;3229.50;11.00;1414.50;0.00;11832
476;naval_base_spawn;3102.50;11.00;1414.50;0.00;10826
177;naval_base_spawn;2869.50;11.00;1410.50;0.00;14956
181;naval_base_spawn;3215.50;11.00;1408.50;0.00;11832
476;naval_base_spawn;3073.50;11.00;1405.50;0.00;10826
161;naval_base_spawn;3720.50;11.00;1406.50;0.00;12793
172;naval_base_spawn;2667.50;11.00;1404.50;0.00;10856
104;naval_base_spawn;3424.50;11.00;1404.50;0.00;14437
168;naval_base_spawn;3464.50;11.00;1402.50;0.00;14226
187;naval_base_spawn;1958.50;11.00;1391.50;0.00;14974
161;naval_base_spawn;3727.50;11.00;1400.50;0.00;12793
168;naval_base_spawn;3457.50;11.00;1393.50;0.00;14226
161;naval_base_spawn;3728.50;11.00;1387.50;0.00;12082
25;naval_base_spawn;2770.50;11.00;1390.50;0.00;14985
27;naval_base_spawn;1678.50;11.00;1383.50;0.00;14131
168;naval_base_spawn;3474.50;11.00;1388.50;0.00;12790
476;naval_base_spawn;3076.50;11.00;1382.50;0.00;14978
168;naval_base_spawn;3485.50;11.00;1383.50;0.00;12790
27;naval_base_spawn;1668.50;11.00;1376.50;0.00;11232
181;naval_base_spawn;3186.50;11.00;1383.50;0.00;14966
121;naval_base_spawn;1865.50;11.00;1371.50;0.00;13208
168;naval_base_spawn;3486.50;11.00;1373.50;0.00;14995
104;naval_base_spawn;3416.50;11.00;1371.50;0.00;12939
25;naval_base_spawn;2783.50;11.00;1368.50;0.00;14985
168;naval_base_spawn;3493.50;11.00;1368.50;0.00;14995
174;naval_base_spawn;3781.50;11.00;1371.50;0.00;14391
104;naval_base_spawn;3417.50;11.00;1361.50;0.00;10579
174;naval_base_spawn;3794.50;11.00;1362.50;0.00;13985
182;naval_base_spawn;3831.50;11.00;1360.50;0.00;14614
28;naval_base_spawn;3491.50;11.00;1357.50;0.00;14995
189;naval_base_spawn;2783.50;11.00;1352.50;0.00;11000
189;naval_base_spawn;2773.50;11.00;1343.50;0.00;14081
104;naval_base_spawn;3431.50;11.00;1343.50;0.00;15006
27;naval_base_spawn;1638.50;11.00;1326.50;0.00;13947
27;naval_base_spawn;1680.50;11.00;1323.50;0.00;14261
193;naval_base_spawn;2882.50;11.00;1321.50;0.00;14561
114;naval_base_spawn;3602.50;11.00;1315.50;0.00;15017
27;naval_base_spawn;1639.50;11.00;1311.50;0.00;13947
194;naval_base_spawn;2782.50;11.00;1314.50;0.00;14458
34;naval_base_spawn;2634.50;11.00;1315.50;0.00;14515
194;naval_base_spawn;2772.50;11.00;1308.50;0.00;14458
170;naval_base_spawn;3011.50;11.00;1307.50;0.00;14141
34;naval_base_spawn;2637.50;11.00;1300.50;0.00;12875
193;naval_base_spawn;2899.50;11.00;1297.50;0.00;12702
32;naval_base_spawn;2694.50;11.00;1290.50;0.00;11798
170;naval_base_spawn;3030.50;11.00;1283.50;0.00;14141
119;naval_base_spawn;3718.50;11.00;1286.50;0.00;15027
38;naval_base_spawn;3748.50;11.00;1284.50;0.00;11024
32;naval_base_spawn;2693.50;11.00;1281.50;0.00;11798
27;naval_base_spawn;1664.50;11.00;1278.50;0.00;10864
119;naval_base_spawn;3716.50;11.00;1275.50;0.00;15027
37;naval_base_spawn;3837.50;11.00;1267.50;0.00;15037
198;naval_base_spawn;2697.50;11.00;1261.50;0.00;14579
37;naval_base_spawn;3827.50;11.00;1261.50;0.00;13705
198;naval_base_spawn;2719.50;11.00;1244.50;0.00;13332
170;naval_base_spawn;3026.50;11.00;1232.50;0.00;13375
198;naval_base_spawn;2758.50;11.00;1228.50;0.00;13264
170;naval_base_spawn;3041.50;11.00;1227.50;0.00;13375
505;naval_base_spawn;1591.50;11.00;1213.50;0.00;13692
205;naval_base_spawn;2775.50;11.00;1210.50;0.00;14197
222;naval_base_spawn;2929.50;11.00;1182.50;0.00;15088
213;naval_base_spawn;2797.50;11.00;1179.50;0.00;14445
211;naval_base_spawn;1577.50;11.00;1172.50;0.00;11849
222;naval_base_spawn;2927.50;11.00;1168.50;0.00;15088
259;naval_base_spawn;3230.50;11.00;1155.50;0.00;15705
211;naval_base_spawn;1537.50;11.00;1160.50;0.00;10713
222;naval_base_spawn;2927.50;11.00;1157.50;0.00;15096
211;naval_base_spawn;1540.50;11.00;1154.50;0.00;10195
211;naval_base_spawn;1551.50;11.00;1150.50;0.00;10195
213;naval_base_spawn;2821.50;11.00;1144.50;0.00;14532
225;naval_base_spawn;2928.50;11.00;1143.50;0.00;14511
225;naval_base_spawn;2917.50;11.00;1136.50;0.00;14511
245;naval_base_spawn;3033.50;11.00;1133.50;0.00;13997
245;naval_base_spawn;3048.50;11.00;1133.50;0.00;13997
225;naval_base_spawn;2925.50;11.00;1131.50;0.00;13298
211;naval_base_spawn;1557.50;11.00;1131.50;0.00;11136
211;naval_base_spawn;1574.50;11.00;1126.50;0.00;11136
245;naval_base_spawn;3032.50;11.00;1120.50;0.00;12593
226;naval_base_spawn;4052.50;11.00;1120.50;0.00;12738
259;naval_base_spawn;3162.50;11.00;1117.50;0.00;15713
226;naval_base_spawn;4016.50;11.00;1117.50;0.00;14208
51;naval_base_spawn;2714.50;11.00;1114.50;0.00;12562
211;naval_base_spawn;1589.50;11.00;1107.50;0.00;14021
259;naval_base_spawn;3165.50;11.00;1105.50;0.00;15713
235;naval_base_spawn;1642.50;11.00;1094.50;0.00;15134
227;naval_base_spawn;2624.50;11.00;1093.50;0.00;15142
226;naval_base_spawn;4037.50;11.00;1089.50;0.00;15133
227;naval_base_spawn;2634.50;11.00;1091.50;0.00;15142
227;naval_base_spawn;2670.50;11.00;1089.50;0.00;15129
234;naval_base_spawn;2775.50;11.00;1080.50;0.00;15139
227;naval_base_spawn;2639.50;11.00;1083.50;0.00;15142
234;naval_base_spawn;2786.50;11.00;1079.50;0.00;14171
227;naval_base_spawn;2672.50;11.00;1078.50;0.00;9814
249;naval_base_spawn;4001.50;11.00;1062.50;0.00;13578
244;naval_base_spawn;3975.50;11.00;1058.50;0.00;15158
235;naval_base_spawn;1645.50;11.00;1053.50;0.00;13793
235;naval_base_spawn;1643.50;11.00;1042.50;0.00;13793
234;naval_base_spawn;2707.50;11.00;1037.50;0.00;11999
226;naval_base_spawn;4048.50;11.00;1032.50;0.00;13689
268;naval_base_spawn;1597.50;11.00;1024.50;0.00;15173
268;naval_base_spawn;1633.50;11.00;1018.50;0.00;9989
268;naval_base_spawn;1553.50;11.00;1014.50;0.00;10194
244;naval_base_spawn;3939.50;11.00;1010.50;0.00;12668
268;naval_base_spawn;1591.50;11.00;983.50;0.00;14109
252;naval_base_spawn;2933.50;11.00;956.50;0.00;13991
268;naval_base_spawn;1587.50;11.00;951.50;0.00;12060
268;naval_base_spawn;1581.50;11.00;919.50;0.00;11791
59;naval_base_spawn;2880.50;11.00;903.50;0.00;13784
307;naval_base_spawn;1577.50;11.00;902.50;0.00;11791
307;naval_base_spawn;1571.50;11.00;871.50;0.00;13005
307;naval_base_spawn;1563.50;11.00;861.50;0.00;13005
307;naval_base_spawn;1571.50;11.00;854.50;0.00;13441
306;naval_base_spawn;1933.50;11.00;843.50;0.00;12779
307;naval_base_spawn;1560.50;11.00;831.50;0.00;13441
307;naval_base_spawn;1549.50;11.00;828.50;0.00;9713
307;naval_base_spawn;1556.50;11.00;821.50;0.00;15247
306;naval_base_spawn;1938.50;11.00;819.50;0.00;12779
292;naval_base_spawn;2840.50;11.00;821.50;0.00;13884
292;naval_base_spawn;2843.50;11.00;810.50;0.00;9997
292;naval_base_spawn;2834.50;11.00;802.50;0.00;9997
306;naval_base_spawn;1940.50;11.00;793.50;0.00;13960
307;naval_base_spawn;1573.50;11.00;789.50;0.00;15263
308;naval_base_spawn;4010.50;11.00;788.50;0.00;12848
306;naval_base_spawn;1942.50;11.00;784.50;0.00;13960
306;naval_base_spawn;1937.50;11.00;779.50;0.00;13960
322;naval_base_spawn;1615.50;11.00;772.50;0.00;15266
325;naval_base_spawn;2834.50;11.00;773.50;0.00;11172
322;naval_base_spawn;1602.50;11.00;769.50;0.00;13179
325;naval_base_spawn;2847.50;11.00;766.50;0.00;12313
322;naval_base_spawn;1597.50;11.00;760.50;0.00;12532
294;naval_base_spawn;3125.50;11.00;760.50;0.00;15716
322;naval_base_spawn;1594.50;11.00;750.50;0.00;12532
62;naval_base_spawn;3133.50;11.00;746.50;0.00;15716
325;naval_base_spawn;2834.50;11.00;743.50;0.00;12313
64;naval_base_spawn;4108.50;11.00;744.50;0.00;11718
62;naval_base_spawn;3136.50;11.00;737.50;0.00;15716
335;naval_base_spawn;1929.50;11.00;724.50;0.00;11224
325;naval_base_spawn;2822.50;11.00;728.50;0.00;15284
62;naval_base_spawn;3111.50;11.00;721.50;0.00;15716
318;naval_base_spawn;2001.50;11.00;726.50;0.00;13807
62;naval_base_spawn;3121.50;11.00;721.50;0.00;15716
325;naval_base_spawn;2803.50;11.00;715.50;0.00;13001
333;naval_base_spawn;2010.50;11.00;718.50;0.00;13807
66;naval_base_spawn;1896.50;11.00;716.50;0.00;9604
334;naval_base_spawn;1638.50;11.00;713.50;0.00;12565
325;naval_base_spawn;2788.50;11.00;697.50;0.00;14163
343;naval_base_spawn;3105.50;11.00;697.50;0.00;15717
66;naval_base_spawn;1901.50;11.00;697.50;0.00;9604
346;naval_base_spawn;1939.50;11.00;694.50;0.00;13647
352;naval_base_spawn;1671.50;11.00;690.50;0.00;15302
352;naval_base_spawn;1673.50;11.00;676.50;0.00;15302
353;naval_base_spawn;1939.50;11.00;672.50;0.00;15304
359;naval_base_spawn;1647.50;11.00;667.50;0.00;15311
353;naval_base_spawn;1921.50;11.00;657.50;0.00;10127
71;naval_base_spawn;2706.50;11.00;655.50;0.00;12513
338;naval_base_spawn;2770.50;11.00;654.50;0.00;14085
359;naval_base_spawn;1664.50;11.00;642.50;0.00;12067
353;naval_base_spawn;1952.50;11.00;644.50;0.00;14388
367;naval_base_spawn;1993.50;11.00;633.50;0.00;12163
354;naval_base_spawn;3098.50;11.00;637.50;0.00;15710
338;naval_base_spawn;2760.50;11.00;631.50;0.00;14085
354;naval_base_spawn;3103.50;11.00;630.50;0.00;15710
372;naval_base_spawn;2755.50;11.00;621.50;0.00;14085
355;naval_base_spawn;4003.50;11.00;621.50;0.00;11138
367;naval_base_spawn;1981.50;11.00;613.50;0.00;9742
355;naval_base_spawn;4013.50;11.00;614.50;0.00;11138
356;naval_base_spawn;2581.50;11.00;611.50;0.00;15344
367;naval_base_spawn;1980.50;11.00;603.50;0.00;9742
371;naval_base_spawn;3130.50;11.00;601.50;0.00;15710
356;naval_base_spawn;2612.50;11.00;599.50;0.00;13801
355;naval_base_spawn;4053.50;11.00;598.50;0.00;9826
372;naval_base_spawn;2738.50;11.00;585.50;0.00;12143
371;naval_base_spawn;3115.50;11.00;573.50;0.00;13808
76;naval_base_spawn;1984.50;11.00;571.50;0.00;11738
383;naval_base_spawn;2708.50;11.00;569.50;0.00;11464
371;naval_base_spawn;3121.50;11.00;566.50;0.00;13808
371;naval_base_spawn;3123.50;11.00;556.50;0.00;13808
376;naval_base_spawn;1965.50;11.00;542.50;0.00;14005
371;naval_base_spawn;3132.50;11.00;545.50;0.00;13808
376;naval_base_spawn;1968.50;11.00;534.50;0.00;14005
376;naval_base_spawn;1983.50;11.00;525.50;0.00;11883
402;naval_base_spawn;3975.50;11.00;514.50;0.00;11618
376;naval_base_spawn;1983.50;11.00;513.50;0.00;11883
82;naval_base_spawn;2662.50;11.00;508.50;0.00;15385
378;naval_base_spawn;3134.50;11.00;508.50;0.00;12186
385;naval_base_spawn;2600.50;11.00;503.50;0.00;11805
378;naval_base_spawn;3132.50;11.00;495.50;0.00;12186
376;naval_base_spawn;1987.50;11.00;497.50;0.00;14057
402;naval_base_spawn;3951.50;11.00;492.50;0.00;13175
378;naval_base_spawn;3124.50;11.00;489.50;0.00;15401
381;naval_base_spawn;1992.50;11.00;486.50;0.00;14057
385;naval_base_spawn;2599.50;11.00;482.50;0.00;12273
394;naval_base_spawn;2774.50;11.00;482.50;0.00;12887
381;naval_base_spawn;1990.50;11.00;475.50;0.00;14057
394;naval_base_spawn;2774.50;11.00;469.50;0.00;15409
378;naval_base_spawn;3133.50;11.00;470.50;0.00;15401
381;naval_base_spawn;1984.50;11.00;465.50;0.00;14057
397;naval_base_spawn;2580.50;11.00;465.50;0.00;12148
394;naval_base_spawn;2763.50;11.00;456.50;0.00;15409
381;naval_base_spawn;1985.50;11.00;457.50;0.00;12265
369;naval_base_spawn;3227.50;11.00;451.50;0.00;11267
369;naval_base_spawn;3255.50;11.00;455.50;0.00;11267
387;naval_base_spawn;2647.50;11.00;448.50;0.00;15411
394;naval_base_spawn;2754.50;11.00;447.50;0.00;15422
394;naval_base_spawn;2746.50;11.00;440.50;0.00;15422
369;naval_base_spawn;3217.50;11.00;445.50;0.00;15424
381;naval_base_spawn;2001.50;11.00;442.50;0.00;14488
394;naval_base_spawn;2779.50;11.00;438.50;0.00;14344
394;naval_base_spawn;2738.50;11.00;431.50;0.00;15428
397;naval_base_spawn;2579.50;11.00;428.50;0.00;13791
87;naval_base_spawn;2503.50;11.00;425.50;0.00;12113
381;naval_base_spawn;2049.50;11.00;424.50;0.00;15437
397;naval_base_spawn;2590.50;11.00;422.50;0.00;11401
424;naval_base_spawn;3258.50;11.00;421.50;0.00;11333
424;naval_base_spawn;3267.50;11.00;419.50;0.00;11333
394;naval_base_spawn;2735.50;11.00;418.50;0.00;15428
424;naval_base_spawn;3301.50;11.00;416.50;0.00;13604
406;naval_base_spawn;3793.50;11.00;413.50;0.00;13013
404;naval_base_spawn;2054.50;11.00;414.50;0.00;15437
419;naval_base_spawn;2584.50;11.00;411.50;0.00;11401
411;naval_base_spawn;2797.50;11.00;406.50;0.00;15433
418;naval_base_spawn;2060.50;11.00;407.50;0.00;12557
408;naval_base_spawn;2123.50;11.00;403.50;0.00;15448
419;naval_base_spawn;2580.50;11.00;399.50;0.00;15445
411;naval_base_spawn;2791.50;11.00;398.50;0.00;9712
418;naval_base_spawn;2068.50;11.00;400.50;0.00;12557
419;naval_base_spawn;2569.50;11.00;393.50;0.00;15445
408;naval_base_spawn;2120.50;11.00;392.50;0.00;15448
424;naval_base_spawn;3305.50;11.00;391.50;0.00;15450
416;naval_base_spawn;3718.50;11.00;393.50;0.00;13501
411;naval_base_spawn;2793.50;11.00;388.50;0.00;9712
418;naval_base_spawn;2087.50;11.00;387.50;0.00;10603
453;naval_base_spawn;3658.50;11.00;380.50;0.00;14277
403;naval_base_spawn;2440.50;11.00;376.50;0.00;11590
416;naval_base_spawn;3729.50;11.00;377.50;0.00;13501
416;naval_base_spawn;3737.50;11.00;375.50;0.00;13653
420;naval_base_spawn;3462.50;11.00;375.50;0.00;14584
412;naval_base_spawn;2381.50;11.00;375.50;0.00;14292
426;naval_base_spawn;3316.50;11.00;369.50;0.00;13168
430;naval_base_spawn;2570.50;11.00;368.50;0.00;11184
429;naval_base_spawn;2135.50;11.00;369.50;0.00;13518
422;naval_base_spawn;3575.50;11.00;361.50;0.00;15476
425;naval_base_spawn;3852.50;11.00;362.50;0.00;13771
430;naval_base_spawn;2563.50;11.00;356.50;0.00;13099
411;naval_base_spawn;2793.50;11.00;361.50;0.00;15475
429;naval_base_spawn;2150.50;11.00;356.50;0.00;13518
438;naval_base_spawn;3488.50;11.00;357.50;0.00;14258
426;naval_base_spawn;3309.50;11.00;353.50;0.00;13168
403;naval_base_spawn;2432.50;11.00;355.50;0.00;14466
431;naval_base_spawn;3292.50;11.00;346.50;0.00;13109
102;naval_base_spawn;2781.50;11.00;345.50;0.00;15475
109;naval_base_spawn;2504.50;11.00;343.50;0.00;9903
403;naval_base_spawn;2429.50;11.00;344.50;0.00;14466
403;naval_base_spawn;2440.50;11.00;338.50;0.00;11035
425;naval_base_spawn;3867.50;11.00;335.50;0.00;11571
422;naval_base_spawn;3579.50;11.00;336.50;0.00;15496
430;naval_base_spawn;2575.50;11.00;334.50;0.00;15504
430;naval_base_spawn;2572.50;11.00;322.50;0.00;15504
429;naval_base_spawn;2163.50;11.00;323.50;0.00;14106
437;naval_base_spawn;3279.50;11.00;318.50;0.00;15512
439;naval_base_spawn;2421.50;11.00;312.50;0.00;11035
433;naval_base_spawn;3864.50;11.00;306.50;0.00;15513
429;naval_base_spawn;2173.50;11.00;306.50;0.00;14106
430;naval_base_spawn;2608.50;11.00;305.50;0.00;14257
429;naval_base_spawn;2180.50;11.00;305.50;0.00;14106
112;naval_base_spawn;2403.50;11.00;299.50;0.00;13638
430;naval_base_spawn;2581.50;11.00;303.50;0.00;12363
440;naval_base_spawn;3265.50;11.00;298.50;0.00;15512
439;naval_base_spawn;2433.50;11.00;301.50;0.00;12832
427;naval_base_spawn;2187.50;11.00;296.50;0.00;14106
112;naval_base_spawn;2389.50;11.00;290.50;0.00;15534
438;naval_base_spawn;3476.50;11.00;288.50;0.00;15532
112;naval_base_spawn;2376.50;11.00;279.50;0.00;12780
438;naval_base_spawn;3480.50;11.00;279.50;0.00;15551
427;naval_base_spawn;2170.50;11.00;275.50;0.00;12325
112;naval_base_spawn;2356.50;11.00;273.50;0.00;11469
440;naval_base_spawn;3259.50;11.00;271.50;0.00;15550
113;naval_base_spawn;2513.50;11.00;271.50;0.00;13146
440;naval_base_spawn;3246.50;11.00;267.50;0.00;15550
440;naval_base_spawn;3235.50;11.00;263.50;0.00;15550
445;naval_base_spawn;2442.50;11.00;264.50;0.00;12133
112;naval_base_spawn;2351.50;11.00;263.50;0.00;11469
427;naval_base_spawn;2179.50;11.00;258.50;0.00;13879
450;naval_base_spawn;2197.50;11.00;254.50;0.00;13289
112;naval_base_spawn;2344.50;11.00;243.50;0.00;14399
450;naval_base_spawn;2246.50;11.00;240.50;0.00;15586
445;naval_base_spawn;2452.50;11.00;240.50;0.00;15571
112;naval_base_spawn;2338.50;11.00;235.50;0.00;14399
450;naval_base_spawn;2244.50;11.00;230.50;0.00;15586
445;naval_base_spawn;2456.50;11.00;230.50;0.00;11303
443;naval_base_spawn;3219.50;11.00;227.50;0.00;15579
447;naval_base_spawn;2337.50;11.00;226.50;0.00;11895
450;naval_base_spawn;2240.50;11.00;221.50;0.00;15586
116;naval_base_spawn;2415.50;11.00;215.50;0.00;12725
447;naval_base_spawn;2337.50;11.00;216.50;0.00;15596
443;naval_base_spawn;3213.50;11.00;216.50;0.00;14583
443;naval_base_spawn;3221.50;11.00;213.50;0.00;14583
450;naval_base_spawn;2232.50;11.00;210.50;0.00;15586
116;naval_base_spawn;2409.50;11.00;210.50;0.00;12725
447;naval_base_spawn;2339.50;11.00;203.50;0.00;15596
443;naval_base_spawn;3228.50;11.00;201.50;0.00;14583
447;naval_base_spawn;2342.50;11.00;194.50;0.00;14462
447;naval_base_spawn;2334.50;11.00;186.50;0.00;14462
116;naval_base_spawn;2397.50;11.00;186.50;0.00;15615
448;naval_base_spawn;2326.50;11.00;179.50;0.00;14462
448;naval_base_spawn;2322.50;11.00;161.50;0.00;11151
448;naval_base_spawn;2346.50;11.00;131.50;0.00;12417
448;naval_base_spawn;2323.50;11.00;125.50;0.00;11353
448;naval_base_spawn;2385.50;11.00;124.50;0.00;13555
500;naval_base_spawn;1568.50;11.00;1339.50;0.00;11796
495;naval_base_spawn;1778.50;11.00;567.50;0.00;13018
495;naval_base_spawn;1774.50;11.00;581.50;0.00;13018
394;naval_base_spawn;2822.50;11.00;433.50;0.00;15433
304;naval_base_spawn;1674.50;11.00;817.50;0.00;14451
501;naval_base_spawn;1704.50;11.00;1230.50;0.00;15059
502;naval_base_spawn;1566.50;11.00;1271.50;0.00;11831
502;naval_base_spawn;1571.50;11.00;1279.50;0.00;12252
502;naval_base_spawn;1578.50;11.00;1283.50;0.00;12252
502;naval_base_spawn;1596.50;11.00;1267.50;0.00;13242
502;naval_base_spawn;1587.50;11.00;1284.50;0.00;12252
421;naval_base_spawn;2351.50;11.00;326.50;0.00;15516
211;naval_base_spawn;1598.50;11.00;1107.50;0.00;14327
448;naval_base_spawn;2339.50;11.00;141.50;0.00;12417
355;naval_base_spawn;4000.50;11.00;633.50;0.00;11138
291;naval_base_spawn;3085.50;11.00;793.50;0.00;15706
190;naval_base_spawn;2857.50;11.00;1329.50;0.00;14561
244;naval_base_spawn;3951.50;11.00;1018.50;0.00;12668
335;naval_base_spawn;1976.50;11.00;720.50;0.00;13807
89;naval_base_spawn;1996.50;11.00;400.50;0.00;12431
448;naval_base_spawn;2332.50;11.00;131.50;0.00;12417
15;naval_base_spawn;3491.50;11.00;1449.50;0.00;12045
32;naval_base_spawn;2716.50;11.00;1280.50;0.00;14229
36;naval_base_spawn;3902.50;11.00;1272.50;0.00;14374
112;naval_base_spawn;2398.50;11.00;291.50;0.00;15534
245;naval_base_spawn;3041.50;11.00;1125.50;0.00;13997
234;naval_base_spawn;2756.50;11.00;1065.50;0.00;15148
144;naval_base_spawn;2914.50;11.00;1496.50;0.00;14538
196;naval_base_spawn;1931.50;11.00;1334.50;0.00;13061
479;naval_base_spawn;3592.50;11.00;1313.50;0.00;11933
264;naval_base_spawn;3912.50;11.00;988.50;0.00;12668
7;naval_base_spawn;2511.50;11.00;1524.50;0.00;13055
119;naval_base_spawn;3727.50;11.00;1284.50;0.00;11024
438;naval_base_spawn;3492.50;11.00;306.50;0.00;15507