0;0;0;0;land;false;unknown;0
1;147;233;107;land;false;plains;1
2;244;182;154;land;false;hills;1
3;253;196;219;land;false;desert;1
4;255;176;193;land;true;desert;1
5;232;231;255;land;false;plains;1
6;147;247;113;land;false;desert;1
7;48;228;118;land;false;desert;1
8;249;160;183;land;false;hills;1
9;229;169;253;land;false;forest;1
10;254;233;208;land;false;forest;1
11;253;185;202;land;true;forest;1
12;180;252;123;land;false;desert;1
13;248;21;116;land;false;hills;1
14;137;240;227;land;false;desert;1
15;99;228;192;land;false;plains;1
16;228;252;191;land;false;hills;1
17;134;208;249;land;false;plains;1
18;240;254;255;land;false;plains;1
19;191;204;250;land;false;plains;1
20;36;127;244;land;true;forest;1
21;116;107;227;land;false;forest;1
22;178;68;244;land;false;plains;1
23;251;247;190;land;false;hills;1
24;225;223;255;land;false;hills;1
25;255;246;240;land;true;forest;1
26;17;164;241;land;false;forest;1
27;125;181;237;land;false;plains;1
28;58;216;114;land;false;plains;1
29;94;221;133;land;false;forest;1
30;255;200;236;land;false;plains;1
31;252;158;71;land;true;marsh;1
32;44;239;41;land;false;desert;1
33;151;226;253;land;false;forest;1
34;245;198;160;land;false;mountain;1
35;240;255;252;land;false;hills;1
36;229;220;254;land;false;plains;1
37;249;170;238;land;false;forest;1
38;252;231;255;land;false;plains;1
39;252;179;157;land;false;desert;1
40;144;246;133;land;false;hills;1
41;213;81;193;land;false;plains;1
42;225;226;254;land;true;forest;1
43;59;214;203;land;false;plains;1
44;80;243;126;land;false;desert;1
45;246;83;242;land;false;hills;1
46;197;58;208;land;false;plains;1
47;76;180;241;land;false;forest;1
48;135;63;210;land;false;forest;1
49;240;101;37;land;false;plains;1
50;136;245;244;land;false;hills;1
51;57;144;219;land;false;plains;1
52;254;159;194;land;false;plains;1
53;249;249;118;land;false;desert;1
54;247;133;183;land;true;forest;1
55;240;140;166;land;false;forest;1
56;144;123;246;land;false;forest;1
57;245;186;129;land;false;plains;1
58;246;77;207;land;false;forest;1
59;240;233;255;land;false;forest;1
60;106;225;237;land;false;marsh;1
61;15;169;248;land;false;forest;1
62;122;250;124;land;false;hills;1
63;51;117;243;land;false;plains;1
64;228;230;254;land;false;plains;1
65;96;251;255;land;false;desert;1
66;247;156;221;land;false;hills;1
67;254;222;210;land;false;plains;1
68;255;238;225;land;false;forest;1
69;112;225;228;land;false;hills;1
70;223;102;65;land;true;plains;1
71;247;168;232;land;true;forest;1
72;245;253;179;land;false;forest;1
73;250;186;141;land;false;forest;1
74;234;87;35;land;false;plains;1
75;206;233;81;land;false;plains;1
76;225;61;202;land;false;forest;1
77;254;212;202;land;false;hills;1
78;208;255;241;land;false;plains;1
79;110;221;238;land;false;plains;1
80;171;50;228;land;false;forest;1
81;251;186;135;land;false;plains;1
82;235;140;121;land;false;mountain;1
83;248;146;125;land;false;mountain;1
84;251;199;195;land;false;plains;1
85;112;153;231;land;true;plains;1
86;50;43;234;land;true;forest;1
87;89;47;212;land;false;forest;1
88;199;248;162;land;false;plains;1
89;252;203;253;land;false;plains;1
90;251;149;153;land;false;plains;1
91;254;238;223;land;false;forest;1
92;252;208;253;land;false;forest;1
93;151;174;241;land;false;hills;1
94;243;255;202;land;false;forest;1
95;147;240;241;land;false;plains;1
96;219;239;254;land;false;plains;1
97;252;115;229;land;false;plains;1
98;239;226;255;land;false;forest;1
99;110;27;238;land;false;forest;1
100;62;26;238;land;false;plains;1
101;217;254;244;land;false;plains;1
102;249;149;41;land;false;hills;1
103;116;156;246;land;false;plains;1
104;254;243;219;land;true;marsh;1
105;186;140;255;land;false;desert;1
106;78;223;237;land;false;desert;1
107;214;242;113;land;false;desert;1
108;254;217;221;land;false;plains;1
109;87;223;95;land;false;forest;1
110;174;251;198;land;false;forest;1
111;252;186;205;land;false;forest;1
112;234;255;214;land;false;hills;1
113;227;110;207;land;false;forest;1
114;241;77;101;land;false;forest;1
115;254;174;200;land;false;plains;1
116;234;188;250;land;false;forest;1
117;201;186;255;land;false;plains;1
118;253;255;249;land;false;hills;1
119;197;252;160;land;false;plains;1
120;196;198;251;land;false;plains;1
121;253;213;226;land;false;hills;1
122;115;237;133;land;false;desert;1
123;66;240;84;land;false;forest;1
124;121;242;165;land;false;plains;1
125;231;255;226;land;true;forest;1
126;154;132;245;land;false;plains;1
127;166;237;121;land;false;forest;1
128;62;223;143;land;false;plains;1
129;229;177;255;land;false;plains;1
130;228;187;40;land;false;plains;1
131;253;203;205;land;false;forest;1
132;154;172;253;land;false;plains;1
133;240;202;119;land;false;hills;1
134;230;214;30;land;false;desert;1
135;218;253;150;land;false;plains;1
136;221;73;213;land;false;forest;1
137;216;235;122;land;false;desert;1
138;231;66;236;land;false;mountain;1
139;156;128;233;land;false;desert;1
140;184;151;245;land;true;plains;1
141;240;255;247;land;false;forest;1
142;227;255;254;land;true;forest;1
143;124;250;123;land;false;forest;1
144;233;171;251;land;false;plains;1
145;254;70;68;land;false;urban;1
146;215;68;254;land;false;plains;1
147;117;79;242;land;false;plains;1
148;254;229;250;land;false;mountain;1
149;211;195;88;land;false;forest;1
150;194;43;249;land;false;hills;1
151;230;251;123;land;false;hills;1
152;178;145;243;land;false;plains;1
153;113;245;125;land;false;forest;1
154;84;142;222;land;false;plains;1
155;206;66;153;land;false;plains;1
156;198;212;253;land;false;forest;1
157;116;251;135;land;false;plains;1
158;127;236;200;land;false;forest;1
159;211;203;51;land;true;forest;1
160;151;241;253;land;false;hills;1
161;240;142;184;land;true;forest;1
162;249;251;255;land;false;desert;1
163;71;94;232;land;false;desert;1
164;147;241;138;land;false;hills;1
165;247;255;235;land;false;plains;1
166;255;239;247;land;false;plains;1
167;244;252;255;land;false;desert;1
168;250;164;232;land;false;marsh;1
169;184;228;72;land;false;forest;1
170;252;226;179;land;false;desert;1
171;223;254;232;land;false;mountain;1
172;234;175;248;land;false;forest;1
173;158;174;253;land;false;hills;1
174;254;194;179;land;false;forest;1
175;191;247;155;land;false;forest;1
176;224;238;254;land;true;plains;1
177;196;240;122;land;false;forest;1
178;241;53;224;land;false;plains;1
179;205;174;250;land;false;mountain;1
180;219;242;254;land;true;forest;1
181;129;145;248;land;false;forest;1
182;241;211;255;land;false;forest;1
183;42;222;203;land;false;desert;1
184;248;246;255;land;false;hills;1
185;233;42;208;land;false;mountain;1
186;204;242;254;land;true;forest;1
187;251;192;168;land;false;plains;1
188;221;254;240;land;false;desert;1
189;255;224;243;land;false;plains;1
190;221;244;86;land;false;plains;1
191;246;69;93;land;false;plains;1
192;49;225;136;land;false;hills;1
193;255;240;241;land;true;forest;1
194;247;252;117;land;false;plains;1
195;254;227;222;land;true;forest;1
196;144;218;246;land;true;plains;1
197;196;254;200;land;false;plains;1
198;140;229;94;land;false;desert;1
199;255;73;113;land;false;hills;1
200;77;232;149;land;false;hills;1
201;152;243;221;land;false;mountain;1
202;171;236;249;land;false;forest;1
203;239;90;253;land;false;hills;1
204;67;181;226;land;true;plains;1
205;73;156;215;land;false;forest;1
206;255;250;250;land;false;marsh;1
207;253;161;249;land;false;forest;1
208;133;91;243;land;true;marsh;1
209;255;239;243;land;false;plains;1
210;152;23;244;land;false;plains;1
211;223;251;176;land;false;marsh;1
212;146;179;247;land;true;forest;1
213;181;200;252;land;false;plains;1
214;241;83;84;land;false;desert;1
215;197;254;236;land;false;plains;1
216;190;54;238;land;true;forest;1
217;212;250;168;land;false;plains;1
218;108;227;52;land;true;forest;1
219;219;255;213;land;false;forest;1
220;252;240;255;land;false;plains;1
221;201;108;233;land;false;forest;1
222;224;187;254;land;false;forest;1
223;251;210;195;land;false;plains;1
224;250;255;216;land;false;hills;1
225;56;217;192;land;true;plains;1
226;94;206;244;land;false;plains;1
227;228;219;72;land;false;forest;1
228;159;98;238;land;true;urban;1
229;253;220;195;land;true;plains;1
230;245;169;252;land;false;hills;1
231;76;149;222;land;false;plains;1
232;255;248;196;land;false;hills;1
233;228;228;255;land;false;desert;1
234;180;249;156;land;false;forest;1
235;205;233;254;land;false;plains;1
236;209;222;45;land;false;forest;1
237;242;228;254;land;false;desert;1
238;143;144;245;land;false;hills;1
239;246;249;255;land;false;plains;1
240;148;63;217;land;false;forest;1
241;252;179;197;land;false;plains;1
242;190;252;192;land;false;hills;1
243;210;64;166;land;false;hills;1
244;245;70;111;land;false;hills;1
245;66;55;207;land;true;forest;1
246;216;254;246;land;false;forest;1
247;253;234;194;land;false;desert;1
248;126;232;58;land;true;forest;1
249;233;240;255;land;false;forest;1
250;253;183;137;land;false;forest;1
251;247;213;255;land;false;plains;1
252;110;230;37;land;false;hills;1
253;228;249;255;land;false;plains;1
254;69;182;249;land;false;plains;1
255;146;239;115;land;false;forest;1
256;204;157;68;land;false;desert;1
257;234;172;117;land;false;plains;1
258;73;239;171;land;false;desert;1
259;221;197;95;land;false;forest;1
260;239;164;42;land;false;plains;1
261;248;124;105;land;true;forest;1
262;137;176;246;land;false;forest;1
263;212;206;81;land;false;plains;1
264;49;250;143;land;false;forest;1
265;189;222;83;land;false;desert;1
266;234;59;234;land;false;hills;1
267;254;217;211;land;false;forest;1
268;227;254;210;land;false;plains;1
269;197;151;254;land;false;hills;1
270;217;79;84;land;true;forest;1
271;255;250;249;land;true;forest;1
272;186;245;151;land;true;plains;1
273;235;73;86;land;true;forest;1
274;215;250;172;land;false;plains;1
275;75;128;212;land;true;plains;1
276;162;225;248;land;false;desert;1
277;253;101;103;land;false;hills;1
278;223;57;98;land;false;forest;1
279;252;201;201;land;false;forest;1
280;226;228;255;land;false;forest;1
281;95;185;240;land;false;plains;1
282;89;178;246;land;false;forest;1
283;255;250;255;land;false;plains;1
284;35;226;161;land;false;forest;1
285;174;185;253;land;false;forest;1
286;242;91;64;land;false;forest;1
287;111;232;123;land;false;plains;1
288;240;251;142;land;false;forest;1
289;156;228;251;land;true;forest;1
290;102;223;184;land;false;plains;1
291;111;165;250;land;false;marsh;1
292;177;252;197;land;false;hills;1
293;122;172;239;land;false;hills;1
294;174;252;196;land;true;marsh;1
295;255;222;225;land;false;forest;1
296;254;230;220;land;false;plains;1
297;18;42;253;land;false;plains;1
298;228;42;119;land;true;plains;1
299;205;68;247;land;false;plains;1
300;244;223;254;land;false;forest;1
301;97;18;249;land;false;hills;1
302;223;238;255;land;false;forest;1
303;215;232;111;land;false;plains;1
304;251;121;182;land;false;hills;1
305;75;212;192;land;true;forest;1
306;44;166;232;land;false;plains;1
307;40;223;158;land;true;forest;1
308;250;77;63;land;false;mountain;1
309;229;37;145;land;false;forest;1
310;64;209;177;land;false;plains;1
311;40;216;158;land;false;plains;1
312;34;104;254;land;false;marsh;1
313;255;251;209;land;false;hills;1
314;253;160;109;land;false;forest;1
315;79;201;245;land;false;plains;1
316;165;214;251;land;false;plains;1
317;253;229;181;land;false;hills;1
318;222;96;72;land;false;forest;1
319;158;149;246;land;false;hills;1
320;235;33;56;land;false;plains;1
321;200;147;250;land;true;forest;1
322;252;161;229;land;false;plains;1
323;208;207;254;land;true;plains;1
324;185;251;194;land;false;forest;1
325;227;210;255;land;false;desert;1
326;230;253;134;land;false;forest;1
327;146;121;255;land;false;hills;1
328;204;254;248;land;false;desert;1
329;249;30;73;land;false;forest;1
330;64;243;124;land;false;plains;1
331;248;209;59;land;false;forest;1
332;240;255;230;land;true;forest;1
333;190;251;229;land;false;forest;1
334;202;254;97;land;false;forest;1
335;140;122;245;land;true;forest;1
336;179;254;144;land;false;plains;1
337;173;106;246;land;false;plains;1
338;163;253;131;land;false;plains;1
339;138;63;239;land;false;hills;1
340;210;146;49;land;false;hills;1
341;104;237;65;land;false;hills;1
342;232;111;171;land;false;plains;1
343;173;250;184;land;false;mountain;1
344;245;241;149;land;false;forest;1
345;249;206;27;land;false;plains;1
346;203;169;53;land;true;forest;1
347;218;254;226;land;false;plains;1
348;207;255;226;land;false;forest;1
349;218;99;251;land;false;forest;1
350;236;176;103;land;false;hills;1
351;168;123;242;land;false;desert;1
352;123;253;185;land;false;plains;1
353;252;161;234;land;true;forest;1
354;137;219;254;land;false;plains;1
355;216;218;254;land;false;plains;1
356;247;246;255;land;false;forest;1
357;173;186;253;land;false;hills;1
358;96;73;225;land;true;marsh;1
359;143;252;36;land;false;desert;1
360;124;233;129;land;false;plains;1
361;199;83;238;land;true;plains;1
362;253;205;245;land;false;desert;1
363;51;228;212;land;false;forest;1
364;157;245;36;land;false;plains;1
365;255;254;244;land;false;forest;1
366;159;67;200;land;true;plains;1
367;61;117;222;land;false;forest;1
368;255;239;239;land;true;plains;1
369;131;199;238;land;false;plains;1
370;246;204;79;land;true;forest;1
371;199;70;95;land;false;plains;1
372;100;198;251;land;false;mountain;1
373;234;236;255;land;false;desert;1
374;74;255;151;land;false;desert;1
375;121;252;224;land;false;forest;1
376;164;175;248;land;false;forest;1
377;242;250;152;land;false;forest;1
378;77;233;76;land;true;forest;1
379;128;249;228;land;true;forest;1
380;122;245;158;land;false;hills;1
381;108;235;87;land;false;forest;1
382;255;243;203;land;true;forest;1
383;238;254;224;land;true;plains;1
384;230;41;133;land;false;hills;1
385;255;252;239;land;true;plains;1
386;255;245;227;land;false;hills;1
387;242;123;248;land;false;hills;1
388;155;249;174;land;false;plains;1
389;132;179;242;land;false;plains;1
390;242;254;184;land;false;plains;1
391;122;34;251;land;false;desert;1
392;228;120;240;land;false;forest;1
393;232;83;132;land;false;plains;1
394;240;66;214;land;false;desert;1
395;222;196;251;land;false;plains;1
396;255;245;225;land;false;desert;1
397;233;38;38;land;false;forest;1
398;221;40;67;land;false;forest;1
399;198;255;118;land;false;forest;1
400;246;162;207;land;false;marsh;1
401;254;237;204;land;false;plains;1
402;205;240;133;land;false;plains;1
403;255;239;229;land;true;forest;1
404;160;250;175;land;false;desert;1
405;64;177;209;land;false;forest;1
406;233;252;161;land;false;forest;1
407;207;226;254;land;false;desert;1
408;43;225;244;land;false;plains;1
409;212;253;211;land;false;forest;1
410;221;122;75;land;false;hills;1
411;249;163;141;land;false;hills;1
412;254;224;204;land;false;desert;1
413;218;192;254;land;true;plains;1
414;252;175;176;land;false;forest;1
415;160;216;252;land;false;plains;1
416;223;254;225;land;false;mountain;1
417;255;242;255;land;true;plains;1
418;254;202;178;land;false;forest;1
419;131;194;253;land;true;plains;1
420;251;133;222;land;false;forest;1
421;177;222;251;land;false;desert;1
422;122;89;247;land;false;forest;1
423;87;249;121;land;true;forest;1
424;239;217;84;land;false;plains;1
425;253;136;234;land;false;plains;1
426;213;113;88;land;false;plains;1
427;163;230;103;land;false;plains;1
428;146;249;205;land;false;forest;1
429;164;243;156;land;false;forest;1
430;223;38;43;land;false;hills;1
431;252;255;229;land;false;plains;1
432;97;214;235;land;false;desert;1
433;254;255;250;land;false;desert;1
434;195;182;255;land;false;plains;1
435;208;253;198;land;false;forest;1
436;58;123;208;land;false;marsh;1
437;104;77;226;land;true;plains;1
438;161;252;15;land;false;forest;1
439;255;240;233;land;false;hills;1
440;221;100;158;land;false;forest;1
441;28;209;252;land;false;mountain;1
442;238;64;127;land;true;plains;1
443;255;230;249;land;false;desert;1
444;189;133;244;land;false;hills;1
445;126;218;242;land;false;plains;1
446;237;232;133;land;false;hills;1
447;247;194;82;land;false;forest;1
448;254;196;237;land;false;marsh;1
449;244;129;162;land;false;hills;1
450;69;207;239;land;false;plains;1
451;237;135;177;land;true;plains;1
452;71;210;57;land;false;forest;1
453;72;236;112;land;true;forest;1
454;137;212;241;land;false;forest;1
455;95;118;234;land;false;plains;1
456;216;129;250;land;false;plains;1
457;246;25;117;land;false;plains;1
458;200;196;252;land;false;desert;1
459;75;206;125;land;false;mountain;1
460;253;199;252;land;false;plains;1
461;251;255;240;land;false;forest;1
462;208;214;254;land;false;desert;1
463;190;252;204;land;false;plains;1
464;40;252;187;land;false;urban;1
465;124;138;233;land;false;plains;1
466;72;211;173;land;false;plains;1
467;253;156;153;land;false;plains;1
468;233;126;48;land;false;hills;1
469;240;255;236;land;false;hills;1
470;249;139;226;land;false;forest;1
471;94;44;254;land;false;hills;1
472;234;115;168;land;false;forest;1
473;245;255;197;land;false;desert;1
474;13;251;100;land;true;marsh;1
475;254;154;216;land;false;plains;1
476;138;243;155;land;false;plains;1
477;226;143;100;land;true;marsh;1
478;252;144;208;land;false;forest;1
479;206;152;253;land;false;forest;1
480;206;240;254;land;false;plains;1
481;207;70;177;land;false;forest;1
482;255;221;251;land;false;forest;1
483;254;141;194;land;false;forest;1
484;153;127;248;land;false;plains;1
485;234;99;91;land;false;plains;1
486;191;254;233;land;false;forest;1
487;153;131;253;land;false;forest;1
488;246;183;156;land;true;plains;1
489;142;180;246;land;true;marsh;1
490;236;250;182;land;false;forest;1
491;229;161;255;land;false;forest;1
492;236;125;129;land;true;forest;1
493;233;205;53;land;false;plains;1
494;255;248;249;land;false;mountain;1
495;196;254;182;land;true;marsh;1
496;199;72;132;land;false;forest;1
497;79;54;218;land;false;plains;1
498;249;254;211;land;false;forest;1
499;229;33;121;land;true;forest;1
500;214;97;225;land;false;desert;1
501;180;213;250;land;false;plains;1
502;250;162;217;land;false;plains;1
503;98;236;241;land;true;forest;1
504;248;153;174;land;false;forest;1
505;126;171;249;land;false;forest;1
506;245;197;119;land;false;plains;1
507;51;241;225;land;false;plains;1
508;200;254;210;land;false;desert;1
509;213;163;248;land;false;forest;1
510;112;212;227;land;false;plains;1
511;192;78;211;land;false;forest;1
512;251;219;194;land;false;marsh;1
513;47;233;151;land;false;plains;1
514;243;244;255;land;true;forest;1
515;141;248;66;land;false;plains;1
516;245;225;154;land;false;forest;1
517;223;198;106;land;false;marsh;1
518;61;63;212;land;true;forest;1
519;236;255;251;land;false;plains;1
520;252;236;193;land;false;plains;1
521;250;152;207;land;false;hills;1
522;70;197;249;land;false;forest;1
523;253;22;21;land;false;forest;1
524;227;252;183;land;true;urban;1
525;199;254;249;land;false;forest;1
526;171;161;247;land;false;hills;1
527;133;247;106;land;false;forest;1
528;211;235;253;land;true;forest;1
529;234;144;243;land;false;mountain;1
530;236;103;130;land;false;plains;1
531;99;78;223;land;true;marsh;1
532;171;174;247;land;false;forest;1
533;252;222;255;land;false;plains;1
534;135;250;208;land;false;hills;1
535;108;244;244;land;true;marsh;1
536;249;254;216;land;false;desert;1
537;198;255;227;land;false;plains;1
538;201;138;245;land;false;desert;1
539;237;64;237;land;false;desert;1
540;185;252;201;land;false;urban;1
541;239;250;188;land;false;plains;1
542;220;232;102;land;false;plains;1
543;50;148;212;land;true;forest;1
544;247;118;156;land;false;forest;1
545;154;252;163;land;false;forest;1
546;250;132;194;land;true;forest;1
547;187;235;117;land;false;forest;1
548;245;184;43;land;false;forest;1
549;49;134;251;land;false;plains;1
550;252;170;250;land;false;forest;1
551;111;214;237;land;false;forest;1
552;90;112;253;land;true;forest;1
553;249;255;254;land;false;hills;1
554;96;222;127;land;false;plains;1
555;195;222;252;land;false;mountain;1
556;198;210;253;land;false;forest;1
557;133;202;254;land;false;plains;1
558;106;181;225;land;false;plains;1
559;24;249;191;land;false;plains;1
560;195;238;125;land;false;hills;1
561;249;65;134;land;false;plains;1
562;163;164;250;land;true;plains;1
563;226;254;241;land;true;forest;1
564;184;251;226;land;false;plains;1
565;195;254;227;land;false;desert;1
566;246;163;219;land;false;forest;1
567;249;141;162;land;false;plains;1
568;172;233;251;land;false;hills;1
569;230;89;249;land;false;forest;1
570;253;209;231;land;true;forest;1
571;114;251;200;land;false;hills;1
572;133;233;113;land;false;forest;1
573;248;238;132;land;false;plains;1
574;138;248;195;land;false;plains;1
575;35;247;154;land;false;hills;1
576;255;224;236;land;true;plains;1
577;70;234;55;land;false;forest;1
578;253;242;255;land;false;forest;1
579;248;71;160;land;false;hills;1
580;106;242;207;land;false;plains;1
581;72;81;203;land;false;forest;1
582;68;254;104;land;false;plains;1
583;128;252;93;land;false;forest;1
584;191;159;252;land;false;plains;1
585;255;248;245;land;false;mountain;1
586;236;88;133;land;false;mountain;1
587;243;254;164;land;false;plains;1
588;249;55;38;land;false;plains;1
589;211;254;239;land;false;desert;1
590;143;154;245;land;false;desert;1
591;88;217;176;land;false;plains;1
592;205;255;208;land;true;forest;1
593;255;242;253;land;false;plains;1
594;250;50;109;land;false;forest;1
595;175;230;250;land;true;marsh;1
596;245;148;237;land;false;forest;1
597;158;247;135;land;false;desert;1
598;236;179;72;land;false;hills;1
599;86;234;232;land;false;plains;1
600;166;79;241;land;false;forest;1
601;239;197;137;land;false;plains;1
602;241;239;98;land;false;forest;1
603;142;226;247;land;false;forest;1
604;144;247;251;land;false;plains;1
605;239;63;204;land;false;forest;1
606;62;128;245;land;false;forest;1
607;252;254;226;land;false;forest;1
608;183;216;255;land;false;hills;1
609;254;248;212;land;true;forest;1
610;223;254;246;land;false;forest;1
611;192;251;217;land;false;plains;1
612;96;245;165;land;true;plains;1
613;238;105;109;land;false;plains;1
614;244;161;100;land;false;plains;1
615;212;228;109;land;true;forest;1
616;75;188;224;land;false;forest;1
617;220;237;255;land;false;forest;1
618;89;92;226;land;false;forest;1
619;227;255;239;land;false;plains;1
620;114;235;196;land;false;hills;1
621;87;179;253;land;true;forest;1
622;230;28;80;land;false;plains;1
623;211;210;253;land;false;forest;1
624;250;228;179;land;true;forest;1
625;232;69;147;land;false;forest;1
626;243;143;53;land;false;forest;1
627;254;219;213;land;true;forest;1
628;252;200;243;land;true;forest;1
629;88;165;249;land;false;plains;1
630;108;48;219;land;false;forest;1
631;252;159;226;land;true;plains;1
632;87;188;242;land;false;plains;1
633;18;238;24;land;false;forest;1
634;68;151;247;land;true;plains;1
635;128;150;245;land;false;hills;1
636;252;139;251;land;true;urban;1
637;244;253;255;land;true;forest;1
638;242;224;99;land;true;forest;1
639;255;237;246;land;false;plains;1
640;206;251;103;land;false;plains;1
641;247;255;240;land;false;plains;1
642;254;246;214;land;false;plains;1
643;227;190;255;land;false;forest;1
644;255;250;204;land;false;plains;1
645;255;243;234;land;false;mountain;1
646;166;242;106;land;false;plains;1
647;46;241;191;land;false;plains;1
648;229;241;125;land;false;forest;1
649;247;60;230;land;false;plains;1
650;182;254;178;land;false;desert;1
651;221;235;255;land;false;plains;1
652;232;162;93;land;false;desert;1
653;49;56;251;land;false;forest;1
654;137;184;237;land;false;forest;1
655;253;251;164;land;false;plains;1
656;253;230;255;land;false;forest;1
657;254;131;152;land;false;desert;1
658;241;103;224;land;false;mountain;1
659;222;254;229;land;false;forest;1
660;178;229;252;land;false;forest;1
661;255;236;245;land;false;forest;1
662;253;255;238;land;true;forest;1
663;203;252;198;land;false;hills;1
664;166;251;140;land;true;forest;1
665;254;185;77;land;false;forest;1
666;178;217;254;land;false;desert;1
667;216;244;23;land;false;desert;1
668;228;255;246;land;false;forest;1
669;252;209;139;land;false;plains;1
670;225;255;234;land;false;forest;1
671;80;255;38;land;false;plains;1
672;216;44;149;land;false;forest;1
673;214;255;238;land;false;forest;1
674;163;240;124;land;false;forest;1
675;233;247;44;land;false;plains;1
676;235;255;253;land;false;plains;1
677;176;119;255;land;false;forest;1
678;65;176;197;land;false;plains;1
679;206;190;73;land;false;forest;1
680;254;222;254;land;false;hills;1
681;222;255;241;land;false;hills;1
682;135;133;246;land;true;marsh;1
683;239;173;136;land;false;hills;1
684;248;203;87;land;false;forest;1
685;253;156;119;land;false;forest;1
686;220;95;170;land;false;plains;1
687;204;255;216;land;false;forest;1
688;155;143;246;land;true;marsh;1
689;212;255;247;land;false;forest;1
690;247;228;128;land;false;forest;1
691;248;232;126;land;false;forest;1
692;228;239;255;land;false;forest;1
693;196;252;151;land;true;plains;1
694;74;93;253;land;false;plains;1
695;252;210;255;land;true;forest;1
696;231;213;255;land;false;plains;1
697;246;245;255;land;false;hills;1
698;240;188;139;land;false;hills;1
699;120;206;230;land;false;mountain;1
700;247;154;219;land;false;marsh;1
701;156;143;250;land;true;marsh;1
702;238;56;122;land;false;plains;1
703;197;60;118;land;false;plains;1
704;241;38;198;land;false;plains;1
705;221;223;255;land;false;hills;1
706;142;224;254;land;false;forest;1
707;255;247;242;land;false;plains;1
708;220;246;166;land;false;mountain;1
709;244;73;154;land;false;forest;1
710;160;246;189;land;false;hills;1
711;252;234;155;land;false;plains;1
712;58;62;207;land;false;plains;1
713;183;239;99;land;false;plains;1
714;20;150;244;land;false;forest;1
715;254;213;193;land;false;forest;1
716;147;203;252;land;false;plains;1
717;164;236;81;land;false;plains;1
718;43;224;158;land;false;plains;1
719;171;246;253;land;false;plains;1
720;241;239;255;land;false;plains;1
721;254;202;232;land;true;forest;1
722;239;255;255;land;true;forest;1
723;226;63;113;land;false;forest;1
724;246;195;158;land;false;forest;1
725;245;255;242;land;false;desert;1
726;246;79;84;land;false;forest;1
727;255;211;203;land;false;plains;1
728;203;253;235;land;false;desert;1
729;137;246;65;land;true;forest;1
730;126;251;202;land;false;forest;1
731;209;80;205;land;true;forest;1
732;194;203;254;land;false;plains;1
733;248;152;194;land;false;plains;1
734;251;255;214;land;false;hills;1
735;207;161;250;land;false;desert;1
736;199;252;148;land;false;forest;1
737;138;250;250;land;true;forest;1
738;222;208;254;land;true;desert;1
739;237;227;255;land;true;plains;1
740;78;100;236;land;true;plains;1
741;60;253;226;land;false;forest;1
742;157;254;216;land;false;forest;1
743;243;251;255;land;false;plains;1
744;166;253;236;land;true;forest;1
745;136;87;236;land;false;desert;1
746;217;38;125;land;false;plains;1
747;71;254;8;land;false;desert;1
748;228;230;40;land;true;forest;1
749;159;37;232;land;false;desert;1
750;61;232;243;land;false;plains;1
751;254;217;246;land;false;plains;1
752;254;219;86;land;true;forest;1
753;203;236;52;land;false;forest;1
754;112;184;245;land;false;forest;1
755;251;215;178;land;false;plains;1
756;206;157;74;land;false;forest;1
757;124;253;208;land;false;plains;1
758;248;219;130;land;false;plains;1
759;164;86;249;land;false;urban;1
760;92;233;232;land;true;plains;1
761;118;56;205;land;false;forest;1
762;240;243;107;land;false;plains;1
763;155;249;173;land;false;forest;1
764;13;252;240;land;false;forest;1
765;46;241;118;land;false;plains;1
766;248;51;139;land;false;mountain;1
767;232;131;105;land;false;marsh;1
768;241;241;137;land;false;hills;1
769;239;103;220;land;false;forest;1
770;230;64;132;land;false;hills;1
771;255;236;233;land;true;marsh;1
772;245;150;237;land;false;plains;1
773;91;247;149;land;false;forest;1
774;249;252;139;land;false;plains;1
775;198;152;250;land;false;forest;1
776;220;253;211;land;false;plains;1
777;252;6;94;land;false;forest;1
778;71;243;68;land;false;plains;1
779;230;172;254;land;true;forest;1
780;223;71;255;land;false;plains;1
781;178;243;248;land;false;plains;1
782;116;251;220;land;false;forest;1
783;64;165;234;land;false;hills;1
784;220;253;208;land;false;forest;1
785;254;127;162;land;false;hills;1
786;230;245;81;land;false;forest;1
787;236;193;253;land;false;hills;1
788;207;138;250;land;false;plains;1
789;242;171;65;land;false;plains;1
790;246;255;227;land;false;desert;1
791;96;97;253;land;false;hills;1
792;213;226;45;land;false;forest;1
793;133;160;236;land;false;plains;1
794;249;193;176;land;false;forest;1
795;172;202;70;land;false;plains;1
796;242;122;69;land;false;forest;1
797;215;193;254;land;false;desert;1
798;185;202;70;land;false;forest;1
799;202;163;250;land;false;forest;1
800;59;240;138;land;false;plains;1
801;242;127;167;land;false;plains;1
802;197;237;114;land;false;hills;1
803;135;241;110;land;false;forest;1
804;252;184;232;land;false;hills;1
805;199;251;187;land;false;forest;1
806;255;209;234;land;false;plains;1
807;223;148;251;land;true;forest;1
808;174;255;110;land;false;forest;1
809;240;183;138;land;false;forest;1
810;217;80;85;land;false;forest;1
811;230;59;163;land;false;forest;1
812;131;255;166;land;false;plains;1
813;253;184;243;land;false;forest;1
814;215;107;231;land;false;plains;1
815;223;255;224;land;false;hills;1
816;177;85;214;land;false;forest;1
817;172;230;70;land;false;forest;1
818;119;245;128;land;false;plains;1
819;239;136;229;land;false;mountain;1
820;124;235;29;land;false;plains;1
821;237;43;103;land;false;forest;1
822;226;119;69;land;false;plains;1
823;198;216;254;land;false;forest;1
824;235;240;255;land;false;plains;1
825;255;111;142;land;false;hills;1
826;191;251;218;land;false;plains;1
827;177;146;254;land;false;forest;1
828;40;249;88;land;false;forest;1
829;249;34;158;land;false;marsh;1
830;252;158;221;land;true;plains;1
831;247;127;169;land;false;forest;1
832;135;183;249;land;false;plains;1
833;135;197;251;land;false;plains;1
834;245;254;157;land;false;plains;1
835;252;114;163;land;true;forest;1
836;38;229;136;land;false;urban;1
837;246;243;19;land;false;plains;1
838;95;227;162;land;false;desert;1
839;249;141;137;land;false;marsh;1
840;241;253;196;land;false;forest;1
841;253;242;204;land;false;forest;1
842;116;252;181;land;false;hills;1
843;245;255;248;land;false;plains;1
844;73;28;240;land;false;forest;1
845;60;217;250;land;false;forest;1
846;249;255;250;land;false;forest;1
847;252;139;56;land;false;hills;1
848;225;195;255;land;false;plains;1
849;181;251;232;land;false;forest;1
850;228;58;126;land;false;plains;1
851;172;96;238;land;false;forest;1
852;214;219;254;land;false;forest;1
853;153;243;251;land;false;plains;1
854;244;51;210;land;false;plains;1
855;244;253;178;land;false;hills;1
856;178;249;197;land;true;plains;1
857;244;73;225;land;true;marsh;1
858;242;145;208;land;false;forest;1
859;184;78;217;land;false;plains;1
860;164;143;250;land;false;desert;1
861;51;242;108;land;true;forest;1
862;87;117;255;land;true;forest;1
863;141;236;248;land;false;plains;1
864;227;154;106;land;true;plains;1
865;163;84;237;land;false;hills;1
866;224;220;78;land;false;desert;1
867;110;216;76;land;false;plains;1
868;239;93;182;land;true;plains;1
869;250;189;172;land;false;plains;1
870;222;104;174;land;false;forest;1
871;236;151;115;land;false;plains;1
872;253;245;135;land;false;hills;1
873;123;231;161;land;false;forest;1
874;244;231;104;land;false;plains;1
875;81;132;210;land;false;plains;1
876;251;255;252;land;false;hills;1
877;93;251;255;land;false;hills;1
878;140;152;249;land;true;forest;1
879;42;223;231;land;false;hills;1
880;133;244;202;land;false;plains;1
881;35;225;91;land;false;forest;1
882;223;187;91;land;false;forest;1
883;253;192;117;land;false;forest;1
884;249;180;254;land;true;plains;1
885;30;183;230;land;false;plains;1
886;84;249;177;land;true;plains;1
887;254;203;126;land;false;forest;1
888;123;240;226;land;false;plains;1
889;102;205;240;land;false;hills;1
890;79;231;156;land;false;forest;1
891;127;167;240;land;false;plains;1
892;254;219;220;land;false;plains;1
893;237;84;114;land;true;forest;1
894;125;250;113;land;false;forest;1
895;216;143;72;land;false;forest;1
896;246;255;233;land;false;plains;1
897;159;59;228;land;false;forest;1
898;156;253;113;land;true;urban;1
899;124;251;242;land;false;plains;1
900;229;255;230;land;false;hills;1
901;243;151;127;land;false;forest;1
902;210;60;163;land;false;hills;1
903;252;178;148;land;false;forest;1
904;127;54;240;land;false;forest;1
905;139;116;230;land;false;plains;1
906;238;66;223;land;false;plains;1
907;134;246;164;land;false;desert;1
908;159;69;237;land;false;hills;1
909;177;218;94;land;false;hills;1
910;229;210;115;land;false;desert;1
911;195;251;248;land;false;desert;1
912;87;214;71;land;false;urban;1
913;99;254;215;land;false;forest;1
914;255;255;252;land;false;plains;1
915;243;255;239;land;false;forest;1
916;232;200;110;land;false;hills;1
917;209;255;227;land;false;plains;1
918;211;173;59;land;false;plains;1
919;243;255;217;land;false;forest;1
920;181;251;187;land;false;hills;1
921;162;253;213;land;false;mountain;1
922;42;167;251;land;false;plains;1
923;36;252;197;land;false;forest;1
924;125;202;56;land;false;plains;1
925;222;40;176;land;false;urban;1
926;98;253;118;land;false;desert;1
927;249;128;135;land;false;forest;1
928;237;69;123;land;false;forest;1
929;128;139;252;land;true;plains;1
930;186;195;250;land;false;plains;1
931;213;100;221;land;false;plains;1
932;203;198;252;land;false;desert;1
933;107;239;95;land;true;forest;1
934;247;218;254;land;false;forest;1
935;132;242;142;land;false;plains;1
936;254;209;229;land;true;plains;1
937;198;149;251;land;false;forest;1
938;178;169;251;land;false;plains;1
939;153;223;251;land;false;plains;1
940;175;219;72;land;false;plains;1
941;115;160;246;land;false;forest;1
942;243;31;74;land;false;forest;1
943;227;94;107;land;false;plains;1
944;202;140;248;land;false;mountain;1
945;110;54;237;land;false;desert;1
946;157;110;225;land;false;marsh;1
947;201;244;255;land;false;marsh;1
948;57;250;106;land;false;plains;1
949;174;146;247;land;false;forest;1
950;40;249;123;land;false;plains;1
951;210;253;167;land;true;forest;1
952;106;209;73;land;false;forest;1
953;254;238;221;land;false;plains;1
954;110;57;228;land;false;forest;1
955;67;108;233;land;false;forest;1
956;67;215;254;land;false;desert;1
957;96;156;249;land;false;urban;1
958;253;189;192;land;false;plains;1
959;225;67;243;land;false;forest;1
960;195;251;186;land;false;forest;1
961;215;182;44;land;false;forest;1
962;240;255;229;land;false;forest;1
963;78;91;223;land;false;plains;1
964;255;149;201;land;false;hills;1
965;188;244;250;land;false;forest;1
966;104;222;166;land;false;forest;1
967;234;110;152;land;false;hills;1
968;140;141;245;land;false;plains;1
969;245;223;33;land;false;forest;1
970;240;143;120;land;false;hills;1
971;154;169;250;land;false;hills;1
972;254;183;206;land;false;desert;1
973;217;254;216;land;false;forest;1
974;166;227;88;land;false;hills;1
975;250;249;155;land;false;forest;1
976;52;250;172;land;true;forest;1
977;83;109;239;land;false;forest;1
978;242;100;106;land;false;plains;1
979;246;177;150;land;false;plains;1
980;223;252;192;land;false;hills;1
981;230;115;199;land;false;plains;1
982;252;188;204;land;false;forest;1
983;214;77;165;land;false;plains;1
984;203;153;75;land;true;forest;1
985;253;208;218;land;false;plains;1
986;214;173;254;land;false;plains;1
987;167;255;229;land;false;forest;1
988;238;215;255;land;true;forest;1
989;80;112;235;land;false;forest;1
990;231;235;255;land;false;plains;1
991;167;226;91;land;false;forest;1
992;226;255;250;land;true;forest;1
993;81;243;142;land;false;plains;1
994;253;205;226;land;false;plains;1
995;238;255;233;land;false;forest;1
996;117;242;153;land;false;hills;1
997;102;201;243;land;true;plains;1
998;199;253;191;land;false;plains;1
999;240;137;136;land;false;plains;1
1000;174;233;120;land;false;plains;1
1001;66;57;253;land;false;hills;1
1002;179;148;250;land;false;desert;1
1003;163;250;248;land;false;forest;1
1004;45;250;112;land;false;plains;1
1005;114;159;248;land;true;marsh;1
1006;171;252;133;land;false;plains;1
1007;255;222;199;land;true;plains;1
1008;243;208;64;land;false;forest;1
1009;242;167;143;land;false;plains;1
1010;35;91;240;land;false;plains;1
1011;153;253;178;land;false;hills;1
1012;242;93;61;land;false;plains;1
1013;243;141;133;land;false;forest;1
1014;30;146;239;land;true;marsh;1
1015;196;254;230;land;false;forest;1
1016;242;220;122;land;false;hills;1
1017;69;216;119;land;false;plains;1
1018;249;124;179;land;false;forest;1
1019;254;240;216;land;true;plains;1
1020;16;108;245;land;false;hills;1
1021;243;220;255;land;false;plains;1
1022;222;255;246;land;false;forest;1
1023;161;245;249;land;false;hills;1
1024;251;159;126;land;false;hills;1
1025;103;236;201;land;false;desert;1
1026;241;156;135;land;false;plains;1
1027;198;245;158;land;true;marsh;1
1028;255;237;241;land;false;forest;1
1029;253;215;209;land;true;forest;1
1030;177;70;219;land;false;forest;1
1031;234;191;39;land;false;plains;1
1032;146;141;244;land;true;marsh;1
1033;94;226;127;land;true;marsh;1
1034;166;204;69;land;true;forest;1
1035;146;248;251;land;false;plains;1
1036;251;67;38;land;false;forest;1
1037;69;228;70;land;false;forest;1
1038;146;249;87;land;false;forest;1
1039;236;255;245;land;false;plains;1
1040;247;133;157;land;false;hills;1
1041;169;146;249;land;true;urban;1
1042;219;162;252;land;false;forest;1
1043;244;255;254;land;false;desert;1
1044;57;175;204;land;false;urban;1
1045;80;248;13;land;false;marsh;1
1046;126;246;166;land;false;hills;1
1047;220;238;255;land;true;marsh;1
1048;247;31;141;land;false;forest;1
1049;85;212;222;land;false;forest;1
1050;199;168;251;land;false;marsh;1
1051;122;205;68;land;false;plains;1
1052;223;219;254;land;false;plains;1
1053;242;181;149;land;false;forest;1
1054;99;235;241;land;false;forest;1
1055;135;108;225;land;true;plains;1
1056;193;224;253;land;false;hills;1
1057;169;225;38;land;false;plains;1
1058;255;231;227;land;false;plains;1
1059;239;97;136;land;false;forest;1
1060;243;31;214;land;false;plains;1
1061;254;211;245;land;false;hills;1
1062;254;245;218;land;false;forest;1
1063;80;226;38;land;true;desert;1
1064;131;179;239;land;false;forest;1
1065;47;243;52;land;false;marsh;1
1066;149;110;237;land;false;desert;1
1067;254;198;93;land;true;forest;1
1068;252;118;250;land;true;forest;1
1069;180;215;87;land;false;plains;1
1070;110;231;64;land;false;forest;1
1071;32;228;221;land;false;forest;1
1072;242;27;19;land;false;plains;1
1073;156;242;247;land;false;forest;1
1074;41;19;243;land;false;desert;1
1075;236;169;83;land;false;forest;1
1076;161;156;246;land;false;forest;1
1077;105;234;81;land;false;forest;1
1078;254;205;202;land;false;hills;1
1079;237;191;252;land;true;plains;1
1080;251;184;160;land;true;forest;1
1081;105;244;238;land;false;plains;1
1082;217;208;253;land;false;marsh;1
1083;216;178;71;land;false;hills;1
1084;158;61;230;land;false;hills;1
1085;239;163;89;land;false;hills;1
1086;94;237;232;land;false;forest;1
1087;204;229;116;land;false;forest;1
1088;223;106;100;land;false;plains;1
1089;254;216;199;land;true;plains;1
1090;161;228;246;land;true;marsh;1
1091;254;251;205;land;false;desert;1
1092;254;255;253;land;false;plains;1
1093;193;253;216;land;false;forest;1
1094;244;224;21;land;false;forest;1
1095;223;254;235;land;false;forest;1
1096;97;217;41;land;false;desert;1
1097;254;255;252;land;false;hills;1
1098;108;248;175;land;false;plains;1
1099;109;232;125;land;false;plains;1
1100;250;17;75;land;false;desert;1
1101;132;241;239;land;false;forest;1
1102;255;243;254;land;false;plains;1
1103;146;193;254;land;true;forest;1
1104;217;253;119;land;false;plains;1
1105;252;79;60;land;false;mountain;1
1106;64;221;66;land;true;forest;1
1107;130;157;250;land;true;forest;1
1108;237;189;131;land;false;forest;1
1109;190;129;241;land;false;plains;1
1110;198;253;239;land;false;forest;1
1111;69;235;96;land;false;plains;1
1112;253;201;248;land;true;marsh;1
1113;255;238;235;land;false;desert;1
1114;253;196;255;land;false;hills;1
1115;118;192;231;land;false;hills;1
1116;251;181;207;land;false;desert;1
1117;61;236;235;land;false;forest;1
1118;104;248;171;land;false;forest;1
1119;159;112;238;land;false;forest;1
1120;232;253;48;land;false;plains;1
1121;136;173;240;land;false;forest;1
1122;227;157;253;land;false;forest;1
1123;220;254;228;land;false;hills;1
1124;235;122;155;land;false;forest;1
1125;181;251;173;land;false;forest;1
1126;209;74;241;land;false;forest;1
1127;253;69;150;land;false;plains;1
1128;139;217;39;land;true;marsh;1
1129;98;178;229;land;false;plains;1
1130;228;91;246;land;false;forest;1
1131;53;211;85;land;true;plains;1
1132;59;158;238;land;false;plains;1
1133;170;167;249;land;false;plains;1
1134;187;253;184;land;true;plains;1
1135;238;186;82;land;false;forest;1
1136;250;173;185;land;false;plains;1
1137;112;221;79;land;true;forest;1
1138;231;115;118;land;false;forest;1
1139;244;90;203;land;false;plains;1
1140;188;227;252;land;false;forest;1
1141;123;233;222;land;false;hills;1
1142;255;241;231;land;false;forest;1
1143;151;251;223;land;false;desert;1
1144;117;241;220;land;false;forest;1
1145;70;135;253;land;false;forest;1
1146;208;244;112;land;false;plains;1
1147;246;177;120;land;true;marsh;1
1148;152;210;65;land;false;plains;1
1149;167;231;250;land;false;marsh;1
1150;252;244;199;land;false;forest;1
1151;123;174;245;land;true;urban;1
1152;231;169;248;land;false;hills;1
1153;194;249;155;land;false;forest;1
1154;212;80;151;land;false;forest;1
1155;230;159;62;land;false;forest;1
1156;252;132;84;land;false;forest;1
1157;186;251;211;land;false;hills;1
1158;252;92;227;land;false;plains;1
1159;196;251;182;land;true;urban;1
1160;210;119;249;land;false;desert;1
1161;156;243;236;land;false;desert;1
1162;249;202;254;land;false;hills;1
1163;156;231;247;land;false;plains;1
1164;252;232;205;land;false;plains;1
1165;172;178;250;land;false;plains;1
1166;115;126;253;land;true;marsh;1
1167;74;251;22;land;false;plains;1
1168;215;65;132;land;false;forest;1
1169;105;230;217;land;false;hills;1
1170;87;219;122;land;false;plains;1
1171;97;120;241;land;false;plains;1
1172;251;190;214;land;false;plains;1
1173;156;244;251;land;false;forest;1
1174;190;235;253;land;true;forest;1
1175;211;221;254;land;false;forest;1
1176;195;255;228;land;false;plains;1
1177;165;233;252;land;false;forest;1
1178;246;202;132;land;false;mountain;1
1179;250;150;248;land;false;forest;1
1180;187;253;235;land;false;forest;1
1181;150;209;76;land;false;mountain;1
1182;223;34;144;land;false;desert;1
1183;234;136;113;land;false;forest;1
1184;50;60;218;land;false;hills;1
1185;61;224;186;land;false;plains;1
1186;171;193;252;land;true;forest;1
1187;134;253;121;land;false;forest;1
1188;254;222;215;land;false;forest;1
1189;47;151;223;land;false;plains;1
1190;221;47;59;land;false;forest;1
1191;254;209;212;land;false;hills;1
1192;233;97;218;land;false;forest;1
1193;238;18;226;land;false;forest;1
1194;254;216;237;land;false;mountain;1
1195;252;251;185;land;false;forest;1
1196;227;168;97;land;false;plains;1
1197;219;254;209;land;true;forest;1
1198;59;67;214;land;false;forest;1
1199;34;18;238;land;true;desert;1
1200;62;254;157;land;false;forest;1
1201;245;250;255;land;false;hills;1
1202;178;184;255;land;true;forest;1
1203;163;204;249;land;false;plains;1
1204;254;242;255;land;false;marsh;1
1205;111;246;202;land;false;forest;1
1206;248;94;53;land;false;forest;1
1207;241;143;168;land;false;plains;1
1208;213;205;253;land;false;forest;1
1209;255;231;238;land;false;desert;1
1210;111;152;237;land;false;forest;1
1211;16;240;138;land;false;hills;1
1212;220;173;64;land;false;forest;1
1213;120;243;190;land;false;forest;1
1214;248;255;242;land;false;hills;1
1215;255;243;248;land;false;plains;1
1216;206;254;227;land;false;forest;1
1217;104;228;235;land;false;urban;1
1218;179;181;255;land;false;forest;1
1219;255;240;247;land;false;plains;1
1220;174;161;251;land;false;urban;1
1221;89;248;210;land;false;plains;1
1222;227;163;245;land;false;plains;1
1223;186;249;164;land;false;plains;1
1224;253;254;169;land;false;plains;1
1225;33;196;238;land;false;plains;1
1226;245;13;50;land;false;forest;1
1227;209;242;254;land;false;plains;1
1228;174;247;195;land;false;forest;1
1229;41;189;252;land;false;forest;1
1230;182;253;238;land;false;forest;1
1231;67;252;66;land;false;hills;1
1232;52;223;108;land;false;forest;1
1233;242;138;199;land;true;plains;1
1234;178;211;253;land;true;plains;1
1235;247;210;146;land;false;plains;1
1236;142;138;253;land;true;forest;1
1237;241;227;255;land;false;plains;1
1238;57;236;22;land;false;forest;1
1239;87;242;236;land;false;plains;1
1240;221;254;255;land;false;plains;1
1241;146;254;84;land;false;forest;1
1242;217;254;242;land;false;plains;1
1243;254;238;217;land;false;plains;1
1244;168;253;137;land;false;forest;1
1245;234;249;132;land;false;plains;1
1246;230;51;151;land;false;hills;1
1247;117;233;120;land;false;forest;1
1248;245;252;255;land;false;mountain;1
1249;206;250;171;land;true;forest;1
1250;159;222;79;land;true;plains;1
1251;251;221;254;land;true;plains;1
1252;208;200;255;land;false;plains;1
1253;245;243;255;land;false;hills;1
1254;252;255;253;land;false;forest;1
1255;110;252;152;land;false;plains;1
1256;246;80;188;land;false;plains;1
1257;161;252;82;land;false;forest;1
1258;253;166;205;land;false;plains;1
1259;221;243;149;land;false;mountain;1
1260;246;244;255;land;true;plains;1
1261;253;255;246;land;false;marsh;1
1262;255;243;249;land;false;hills;1
1263;254;229;209;land;false;hills;1
1264;243;149;189;land;true;plains;1
1265;242;216;145;land;false;plains;1
1266;253;182;174;land;false;plains;1
1267;98;233;242;land;true;forest;1
1268;240;122;120;land;true;forest;1
1269;9;136;254;land;false;plains;1
1270;137;138;250;land;false;forest;1
1271;93;248;210;land;false;mountain;1
1272;106;126;231;land;false;plains;1
1273;224;83;63;land;true;forest;1
1274;254;217;200;land;false;forest;1
1275;104;139;223;land;false;plains;1
1276;255;212;226;land;false;hills;1
1277;214;134;255;land;true;plains;1
1278;253;119;241;land;false;forest;1
1279;243;254;189;land;false;forest;1
1280;255;255;254;land;false;forest;1
1281;172;235;253;land;false;plains;1
1282;242;205;252;land;false;forest;1
1283;239;47;30;land;false;forest;1
1284;212;192;254;land;false;forest;1
1285;255;235;247;land;false;forest;1
1286;248;180;163;land;false;plains;1
1287;224;187;45;land;false;forest;1
1288;229;35;28;land;false;plains;1
1289;241;180;107;land;false;plains;1
1290;241;231;255;land;false;mountain;1
1291;225;170;247;land;false;forest;1
1292;227;249;183;land;false;forest;1
1293;225;243;254;land;false;forest;1
1294;242;94;58;land;false;plains;1
1295;115;250;202;land;false;forest;1
1296;232;143;249;land;false;forest;1
1297;239;40;103;land;false;forest;1
1298;211;236;61;land;false;urban;1
1299;165;243;125;land;true;forest;1
1300;190;65;205;land;false;plains;1
1301;133;132;251;land;false;desert;1
1302;20;145;236;land;false;forest;1
1303;252;183;197;land;false;desert;1
1304;157;238;113;land;true;marsh;1
1305;109;246;146;land;false;forest;1
1306;166;73;234;land;false;forest;1
1307;255;246;250;land;false;forest;1
1308;153;189;248;land;false;plains;1
1309;252;182;207;land;false;hills;1
1310;247;151;217;land;false;plains;1
1311;119;239;48;land;false;forest;1
1312;243;255;247;land;true;plains;1
1313;222;254;243;land;true;forest;1
1314;85;237;130;land;false;forest;1
1315;55;74;233;land;false;hills;1
1316;190;235;130;land;false;forest;1
1317;178;237;137;land;false;forest;1
1318;254;231;171;land;false;forest;1
1319;225;254;212;land;true;forest;1
1320;212;227;93;land;false;forest;1
1321;91;58;202;land;false;hills;1
1322;207;255;248;land;false;hills;1
1323;115;66;194;land;true;forest;1
1324;79;248;251;land;true;urban;1
1325;254;236;121;land;false;plains;1
1326;250;255;242;land;false;mountain;1
1327;247;155;197;land;false;hills;1
1328;254;255;233;land;false;desert;1
1329;254;220;235;land;false;forest;1
1330;232;255;231;land;false;desert;1
1331;189;253;3;land;false;mountain;1
1332;230;255;235;land;false;plains;1
1333;194;221;255;land;false;marsh;1
1334;244;110;171;land;false;plains;1
1335;254;203;218;land;false;forest;1
1336;74;185;205;land;false;forest;1
1337;242;104;167;land;false;urban;1
1338;228;59;89;land;true;urban;1
1339;228;255;225;land;false;plains;1
1340;129;253;156;land;false;forest;1
1341;196;223;48;land;false;plains;1
1342;235;251;72;land;true;plains;1
1343;255;168;145;land;true;forest;1
1344;16;57;252;land;false;forest;1
1345;232;251;159;land;false;hills;1
1346;191;239;141;land;false;plains;1
1347;254;202;216;land;false;mountain;1
1348;255;234;210;land;false;forest;1
1349;151;233;120;land;false;plains;1
1350;235;143;248;land;false;hills;1
1351;239;40;33;land;false;desert;1
1352;226;108;206;land;false;mountain;1
1353;171;228;43;land;false;hills;1
1354;62;95;253;land;false;plains;1
1355;249;172;123;land;false;hills;1
1356;244;230;255;land;true;forest;1
1357;65;223;123;land;false;forest;1
1358;153;199;250;land;true;plains;1
1359;211;225;40;land;false;forest;1
1360;228;248;171;land;false;plains;1
1361;197;97;226;land;false;forest;1
1362;245;255;251;land;true;forest;1
1363;236;156;87;land;true;forest;1
1364;91;234;142;land;false;plains;1
1365;145;243;224;land;false;marsh;1
1366;164;141;241;land;false;plains;1
1367;157;249;193;land;false;forest;1
1368;248;210;143;land;false;plains;1
1369;249;62;80;land;true;forest;1
1370;239;155;116;land;false;plains;1
1371;208;164;253;land;false;hills;1
1372;144;73;236;land;false;plains;1
1373;188;108;234;land;false;forest;1
1374;192;252;23;land;false;plains;1
1375;247;155;151;land;false;plains;1
1376;225;89;49;land;false;forest;1
1377;219;46;170;land;false;hills;1
1378;239;255;237;land;false;forest;1
1379;73;188;249;land;false;forest;1
1380;211;238;253;land;false;plains;1
1381;200;254;74;land;false;plains;1
1382;247;255;249;land;false;forest;1
1383;62;247;252;land;false;forest;1
1384;70;137;255;land;false;plains;1
1385;248;255;237;land;false;plains;1
1386;114;252;45;land;false;hills;1
1387;41;238;78;land;true;plains;1
1388;132;130;239;land;false;plains;1
1389;237;252;255;land;false;forest;1
1390;138;191;253;land;true;plains;1
1391;112;253;219;land;false;forest;1
1392;222;248;254;land;false;forest;1
1393;238;255;249;land;false;plains;1
1394;148;206;251;land;false;forest;1
1395;255;206;247;land;true;forest;1
1396;200;254;170;land;true;forest;1
1397;182;252;230;land;false;desert;1
1398;167;241;82;land;false;plains;1
1399;230;86;92;land;false;marsh;1
1400;173;183;247;land;true;forest;1
1401;250;173;150;land;false;forest;1
1402;227;148;101;land;false;forest;1
1403;34;244;182;land;false;forest;1
1404;238;112;208;land;false;forest;1
1405;201;163;61;land;true;forest;1
1406;254;228;212;land;false;forest;1
1407;255;225;228;land;true;forest;1
1408;89;241;100;land;false;forest;1
1409;188;7;255;land;false;mountain;1
1410;248;150;225;land;true;plains;1
1411;242;186;113;land;false;marsh;1
1412;145;245;165;land;false;plains;1
1413;250;251;194;land;false;forest;1
1414;55;128;226;land;false;forest;1
1415;169;214;56;land;false;desert;1
1416;252;217;255;land;false;hills;1
1417;181;237;42;land;false;forest;1
1418;249;252;255;land;false;plains;1
1419;100;146;250;land;false;hills;1
1420;238;202;96;land;false;plains;1
1421;246;216;127;land;true;plains;1
1422;142;247;229;land;false;forest;1
1423;232;255;255;land;true;marsh;1
1424;245;45;195;land;false;plains;1
1425;253;255;252;land;true;forest;1
1426;198;250;186;land;false;forest;1
1427;251;255;255;land;false;forest;1
1428;253;254;255;land;false;forest;1
1429;206;254;215;land;false;mountain;1
1430;111;223;91;land;false;plains;1
1431;156;222;247;land;false;desert;1
1432;213;109;86;land;false;forest;1
1433;219;246;255;land;false;forest;1
1434;174;246;145;land;false;forest;1
1435;120;251;242;land;true;urban;1
1436;229;245;97;land;true;forest;1
1437;250;230;179;land;false;forest;1
1438;203;108;239;land;true;forest;1
1439;245;172;143;land;true;forest;1
1440;254;132;113;land;false;hills;1
1441;124;218;83;land;false;hills;1
1442;241;218;20;land;false;plains;1
1443;129;213;250;land;false;hills;1
1444;251;191;249;land;true;forest;1
1445;165;247;156;land;false;hills;1
1446;196;229;254;land;true;marsh;1
1447;233;255;237;land;false;forest;1
1448;139;244;150;land;true;plains;1
1449;245;106;238;land;false;mountain;1
1450;146;254;163;land;false;desert;1
1451;177;185;254;land;false;plains;1
1452;231;254;186;land;false;plains;1
1453;255;219;250;land;false;forest;1
1454;204;63;233;land;true;forest;1
1455;232;142;106;land;false;forest;1
1456;231;246;146;land;true;forest;1
1457;227;246;255;land;false;forest;1
1458;252;221;168;land;false;forest;1
1459;219;164;245;land;false;desert;1
1460;225;254;193;land;false;plains;1
1461;230;30;142;land;false;plains;1
1462;217;158;252;land;false;desert;1
1463;228;75;135;land;false;forest;1
1464;192;233;111;land;false;hills;1
1465;113;251;142;land;false;plains;1
1466;178;252;224;land;false;forest;1
1467;117;240;136;land;true;forest;1
1468;231;255;253;land;false;forest;1
1469;255;195;221;land;false;forest;1
1470;152;233;97;land;false;forest;1
1471;201;247;140;land;false;plains;1
1472;123;237;222;land;false;plains;1
1473;24;245;46;land;false;forest;1
1474;202;252;235;land;true;marsh;1
1475;254;190;241;land;false;desert;1
1476;210;207;255;land;false;forest;1
1477;230;238;255;land;false;plains;1
1478;250;190;188;land;false;forest;1
1479;255;225;235;land;false;plains;1
1480;88;143;241;land;false;forest;1
1481;44;230;31;land;true;forest;1
1482;163;249;228;land;false;hills;1
1483;226;28;237;land;false;hills;1
1484;217;229;255;land;false;plains;1
1485;243;240;19;land;false;hills;1
1486;112;254;97;land;false;forest;1
1487;251;165;237;land;false;forest;1
1488;206;254;175;land;false;plains;1
1489;252;198;204;land;false;forest;1
1490;247;247;255;land;false;forest;1
1491;152;253;159;land;false;forest;1
1492;254;77;209;land;false;plains;1
1493;254;245;211;land;false;forest;1
1494;40;134;221;land;false;forest;1
1495;174;204;250;land;false;forest;1
1496;45;222;101;land;true;marsh;1
1497;165;251;77;land;false;hills;1
1498;233;254;125;land;false;forest;1
1499;61;237;130;land;false;forest;1
1500;225;91;237;land;false;plains;1
1501;56;73;234;land;false;plains;1
1502;92;238;152;land;false;hills;1
1503;232;254;252;land;false;forest;1
1504;248;142;196;land;false;plains;1
1505;144;167;254;land;false;plains;1
1506;254;246;201;land;false;hills;1
1507;232;100;121;land;false;forest;1
1508;118;178;245;land;false;plains;1
1509;93;218;227;land;false;plains;1
1510;237;255;250;land;false;forest;1
1511;255;243;220;land;false;hills;1
1512;113;210;70;land;false;plains;1
1513;254;200;202;land;false;forest;1
1514;85;219;236;land;false;forest;1
1515;233;72;211;land;true;marsh;1
1516;108;253;143;land;true;plains;1
1517;250;178;231;land;false;forest;1
1518;151;232;68;land;true;forest;1
1519;173;205;60;land;false;urban;1
1520;251;53;234;land;false;forest;1
1521;151;245;168;land;false;plains;1
1522;250;252;255;land;false;forest;1
1523;169;253;166;land;false;marsh;1
1524;228;197;252;land;true;forest;1
1525;214;254;210;land;false;hills;1
1526;222;255;237;land;false;plains;1
1527;212;90;217;land;true;urban;1
1528;141;241;224;land;true;urban;1
1529;219;223;254;land;false;plains;1
1530;213;126;57;land;true;marsh;1
1531;204;253;233;land;false;mountain;1
1532;189;221;254;land;false;plains;1
1533;226;198;253;land;true;urban;1
1534;221;253;198;land;false;plains;1
1535;250;159;178;land;false;plains;1
1536;164;254;176;land;false;desert;1
1537;164;188;254;land;false;forest;1
1538;43;97;242;land;false;hills;1
1539;116;184;232;land;false;desert;1
1540;150;59;255;land;false;forest;1
1541;204;247;82;land;false;plains;1
1542;154;172;251;land;true;plains;1
1543;241;126;200;land;false;forest;1
1544;226;104;187;land;false;forest;1
1545;253;246;161;land;true;marsh;1
1546;246;199;22;land;false;mountain;1
1547;78;67;200;land;false;forest;1
1548;135;249;166;land;false;forest;1
1549;255;241;248;land;false;plains;1
1550;218;87;238;land;false;plains;1
1551;139;252;58;land;false;plains;1
1552;206;225;253;land;false;forest;1
1553;184;202;253;land;false;plains;1
1554;241;107;80;land;true;forest;1
1555;234;119;187;land;false;plains;1
1556;246;124;234;land;false;plains;1
1557;255;238;234;land;false;forest;1
1558;120;55;241;land;false;marsh;1
1559;214;138;78;land;true;marsh;1
1560;232;151;121;land;false;hills;1
1561;240;214;141;land;false;forest;1
1562;176;90;213;land;true;plains;1
1563;218;227;70;land;false;hills;1
1564;233;122;241;land;false;forest;1
1565;254;206;167;land;true;plains;1
1566;228;167;247;land;false;forest;1
1567;233;118;43;land;false;hills;1
1568;253;101;142;land;false;plains;1
1569;243;124;151;land;false;hills;1
1570;176;252;210;land;false;forest;1
1571;150;71;220;land;false;forest;1
1572;244;190;55;land;false;forest;1
1573;202;180;73;land;true;marsh;1
1574;234;110;119;land;false;hills;1
1575;244;218;116;land;false;forest;1
1576;191;251;194;land;false;hills;1
1577;65;179;204;land;false;forest;1
1578;138;251;107;land;false;plains;1
1579;243;254;174;land;false;hills;1
1580;240;148;115;land;false;plains;1
1581;31;229;146;land;true;plains;1
1582;230;76;95;land;false;forest;1
1583;254;206;250;land;true;marsh;1
1584;182;251;176;land;false;plains;1
1585;242;245;255;land;false;plains;1
1586;255;204;189;land;false;plains;1
1587;236;131;121;land;false;forest;1
1588;231;254;232;land;false;plains;1
1589;241;244;155;land;false;forest;1
1590;155;135;247;land;false;hills;1
1591;222;12;245;land;false;plains;1
1592;142;143;243;land;false;forest;1
1593;185;189;252;land;false;forest;1
1594;69;225;88;land;false;forest;1
1595;236;82;184;land;false;plains;1
1596;159;244;236;land;false;forest;1
1597;196;228;253;land;false;hills;1
1598;106;247;239;land;false;plains;1
1599;147;137;239;land;false;mountain;1
1600;227;251;195;land;false;plains;1
1601;250;186;193;land;true;forest;1
1602;255;245;247;land;false;plains;1
1603;255;226;229;land;false;mountain;1
1604;132;246;69;land;false;forest;1
1605;181;245;152;land;true;plains;1
1606;255;228;253;land;true;forest;1
1607;106;230;172;land;false;forest;1
1608;139;236;244;land;false;forest;1
1609;32;53;244;land;false;plains;1
1610;240;222;255;land;false;forest;1
1611;251;41;179;land;false;hills;1
1612;252;243;151;land;false;plains;1
1613;143;110;240;land;false;plains;1
1614;213;42;248;land;false;hills;1
1615;128;250;92;land;false;forest;1
1616;245;115;144;land;false;mountain;1
1617;162;233;109;land;false;forest;1
1618;254;219;226;land;false;mountain;1
1619;50;196;246;land;true;forest;1
1620;254;80;230;land;true;plains;1
1621;187;177;248;land;false;mountain;1
1622;239;165;85;land;false;forest;1
1623;151;218;79;land;false;forest;1
1624;208;199;253;land;false;plains;1
1625;239;255;231;land;false;hills;1
1626;82;187;234;land;false;forest;1
1627;254;245;214;land;false;plains;1
1628;246;254;218;land;false;hills;1
1629;224;215;254;land;false;hills;1
1630;229;229;254;land;false;forest;1
1631;86;50;213;land;false;forest;1
1632;255;248;243;land;false;plains;1
1633;249;139;216;land;false;forest;1
1634;253;205;213;land;false;forest;1
1635;248;113;200;land;false;forest;1
1636;46;241;226;land;false;forest;1
1637;239;133;237;land;false;forest;1
1638;179;236;133;land;false;desert;1
1639;157;133;247;land;false;plains;1
1640;220;67;73;land;false;forest;1
1641;113;232;173;land;false;plains;1
1642;237;238;255;land;true;marsh;1
1643;238;97;197;land;false;plains;1
1644;117;110;244;land;false;plains;1
1645;160;247;146;land;false;plains;1
1646;252;233;255;land;false;urban;1
1647;216;46;130;land;false;hills;1
1648;110;170;239;land;false;hills;1
1649;212;202;67;land;false;plains;1
1650;252;219;171;land;false;forest;1
1651;243;157;208;land;false;hills;1
1652;194;137;244;land;false;hills;1
1653;254;248;226;land;false;forest;1
1654;95;176;223;land;false;mountain;1
1655;207;72;233;land;false;forest;1
1656;196;249;182;land;false;plains;1
1657;232;98;54;land;false;plains;1
1658;230;177;95;land;false;hills;1
1659;234;135;242;land;false;forest;1
1660;118;173;238;land;true;forest;1
1661;157;249;245;land;true;forest;1
1662;23;236;53;land;false;hills;1
1663;91;17;249;land;false;forest;1
1664;254;181;242;land;true;forest;1
1665;181;253;144;land;false;hills;1
1666;225;254;233;land;false;hills;1
1667;230;232;56;land;false;plains;1
1668;175;253;194;land;false;plains;1
1669;133;246;253;land;false;plains;1
1670;64;71;241;land;true;forest;1
1671;252;227;155;land;false;forest;1
1672;243;234;66;land;false;forest;1
1673;142;75;208;land;true;plains;1
1674;253;241;202;land;false;forest;1
1675;111;240;131;land;false;forest;1
1676;226;237;254;land;false;forest;1
1677;110;231;155;land;false;hills;1
1678;188;228;85;land;false;forest;1
1679;248;255;234;land;false;hills;1
1680;251;252;255;land;false;plains;1
1681;252;225;178;land;true;urban;1
1682;254;217;220;land;false;desert;1
1683;197;36;226;land;false;forest;1
1684;97;216;226;land;false;forest;1
1685;124;249;227;land;false;hills;1
1686;207;127;249;land;false;mountain;1
1687;164;253;227;land;false;plains;1
1688;255;213;233;land;false;desert;1
1689;118;145;254;land;false;forest;1
1690;81;219;94;land;false;plains;1
1691;231;249;110;land;false;forest;1
1692;195;247;251;land;false;hills;1
1693;63;228;138;land;false;plains;1
1694;81;250;186;land;true;plains;1
1695;221;187;255;land;false;hills;1
1696;232;246;111;land;false;desert;1
1697;246;104;115;land;false;forest;1
1698;248;142;222;land;false;forest;1
1699;72;234;154;land;true;forest;1
1700;253;227;205;land;false;desert;1
1701;148;231;246;land;false;plains;1
1702;147;95;248;land;false;forest;1
1703;255;244;254;land;false;hills;1
1704;48;225;225;land;false;forest;1
1705;251;255;217;land;false;plains;1
1706;215;254;84;land;false;forest;1
1707;178;183;250;land;false;plains;1
1708;146;120;238;land;false;hills;1
1709;174;238;120;land;false;plains;1
1710;51;242;51;land;true;forest;1
1711;236;177;253;land;true;urban;1
1712;255;193;240;land;false;forest;1
1713;249;233;173;land;false;hills;1
1714;243;216;24;land;false;plains;1
1715;244;248;159;land;false;forest;1
1716;157;221;254;land;true;plains;1
1717;115;103;228;land;true;urban;1
1718;244;251;255;land;true;plains;1
1719;229;253;161;land;false;hills;1
1720;253;198;211;land;false;desert;1
1721;206;11;247;land;false;plains;1
1722;182;221;75;land;false;forest;1
1723;238;252;158;land;true;forest;1
1724;158;132;240;land;false;marsh;1
1725;251;238;169;land;false;forest;1
1726;41;236;125;land;false;hills;1
1727;254;224;226;land;false;hills;1
1728;76;127;226;land;false;hills;1
1729;194;254;190;land;false;plains;1
1730;247;136;231;land;true;plains;1
1731;71;251;89;land;false;plains;1
1732;218;128;253;land;false;forest;1
1733;253;175;174;land;false;plains;1
1734;213;237;254;land;false;forest;1
1735;249;67;94;land;false;plains;1
1736;159;249;208;land;false;hills;1
1737;125;246;56;land;false;hills;1
1738;85;237;196;land;false;plains;1
1739;218;254;189;land;false;plains;1
1740;178;121;245;land;false;forest;1
1741;206;165;251;land;true;forest;1
1742;209;210;45;land;false;plains;1
1743;250;176;247;land;false;plains;1
1744;148;238;33;land;false;forest;1
1745;246;161;155;land;false;forest;1
1746;246;208;255;land;false;forest;1
1747;248;161;200;land;false;plains;1
1748;250;134;27;land;false;plains;1
1749;233;122;182;land;false;marsh;1
1750;216;85;204;land;true;forest;1
1751;200;116;238;land;false;forest;1
1752;116;138;237;land;true;forest;1
1753;97;127;238;land;false;forest;1
1754;150;248;100;land;false;hills;1
1755;255;224;198;land;false;desert;1
1756;127;146;239;land;false;plains;1
1757;240;18;35;land;true;marsh;1
1758;171;236;254;land;false;forest;1
1759;25;150;248;land;false;plains;1
1760;238;252;204;land;false;plains;1
1761;218;181;77;land;true;marsh;1
1762;190;253;178;land;false;plains;1
1763;225;254;235;land;false;plains;1
1764;46;120;232;land;false;plains;1
1765;156;253;154;land;false;forest;1
1766;250;199;157;land;false;forest;1
1767;245;142;144;land;false;plains;1
1768;105;224;220;land;false;plains;1
1769;248;101;179;land;false;forest;1
1770;252;201;242;land;true;forest;1
1771;117;248;170;land;true;plains;1
1772;198;47;218;land;false;forest;1
1773;248;133;95;land;false;plains;1
1774;80;177;213;land;false;plains;1
1775;213;227;114;land;false;hills;1
1776;253;191;194;land;false;desert;1
1777;217;237;73;land;false;hills;1
1778;175;249;213;land;false;forest;1
1779;87;226;221;land;false;plains;1
1780;253;167;194;land;false;plains;1
1781;248;159;182;land;false;forest;1
1782;152;245;152;land;false;forest;1
1783;255;182;161;land;false;marsh;1
1784;52;22;254;land;false;plains;1
1785;129;243;211;land;false;plains;1
1786;255;248;200;land;false;plains;1
1787;232;99;73;land;false;forest;1
1788;203;191;252;land;false;forest;1
1789;203;218;254;land;true;urban;1
1790;232;69;39;land;true;forest;1
1791;115;213;248;land;true;marsh;1
1792;186;160;255;land;false;hills;1
1793;232;53;152;land;false;forest;1
1794;253;172;209;land;false;plains;1
1795;121;141;241;land;false;hills;1
1796;254;218;245;land;false;hills;1
1797;72;248;187;land;false;hills;1
1798;39;228;187;land;false;plains;1
1799;79;244;249;land;false;plains;1
1800;120;241;164;land;false;plains;1
1801;200;254;201;land;false;plains;1
1802;194;233;67;land;true;marsh;1
1803;255;230;231;land;false;plains;1
1804;108;108;240;land;true;forest;1
1805;164;255;111;land;false;plains;1
1806;248;80;51;land;false;forest;1
1807;43;246;75;land;false;mountain;1
1808;110;246;76;land;false;desert;1
1809;233;187;253;land;false;plains;1
1810;232;207;125;land;false;forest;1
1811;252;219;255;land;false;plains;1
1812;216;221;254;land;false;forest;1
1813;208;237;135;land;false;forest;1
1814;251;179;176;land;false;desert;1
1815;120;234;154;land;false;forest;1
1816;244;255;241;land;false;forest;1
1817;217;206;253;land;false;forest;1
1818;233;75;122;land;false;marsh;1
1819;254;207;250;land;false;plains;1
1820;107;131;254;land;false;plains;1
1821;251;245;255;land;false;forest;1
1822;240;159;251;land;false;marsh;1
1823;242;151;250;land;false;plains;1
1824;247;67;77;land;false;plains;1
1825;255;251;187;land;false;forest;1
1826;109;229;217;land;false;plains;1
1827;250;163;155;land;false;plains;1
1828;169;246;88;land;false;plains;1
1829;134;246;222;land;false;forest;1
1830;241;152;70;land;false;forest;1
1831;230;113;191;land;true;plains;1
1832;70;69;253;land;false;desert;1
1833;222;252;189;land;false;plains;1
1834;117;157;230;land;true;plains;1
1835;62;227;147;land;false;plains;1
1836;254;121;248;land;false;forest;1
1837;255;113;223;land;false;hills;1
1838;33;246;86;land;false;hills;1
1839;255;194;220;land;false;plains;1
1840;159;172;248;land;false;hills;1
1841;239;254;203;land;false;hills;1
1842;253;63;226;land;false;forest;1
1843;255;173;165;land;true;forest;1
1844;219;85;213;land;false;forest;1
1845;92;158;224;land;false;forest;1
1846;177;252;222;land;false;forest;1
1847;243;190;142;land;false;forest;1
1848;254;190;214;land;false;plains;1
1849;102;227;247;land;false;hills;1
1850;250;72;244;land;false;forest;1
1851;252;80;139;land;true;marsh;1
1852;245;189;252;land;false;marsh;1
1853;199;81;212;land;true;forest;1
1854;253;247;255;land;true;forest;1
1855;136;187;239;land;false;plains;1
1856;62;107;211;land;false;hills;1
1857;244;255;253;land;false;hills;1
1858;239;128;213;land;false;plains;1
1859;122;255;32;land;false;plains;1
1860;121;183;247;land;false;plains;1
1861;252;217;205;land;false;forest;1
1862;204;100;244;land;false;forest;1
1863;112;142;252;land;false;hills;1
1864;215;253;168;land;false;forest;1
1865;232;255;253;land;false;plains;1
1866;77;254;136;land;false;plains;1
1867;206;239;255;land;false;hills;1
1868;249;166;164;land;true;plains;1
1869;243;156;144;land;false;plains;1
1870;82;114;241;land;false;desert;1
1871;192;250;183;land;false;plains;1
1872;221;254;203;land;true;forest;1
1873;172;255;159;land;false;hills;1
1874;240;88;226;land;false;plains;1
1875;133;210;245;land;false;hills;1
1876;187;237;253;land;false;forest;1
1877;76;219;213;land;false;hills;1
1878;159;65;209;land;false;plains;1
1879;194;233;107;land;false;forest;1
1880;254;227;218;land;false;forest;1
1881;248;171;254;land;true;plains;1
1882;245;255;211;land;false;forest;1
1883;98;239;224;land;false;plains;1
1884;195;98;246;land;false;forest;1
1885;226;254;207;land;false;plains;1
1886;213;128;49;land;true;forest;1
1887;185;254;157;land;false;plains;1
1888;96;217;108;land;false;forest;1
1889;61;233;241;land;false;hills;1
1890;252;255;250;land;true;forest;1
1891;253;204;226;land;true;forest;1
1892;233;247;169;land;false;forest;1
1893;255;235;253;land;false;plains;1
1894;230;131;252;land;false;plains;1
1895;252;250;180;land;false;forest;1
1896;103;206;224;land;false;forest;1
1897;68;78;244;land;false;desert;1
1898;201;33;251;land;false;plains;1
1899;121;208;249;land;false;forest;1
1900;147;236;91;land;false;forest;1
1901;183;166;249;land;true;urban;1
1902;240;125;199;land;false;hills;1
1903;96;169;247;land;true;plains;1
1904;255;115;184;land;true;forest;1
1905;245;237;255;land;true;marsh;1
1906;193;254;205;land;true;forest;1
1907;87;159;236;land;false;plains;1
1908;250;179;172;land;true;forest;1
1909;209;198;77;land;false;plains;1
1910;246;138;136;land;false;forest;1
1911;209;242;81;land;false;plains;1
1912;175;255;194;land;false;plains;1
1913;113;243;34;land;false;plains;1
1914;253;196;138;land;false;plains;1
1915;234;59;231;land;false;mountain;1
1916;237;80;76;land;false;plains;1
1917;253;211;236;land;false;plains;1
1918;178;254;223;land;false;hills;1
1919;71;210;96;land;false;forest;1
1920;217;197;251;land;false;plains;1
1921;237;143;92;land;false;forest;1
1922;231;106;110;land;true;forest;1
1923;251;95;99;land;false;hills;1
1924;232;211;108;land;false;forest;1
1925;233;184;255;land;false;hills;1
1926;233;207;255;land;false;hills;1
1927;172;254;119;land;false;hills;1
1928;229;255;247;land;false;forest;1
1929;238;254;136;land;false;plains;1
1930;243;71;187;land;false;plains;1
1931;235;27;33;land;false;hills;1
1932;185;252;138;land;true;marsh;1
1933;236;117;208;land;true;plains;1
1934;74;249;102;land;false;plains;1
1935;222;232;113;land;false;plains;1
1936;223;153;249;land;true;forest;1
1937;82;237;131;land;false;forest;1
1938;201;208;254;land;false;hills;1
1939;250;219;150;land;true;urban;1
1940;255;120;206;land;false;forest;1
1941;239;242;58;land;false;forest;1
1942;69;237;218;land;false;hills;1
1943;135;251;254;land;false;forest;1
1944;252;201;234;land;false;forest;1
1945;190;230;253;land;false;forest;1
1946;255;204;88;land;false;plains;1
1947;236;168;95;land;false;plains;1
1948;74;112;251;land;false;plains;1
1949;254;229;115;land;false;plains;1
1950;244;100;139;land;false;forest;1
1951;113;163;251;land;false;plains;1
1952;194;254;241;land;false;hills;1
1953;253;130;142;land;false;hills;1
1954;223;255;162;land;false;forest;1
1955;254;239;230;land;false;hills;1
1956;119;159;235;land;false;forest;1
1957;255;253;250;land;false;forest;1
1958;237;255;244;land;false;marsh;1
1959;252;80;157;land;true;forest;1
1960;152;221;248;land;false;forest;1
1961;255;245;242;land;false;hills;1
1962;136;220;92;land;false;marsh;1
1963;153;162;249;land;false;plains;1
1964;232;86;163;land;true;forest;1
1965;242;249;255;land;false;forest;1
1966;20;242;183;land;false;hills;1
1967;87;222;193;land;false;forest;1
1968;253;228;118;land;false;plains;1
1969;172;58;224;land;false;forest;1
1970;232;119;180;land;false;desert;1
1971;147;179;243;land;false;forest;1
1972;250;243;172;land;false;forest;1
1973;204;128;245;land;false;forest;1
1974;241;111;193;land;false;hills;1
1975;246;91;227;land;false;plains;1
1976;229;139;245;land;false;forest;1
1977;86;74;242;land;false;hills;1
1978;69;122;201;land;false;hills;1
1979;128;127;241;land;false;forest;1
1980;232;243;58;land;false;forest;1
1981;235;104;49;land;false;plains;1
1982;207;255;251;land;false;hills;1
1983;195;252;208;land;false;plains;1
1984;143;145;240;land;false;forest;1
1985;201;175;252;land;false;forest;1
1986;255;239;235;land;false;hills;1
1987;221;225;62;land;false;forest;1
1988;226;254;230;land;false;plains;1
1989;245;150;207;land;false;forest;1
1990;253;213;233;land;false;forest;1
1991;227;254;220;land;false;forest;1
1992;27;213;235;land;false;plains;1
1993;79;59;227;land;true;plains;1
1994;58;186;226;land;false;mountain;1
1995;254;240;218;land;false;forest;1
1996;243;255;198;land;false;plains;1
1997;220;231;254;land;false;plains;1
1998;247;174;9;land;false;plains;1
1999;212;178;250;land;false;desert;1
2000;212;65;236;land;true;marsh;1
2001;225;49;50;land;false;forest;1
2002;69;102;240;land;true;forest;1
2003;177;234;93;land;false;hills;1
2004;95;243;192;land;false;plains;1
2005;252;194;200;land;false;forest;1
2006;88;245;119;land;true;desert;1
2007;250;176;178;land;false;forest;1
2008;137;255;255;land;false;forest;1
2009;143;251;208;land;true;marsh;1
2010;194;254;253;land;true;plains;1
2011;246;234;255;land;false;hills;1
2012;250;255;237;land;true;marsh;1
2013;242;123;179;land;false;forest;1
2014;114;239;123;land;true;marsh;1
2015;146;240;142;land;true;plains;1
2016;229;249;144;land;false;marsh;1
2017;79;65;212;land;false;plains;1
2018;142;246;176;land;true;forest;1
2019;79;184;228;land;false;plains;1
2020;214;251;177;land;false;hills;1
2021;241;127;145;land;false;plains;1
2022;227;84;216;land;false;marsh;1
2023;215;246;253;land;false;marsh;1
2024;203;255;211;land;true;plains;1
2025;244;185;253;land;true;forest;1
2026;64;203;163;land;true;forest;1
2027;244;229;45;land;false;forest;1
2028;205;139;76;land;true;urban;1
2029;139;251;181;land;false;forest;1
2030;246;146;182;land;false;plains;1
2031;222;230;107;land;false;plains;1
2032;252;224;142;land;false;forest;1
2033;253;197;229;land;false;forest;1
2034;53;203;251;land;false;plains;1
2035;250;148;206;land;false;plains;1
2036;97;172;230;land;true;plains;1
2037;144;252;246;land;false;forest;1
2038;244;221;100;land;false;plains;1
2039;242;229;255;land;false;desert;1
2040;255;242;249;land;true;urban;1
2041;125;242;104;land;false;hills;1
2042;54;231;232;land;false;desert;1
2043;94;233;226;land;false;marsh;1
2044;247;221;254;land;true;forest;1
2045;242;228;255;land;false;forest;1
2046;229;194;88;land;false;plains;1
2047;145;138;252;land;false;forest;1
2048;88;241;114;land;false;plains;1
2049;142;127;249;land;false;forest;1
2050;255;229;192;land;false;forest;1
2051;254;244;217;land;false;plains;1
2052;249;148;253;land;false;forest;1
2053;112;53;229;land;true;marsh;1
2054;51;246;239;land;false;forest;1
2055;36;118;237;land;false;hills;1
2056;225;149;248;land;true;marsh;1
2057;212;98;223;land;false;forest;1
2058;254;239;223;land;false;hills;1
2059;160;245;209;land;false;hills;1
2060;108;97;232;land;false;forest;1
2061;150;254;182;land;false;plains;1
2062;110;138;239;land;true;forest;1
2063;251;172;185;land;true;forest;1
2064;222;198;252;land;true;forest;1
2065;219;254;215;land;false;marsh;1
2066;250;240;178;land;true;forest;1
2067;111;153;249;land;false;plains;1
2068;113;249;178;land;false;plains;1
2069;196;252;218;land;false;plains;1
2070;251;194;178;land;false;forest;1
2071;180;252;251;land;false;forest;1
2072;218;255;229;land;true;forest;1
2073;205;249;147;land;false;plains;1
2074;239;187;254;land;false;hills;1
2075;179;94;238;land;false;plains;1
2076;255;55;47;land;false;forest;1
2077;232;196;254;land;false;forest;1
2078;164;255;194;land;false;forest;1
2079;143;240;235;land;false;forest;1
2080;229;118;98;land;false;forest;1
2081;253;223;140;land;false;forest;1
2082;241;208;253;land;false;forest;1
2083;205;252;187;land;false;plains;1
2084;7;163;251;land;false;plains;1
2085;169;249;183;land;false;plains;1
2086;249;254;221;land;false;mountain;1
2087;181;254;84;land;false;forest;1
2088;222;71;34;land;false;desert;1
2089;230;72;133;land;false;hills;1
2090;254;230;242;land;false;plains;1
2091;255;219;233;land;false;plains;1
2092;184;250;185;land;false;plains;1
2093;76;76;217;land;false;plains;1
2094;220;195;253;land;false;hills;1
2095;205;139;56;land;false;forest;1
2096;225;254;222;land;false;forest;1
2097;187;236;28;land;false;forest;1
2098;55;116;239;land;false;forest;1
2099;250;83;61;land;false;forest;1
2100;122;252;6;land;false;forest;1
2101;156;149;243;land;false;forest;1
2102;249;245;95;land;false;plains;1
2103;239;104;192;land;false;marsh;1
2104;254;217;241;land;false;hills;1
2105;247;110;226;land;false;mountain;1
2106;123;249;116;land;true;plains;1
2107;164;61;218;land;false;hills;1
2108;237;199;121;land;false;plains;1
2109;247;104;201;land;false;forest;1
2110;115;247;222;land;false;plains;1
2111;137;249;155;land;false;plains;1
2112;255;179;249;land;false;plains;1
2113;100;213;250;land;false;desert;1
2114;179;252;135;land;false;plains;1
2115;247;252;170;land;false;hills;1
2116;252;244;142;land;false;plains;1
2117;55;96;248;land;false;forest;1
2118;203;131;71;land;false;hills;1
2119;39;239;101;land;false;plains;1
2120;213;225;255;land;false;forest;1
2121;110;213;68;land;false;hills;1
2122;44;67;219;land;false;plains;1
2123;236;100;141;land;false;urban;1
2124;176;243;144;land;false;hills;1
2125;243;179;110;land;false;plains;1
2126;240;229;255;land;false;desert;1
2127;131;227;53;land;false;marsh;1
2128;162;240;121;land;false;plains;1
2129;228;116;235;land;false;mountain;1
2130;246;111;185;land;true;plains;1
2131;239;255;228;land;false;hills;1
2132;246;119;200;land;false;desert;1
2133;146;249;248;land;false;plains;1
2134;239;203;83;land;true;plains;1
2135;217;109;86;land;false;plains;1
2136;251;253;206;land;false;forest;1
2137;209;63;127;land;false;plains;1
2138;234;255;220;land;false;plains;1
2139;251;206;167;land;false;mountain;1
2140;117;246;189;land;true;forest;1
2141;248;195;251;land;false;plains;1
2142;96;247;130;land;false;forest;1
2143;81;228;166;land;false;plains;1
2144;123;244;129;land;false;hills;1
2145;84;201;238;land;false;plains;1
2146;241;114;208;land;false;forest;1
2147;119;216;51;land;false;forest;1
2148;231;112;221;land;false;plains;1
2149;245;91;24;land;false;forest;1
2150;71;230;228;land;false;plains;1
2151;201;80;241;land;false;marsh;1
2152;231;211;253;land;true;forest;1
2153;148;187;246;land;false;plains;1
2154;248;203;173;land;false;forest;1
2155;252;70;191;land;false;forest;1
2156;70;212;238;land;true;forest;1
2157;200;73;153;land;false;plains;1
2158;205;106;234;land;false;forest;1
2159;247;244;255;land;false;forest;1
2160;228;250;187;land;true;forest;1
2161;251;213;188;land;true;forest;1
2162;131;230;48;land;false;plains;1
2163;159;249;221;land;false;hills;1
2164;254;245;216;land;false;forest;1
2165;215;156;43;land;false;forest;1
2166;251;254;172;land;true;forest;1
2167;184;149;243;land;false;mountain;1
2168;253;190;188;land;false;plains;1
2169;226;176;255;land;true;forest;1
2170;48;248;187;land;false;desert;1
2171;94;235;90;land;false;plains;1
2172;224;249;113;land;false;plains;1
2173;244;213;124;land;false;hills;1
2174;241;142;176;land;false;hills;1
2175;244;159;49;land;false;plains;1
2176;253;207;230;land;false;marsh;1
2177;55;223;37;land;false;forest;1
2178;239;203;131;land;false;forest;1
2179;191;204;252;land;false;plains;1
2180;240;161;118;land;false;forest;1
2181;230;67;67;land;false;hills;1
2182;40;234;140;land;false;hills;1
2183;206;247;253;land;false;plains;1
2184;243;224;67;land;false;plains;1
2185;245;107;141;land;false;plains;1
2186;254;193;107;land;false;forest;1
2187;197;255;247;land;false;plains;1
2188;239;106;142;land;false;forest;1
2189;230;250;142;land;false;forest;1
2190;255;238;236;land;false;plains;1
2191;227;249;174;land;false;desert;1
2192;80;196;247;land;false;plains;1
2193;223;82;131;land;false;forest;1
2194;234;130;246;land;false;forest;1
2195;221;189;250;land;false;forest;1
2196;210;253;252;land;false;desert;1
2197;211;234;255;land;false;forest;1
2198;116;251;179;land;false;hills;1
2199;184;255;180;land;false;forest;1
2200;179;52;253;land;true;hills;1
2201;173;252;171;land;false;desert;1
2202;237;207;116;land;false;desert;1
2203;191;97;232;land;false;forest;1
2204;243;207;103;land;false;plains;1
2205;253;255;254;land;false;forest;1
2206;233;250;255;land;true;plains;1
2207;246;253;255;land;false;forest;1
2208;209;252;254;land;false;plains;1
2209;253;152;179;land;false;plains;1
2210;145;154;248;land;false;forest;1
2211;224;160;69;land;false;forest;1
2212;136;207;75;land;false;hills;1
2213;171;86;252;land;false;forest;1
2214;249;247;255;land;false;plains;1
2215;253;89;250;land;false;plains;1
2216;254;249;255;land;true;marsh;1
2217;182;197;251;land;false;forest;1
2218;89;226;218;land;false;hills;1
2219;226;213;253;land;false;desert;1
2220;252;99;248;land;true;plains;1
2221;223;42;160;land;false;plains;1
2222;229;187;253;land;false;marsh;1
2223;110;251;254;land;false;forest;1
2224;255;226;238;land;false;forest;1
2225;239;211;105;land;true;forest;1
2226;237;80;124;land;false;plains;1
2227;255;225;66;land;false;forest;1
2228;173;243;146;land;false;forest;1
2229;91;144;252;land;true;plains;1
2230;183;92;231;land;false;forest;1
2231;188;91;229;land;false;forest;1
2232;239;107;99;land;false;forest;1
2233;255;194;222;land;true;plains;1
2234;117;228;71;land;false;forest;1
2235;79;211;163;land;true;plains;1
2236;179;253;194;land;false;hills;1
2237;255;219;241;land;true;forest;1
2238;25;254;196;land;false;hills;1
2239;93;188;232;land;false;marsh;1
2240;254;193;195;land;false;hills;1
2241;255;235;249;land;false;forest;1
2242;141;255;189;land;false;forest;1
2243;229;115;129;land;false;forest;1
2244;254;244;201;land;true;forest;1
2245;230;111;142;land;true;plains;1
2246;238;186;130;land;false;forest;1
2247;229;231;255;land;false;plains;1
2248;179;253;35;land;false;plains;1
2249;230;199;72;land;true;forest;1
2250;238;145;254;land;false;forest;1
2251;201;255;220;land;false;forest;1
2252;74;168;253;land;false;forest;1
2253;240;122;252;land;false;plains;1
2254;184;251;247;land;false;hills;1
2255;63;107;213;land;false;forest;1
2256;182;249;252;land;false;marsh;1
2257;230;104;61;land;true;marsh;1
2258;153;241;245;land;false;forest;1
2259;226;202;255;land;false;marsh;1
2260;241;56;254;land;false;marsh;1
2261;234;119;200;land;false;desert;1
2262;218;255;234;land;false;forest;1
2263;104;70;208;land;false;hills;1
2264;186;252;189;land;false;forest;1
2265;234;254;218;land;false;forest;1
2266;180;252;236;land;false;desert;1
2267;117;47;219;land;false;forest;1
2268;213;236;254;land;false;plains;1
2269;227;231;255;land;false;desert;1
2270;239;188;25;land;true;marsh;1
2271;221;240;254;land;false;plains;1
2272;70;222;194;land;true;forest;1
2273;245;162;96;land;false;forest;1
2274;218;250;182;land;false;plains;1
2275;213;255;229;land;false;forest;1
2276;254;123;89;land;false;hills;1
2277;184;229;251;land;true;forest;1
2278;249;250;158;land;false;forest;1
2279;85;99;232;land;true;plains;1
2280;106;215;41;land;false;hills;1
2281;251;162;105;land;false;plains;1
2282;227;255;233;land;false;hills;1
2283;222;253;209;land;false;plains;1
2284;222;152;67;land;true;forest;1
2285;252;203;119;land;true;marsh;1
2286;81;70;213;land;false;plains;1
2287;247;197;169;land;false;mountain;1
2288;56;232;254;land;true;plains;1
2289;209;180;252;land;true;urban;1
2290;83;201;72;land;false;forest;1
2291;90;224;123;land;false;forest;1
2292;194;217;254;land;false;hills;1
2293;248;218;100;land;false;plains;1
2294;254;236;152;land;false;forest;1
2295;119;88;224;land;false;plains;1
2296;97;101;250;land;true;marsh;1
2297;248;130;131;land;false;plains;1
2298;254;211;217;land;false;plains;1
2299;254;253;214;land;true;forest;1
2300;171;183;253;land;false;mountain;1
2301;218;240;34;land;false;plains;1
2302;237;122;249;land;false;forest;1
2303;248;93;193;land;true;forest;1
2304;82;84;231;land;true;marsh;1
2305;108;255;121;land;false;marsh;1
2306;118;243;247;land;false;plains;1
2307;245;131;189;land;true;marsh;1
2308;178;160;245;land;false;plains;1
2309;253;192;207;land;false;plains;1
2310;197;107;225;land;false;hills;1
2311;243;247;171;land;true;forest;1
2312;144;116;246;land;false;hills;1
2313;226;220;254;land;false;desert;1
2314;156;81;236;land;false;plains;1
2315;255;244;237;land;false;desert;1
2316;97;13;254;land;true;marsh;1
2317;249;125;150;land;true;plains;1
2318;216;227;254;land;false;plains;1
2319;234;240;56;land;false;forest;1
2320;112;232;227;land;false;forest;1
2321;205;253;247;land;false;forest;1
2322;219;254;248;land;true;marsh;1
2323;95;222;121;land;true;plains;1
2324;140;228;104;land;false;forest;1
2325;232;237;255;land;false;hills;1
2326;238;64;212;land;false;forest;1
2327;242;154;121;land;true;forest;1
2328;54;151;226;land;true;forest;1
2329;142;251;152;land;false;hills;1
2330;12;254;231;land;false;forest;1
2331;81;93;252;land;false;desert;1
2332;174;254;207;land;false;plains;1
2333;116;245;11;land;false;forest;1
2334;244;229;255;land;false;hills;1
2335;224;190;254;land;false;marsh;1
2336;202;195;254;land;false;plains;1
2337;222;255;219;land;false;plains;1
2338;249;111;82;land;false;plains;1
2339;114;68;205;land;false;plains;1
2340;202;54;89;land;true;forest;1
2341;174;251;161;land;false;urban;1
2342;246;255;221;land;false;hills;1
2343;182;195;254;land;true;urban;1
2344;227;238;254;land;false;forest;1
2345;118;238;94;land;true;forest;1
2346;255;249;227;land;false;forest;1
2347;249;149;184;land;false;forest;1
2348;96;227;99;land;false;plains;1
2349;46;225;56;land;false;plains;1
2350;214;207;86;land;false;forest;1
2351;249;196;120;land;false;plains;1
2352;250;199;148;land;false;forest;1
2353;193;125;245;land;false;forest;1
2354;255;191;169;land;false;plains;1
2355;106;244;161;land;false;forest;1
2356;254;225;238;land;false;plains;1
2357;255;228;236;land;false;plains;1
2358;221;62;105;land;false;plains;1
2359;236;88;48;land;false;forest;1
2360;231;76;63;land;false;plains;1
2361;181;252;164;land;false;plains;1
2362;197;251;175;land;true;urban;1
2363;144;91;240;land;false;plains;1
2364;110;74;237;land;false;forest;1
2365;197;95;231;land;false;hills;1
2366;235;255;241;land;false;forest;1
2367;117;245;151;land;true;plains;1
2368;204;222;96;land;false;plains;1
2369;79;209;202;land;false;urban;1
2370;47;127;247;land;false;desert;1
2371;224;137;77;land;false;hills;1
2372;104;250;12;land;false;forest;1
2373;24;254;158;land;false;forest;1
2374;90;67;251;land;false;hills;1
2375;95;232;86;land;false;hills;1
2376;251;157;187;land;false;hills;1
2377;254;57;159;land;false;plains;1
2378;143;149;251;land;true;plains;1
2379;232;80;129;land;false;plains;1
2380;113;244;152;land;false;forest;1
2381;223;80;65;land;false;marsh;1
2382;254;247;155;land;false;forest;1
2383;242;239;255;land;false;plains;1
2384;210;77;180;land;false;plains;1
2385;199;252;248;land;false;forest;1
2386;157;255;161;land;false;plains;1
2387;255;246;253;land;false;plains;1
2388;255;252;255;land;false;forest;1
2389;171;177;247;land;false;plains;1
2390;54;252;86;land;false;mountain;1
2391;236;255;236;land;false;plains;1
2392;172;235;131;land;false;plains;1
2393;107;190;248;land;true;forest;1
2394;235;158;87;land;true;forest;1
2395;100;246;97;land;true;forest;1
2396;87;194;211;land;false;marsh;1
2397;232;191;120;land;false;forest;1
2398;54;239;38;land;false;hills;1
2399;235;85;221;land;false;mountain;1
2400;144;154;246;land;true;forest;1
2401;226;249;255;land;false;plains;1
2402;143;242;214;land;true;forest;1
2403;185;111;229;land;false;plains;1
2404;251;175;252;land;false;forest;1
2405;179;234;252;land;false;desert;1
2406;99;185;250;land;false;hills;1
2407;94;217;137;land;false;hills;1
2408;244;183;151;land;false;forest;1
2409;186;149;251;land;false;plains;1
2410;254;255;247;land;false;forest;1
2411;69;206;162;land;false;desert;1
2412;176;56;227;land;false;hills;1
2413;129;157;241;land;false;plains;1
2414;245;137;242;land;false;forest;1
2415;214;108;242;land;false;plains;1
2416;229;254;182;land;true;marsh;1
2417;212;250;177;land;false;forest;1
2418;253;198;241;land;false;forest;1
2419;160;254;217;land;false;hills;1
2420;229;115;103;land;false;forest;1
2421;61;23;248;land;false;forest;1
2422;119;219;90;land;false;hills;1
2423;229;254;236;land;false;plains;1
2424;99;208;78;land;true;marsh;1
2425;255;207;253;land;false;marsh;1
2426;239;255;253;land;true;urban;1
2427;207;204;253;land;false;hills;1
2428;199;46;224;land;false;plains;1
2429;158;208;71;land;true;urban;1
2430;151;233;82;land;true;marsh;1
2431;239;255;235;land;false;plains;1
2432;253;198;228;land;false;forest;1
2433;232;223;254;land;false;marsh;1
2434;251;171;113;land;false;forest;1
2435;253;249;197;land;false;plains;1
2436;164;252;187;land;false;plains;1
2437;251;202;185;land;false;plains;1
2438;133;144;236;land;true;plains;1
2439;140;224;107;land;true;urban;1
2440;235;243;255;land;false;forest;1
2441;252;132;220;land;false;forest;1
2442;107;242;36;land;false;plains;1
2443;138;161;237;land;false;plains;1
2444;240;213;254;land;false;forest;1
2445;174;235;99;land;true;marsh;1
2446;232;195;39;land;true;forest;1
2447;169;190;254;land;false;plains;1
2448;199;254;59;land;false;forest;1
2449;208;212;81;land;true;marsh;1
2450;241;255;237;land;true;forest;1
2451;220;225;254;land;false;mountain;1
2452;238;40;227;land;true;plains;1
2453;121;242;129;land;true;urban;1
2454;66;227;159;land;false;hills;1
2455;117;239;153;land;false;plains;1
2456;254;121;95;land;false;forest;1
2457;165;61;202;land;false;forest;1
2458;202;198;61;land;false;marsh;1
2459;220;117;238;land;false;forest;1
2460;249;164;91;land;false;forest;1
2461;252;35;228;land;false;plains;1
2462;191;88;215;land;false;forest;1
2463;142;245;210;land;true;forest;1
2464;242;222;255;land;false;hills;1
2465;205;254;221;land;false;plains;1
2466;248;163;205;land;false;urban;1
2467;165;104;233;land;false;forest;1
2468;210;166;79;land;false;urban;1
2469;219;181;251;land;false;hills;1
2470;189;113;252;land;false;forest;1
2471;185;234;252;land;false;forest;1
2472;221;252;138;land;false;plains;1
2473;139;254;195;land;false;forest;1
2474;227;255;232;land;false;forest;1
2475;227;194;252;land;false;forest;1
2476;150;247;203;land;false;hills;1
2477;250;111;138;land;false;hills;1
2478;254;225;220;land;false;plains;1
2479;255;220;253;land;true;forest;1
2480;254;100;218;land;false;marsh;1
2481;103;182;249;land;true;forest;1
2482;170;105;238;land;false;plains;1
2483;201;161;254;land;false;hills;1
2484;220;234;254;land;false;hills;1
2485;233;186;255;land;true;forest;1
2486;164;45;215;land;false;forest;1
2487;190;204;253;land;false;forest;1
2488;62;204;146;land;false;marsh;1
2489;80;226;229;land;false;hills;1
2490;226;84;211;land;false;desert;1
2491;116;186;242;land;false;plains;1
2492;253;215;140;land;false;plains;1
2493;253;253;255;land;false;forest;1
2494;247;128;101;land;true;urban;1
2495;245;253;209;land;true;plains;1
2496;248;56;181;land;true;forest;1
2497;145;244;151;land;false;hills;1
2498;251;190;201;land;false;forest;1
2499;254;203;199;land;false;plains;1
2500;241;206;254;land;false;forest;1
2501;249;235;255;land;false;hills;1
2502;148;246;208;land;true;forest;1
2503;24;240;45;land;false;forest;1
2504;60;62;221;land;false;desert;1
2505;239;185;63;land;false;hills;1
2506;180;250;233;land;true;marsh;1
2507;150;247;133;land;true;marsh;1
2508;253;211;209;land;false;hills;1
2509;176;252;206;land;false;forest;1
2510;211;231;119;land;false;plains;1
2511;179;251;232;land;false;hills;1
2512;226;247;255;land;false;plains;1
2513;222;245;145;land;false;plains;1
2514;220;140;89;land;false;plains;1
2515;142;234;248;land;true;forest;1
2516;255;192;254;land;true;forest;1
2517;216;234;254;land;true;plains;1
2518;255;251;232;land;false;forest;1
2519;61;239;174;land;false;desert;1
2520;34;240;120;land;false;plains;1
2521;242;218;254;land;true;plains;1
2522;211;58;87;land;false;forest;1
2523;185;250;208;land;true;forest;1
2524;251;24;27;land;false;forest;1
2525;204;239;96;land;false;forest;1
2526;143;241;243;land;true;forest;1
2527;251;43;162;land;false;hills;1
2528;217;71;63;land;false;plains;1
2529;246;253;209;land;false;plains;1
2530;205;216;254;land;true;plains;1
2531;240;171;114;land;false;forest;1
2532;148;182;250;land;false;forest;1
2533;255;252;250;land;false;marsh;1
2534;251;166;237;land;false;plains;1
2535;206;253;242;land;false;forest;1
2536;243;249;181;land;false;forest;1
2537;222;254;193;land;false;forest;1
2538;252;230;255;land;true;plains;1
2539;253;216;134;land;false;hills;1
2540;227;60;61;land;false;plains;1
2541;138;112;241;land;true;marsh;1
2542;227;126;44;land;false;marsh;1
2543;230;245;255;land;false;urban;1
2544;81;122;240;land;false;forest;1
2545;80;226;85;land;false;plains;1
2546;218;115;246;land;false;hills;1
2547;238;253;211;land;true;marsh;1
2548;255;231;229;land;false;hills;1
2549;158;170;245;land;false;hills;1
2550;53;250;240;land;false;desert;1
2551;41;217;79;land;true;forest;1
2552;204;237;253;land;false;forest;1
2553;183;255;209;land;true;forest;1
2554;249;179;167;land;false;forest;1
2555;114;131;248;land;true;forest;1
2556;104;136;236;land;true;plains;1
2557;149;249;222;land;false;hills;1
2558;161;249;8;land;true;marsh;1
2559;97;223;175;land;false;plains;1
2560;217;255;122;land;false;forest;1
2561;223;136;76;land;false;plains;1
2562;132;244;169;land;false;hills;1
2563;247;251;166;land;false;plains;1
2564;208;253;8;land;false;forest;1
2565;253;238;191;land;true;forest;1
2566;109;147;253;land;false;plains;1
2567;148;164;241;land;false;forest;1
2568;248;115;181;land;false;marsh;1
2569;254;238;229;land;false;hills;1
2570;218;222;58;land;false;desert;1
2571;138;240;242;land;false;forest;1
2572;182;240;63;land;false;forest;1
2573;252;205;201;land;false;forest;1
2574;255;191;196;land;false;desert;1
2575;193;251;184;land;false;plains;1
2576;135;229;57;land;false;plains;1
2577;172;71;240;land;false;forest;1
2578;153;98;231;land;false;hills;1
2579;234;227;255;land;false;hills;1
2580;188;252;220;land;false;marsh;1
2581;142;237;124;land;true;forest;1
2582;237;111;241;land;false;forest;1
2583;209;209;253;land;false;plains;1
2584;234;254;210;land;false;forest;1
2585;240;87;197;land;false;plains;1
2586;230;226;62;land;false;plains;1
2587;185;252;242;land;false;marsh;1
2588;246;183;109;land;false;plains;1
2589;122;237;149;land;false;plains;1
2590;63;161;244;land;false;plains;1
2591;221;255;163;land;false;plains;1
2592;216;199;252;land;false;plains;1
2593;87;237;27;land;false;plains;1
2594;247;219;154;land;false;forest;1
2595;243;133;130;land;false;desert;1
2596;156;250;183;land;false;forest;1
2597;246;232;255;land;true;plains;1
2598;201;169;249;land;false;plains;1
2599;255;239;241;land;false;forest;1
2600;243;134;165;land;true;plains;1
2601;119;235;225;land;true;forest;1
2602;235;103;91;land;false;plains;1
2603;239;215;141;land;false;plains;1
2604;246;252;188;land;true;forest;1
2605;180;232;254;land;false;forest;1
2606;239;134;150;land;false;forest;1
2607;233;176;119;land;false;plains;1
2608;255;90;40;land;true;forest;1
2609;73;151;210;land;false;forest;1
2610;228;221;254;land;false;forest;1
2611;93;239;76;land;false;mountain;1
2612;253;138;110;land;false;forest;1
2613;156;240;114;land;true;forest;1
2614;236;112;37;land;false;forest;1
2615;253;239;124;land;true;marsh;1
2616;252;253;180;land;true;forest;1
2617;121;245;195;land;false;hills;1
2618;244;255;237;land;false;desert;1
2619;127;60;207;land;false;forest;1
2620;243;100;97;land;true;urban;1
2621;61;245;78;land;false;forest;1
2622;251;187;216;land;false;forest;1
2623;230;223;58;land;true;forest;1
2624;249;220;90;land;true;marsh;1
2625;249;166;224;land;false;forest;1
2626;211;231;254;land;true;forest;1
2627;166;243;23;land;false;plains;1
2628;185;72;207;land;true;forest;1
2629;215;248;153;land;false;hills;1
2630;254;229;194;land;true;plains;1
2631;244;150;149;land;false;plains;1
2632;238;251;193;land;false;forest;1
2633;58;236;120;land;true;marsh;1
2634;121;84;234;land;false;hills;1
2635;154;98;251;land;false;forest;1
2636;187;219;250;land;false;forest;1
2637;254;209;208;land;false;marsh;1
2638;99;254;219;land;false;plains;1
2639;53;207;223;land;false;forest;1
2640;241;98;104;land;false;hills;1
2641;82;130;218;land;false;forest;1
2642;138;239;242;land;false;forest;1
2643;209;251;254;land;false;desert;1
2644;113;219;229;land;false;forest;1
2645;222;244;254;land;false;forest;1
2646;236;125;38;land;false;forest;1
2647;248;235;87;land;false;plains;1
2648;133;49;219;land;false;plains;1
2649;254;255;255;land;false;forest;1
2650;248;128;71;land;false;plains;1
2651;253;212;178;land;false;forest;1
2652;222;202;254;land;true;forest;1
2653;96;126;245;land;false;forest;1
2654;53;151;215;land;false;forest;1
2655;241;128;154;land;true;plains;1
2656;233;108;242;land;false;forest;1
2657;136;245;209;land;true;plains;1
2658;69;231;181;land;false;hills;1
2659;126;125;249;land;false;forest;1
2660;107;251;119;land;false;plains;1
2661;123;238;216;land;false;plains;1
2662;254;225;180;land;false;forest;1
2663;253;231;217;land;true;forest;1
2664;212;140;246;land;true;forest;1
2665;178;232;253;land;false;forest;1
2666;140;209;250;land;true;forest;1
2667;74;189;242;land;true;plains;1
2668;105;199;247;land;false;hills;1
2669;132;244;171;land;false;plains;1
2670;79;245;203;land;false;forest;1
2671;205;253;243;land;false;mountain;1
2672;54;219;54;land;false;forest;1
2673;249;197;170;land;false;plains;1
2674;228;60;162;land;false;plains;1
2675;223;119;75;land;false;forest;1
2676;97;174;236;land;false;marsh;1
2677;249;193;124;land;false;forest;1
2678;191;229;254;land;true;plains;1
2679;204;133;249;land;false;forest;1
2680;216;192;253;land;false;forest;1
2681;255;52;153;land;false;forest;1
2682;254;194;229;land;false;plains;1
2683;148;255;241;land;false;hills;1
2684;157;222;96;land;false;plains;1
2685;61;185;239;land;false;plains;1
2686;204;253;198;land;false;plains;1
2687;255;253;236;land;false;hills;1
2688;131;92;254;land;false;desert;1
2689;115;222;236;land;false;forest;1
2690;33;35;237;land;false;hills;1
2691;166;74;236;land;false;hills;1
2692;186;252;220;land;true;forest;1
2693;237;251;192;land;false;hills;1
2694;193;57;218;land;false;hills;1
2695;75;230;119;land;true;plains;1
2696;211;159;254;land;false;forest;1
2697;241;146;237;land;false;hills;1
2698;253;194;234;land;false;forest;1
2699;60;36;231;land;false;forest;1
2700;161;204;72;land;false;plains;1
2701;248;255;253;land;false;plains;1
2702;166;220;75;land;false;marsh;1
2703;192;232;35;land;false;forest;1
2704;254;197;243;land;false;plains;1
2705;66;49;252;land;false;forest;1
2706;149;220;65;land;false;marsh;1
2707;242;221;142;land;true;plains;1
2708;234;122;107;land;false;forest;1
2709;197;62;145;land;true;marsh;1
2710;194;86;251;land;false;forest;1
2711;79;252;155;land;false;forest;1
2712;76;162;218;land;false;hills;1
2713;241;100;243;land;true;forest;1
2714;112;78;237;land;false;plains;1
2715;252;145;183;land;false;plains;1
2716;255;255;216;land;false;hills;1
2717;91;252;35;land;false;forest;1
2718;253;151;186;land;false;forest;1
2719;189;244;146;land;false;plains;1
2720;253;193;249;land;false;plains;1
2721;245;255;252;land;false;forest;1
2722;245;192;254;land;true;plains;1
2723;128;237;95;land;true;forest;1
2724;252;113;225;land;false;forest;1
2725;183;237;129;land;false;forest;1
2726;91;128;228;land;false;plains;1
2727;184;86;249;land;false;forest;1
2728;255;220;245;land;false;forest;1
2729;143;143;249;land;false;hills;1
2730;230;254;177;land;false;forest;1
2731;252;201;229;land;true;forest;1
2732;216;82;134;land;true;marsh;1
2733;188;225;67;land;false;forest;1
2734;67;92;221;land;false;forest;1
2735;239;149;131;land;false;marsh;1
2736;243;79;117;land;true;marsh;1
2737;75;168;224;land;false;urban;1
2738;103;61;216;land;false;forest;1
2739;243;244;152;land;false;plains;1
2740;235;102;50;land;false;plains;1
2741;245;147;208;land;true;forest;1
2742;252;204;242;land;false;forest;1
2743;244;131;118;land;false;hills;1
2744;178;203;254;land;false;forest;1
2745;168;138;251;land;false;plains;1
2746;254;174;218;land;false;urban;1
2747;25;86;230;land;false;plains;1
2748;232;112;119;land;true;marsh;1
2749;253;26;153;land;true;forest;1
2750;241;255;246;land;false;forest;1
2751;176;248;253;land;true;plains;1
2752;230;255;214;land;false;plains;1
2753;172;71;212;land;false;hills;1
2754;212;165;66;land;false;forest;1
2755;240;88;171;land;false;forest;1
2756;158;26;255;land;false;plains;1
2757;250;255;255;land;false;desert;1
2758;229;149;243;land;false;marsh;1
2759;108;240;180;land;false;forest;1
2760;141;246;158;land;false;desert;1
2761;146;145;248;land;false;hills;1
2762;223;254;197;land;false;forest;1
2763;200;253;238;land;false;forest;1
2764;227;221;67;land;false;hills;1
2765;255;229;233;land;false;forest;1
2766;177;247;120;land;false;forest;1
2767;237;70;196;land;false;mountain;1
2768;156;84;251;land;false;hills;1
2769;144;249;221;land;false;forest;1
2770;235;245;255;land;true;forest;1
2771;243;200;253;land;false;plains;1
2772;210;79;114;land;false;marsh;1
2773;251;204;163;land;false;forest;1
2774;45;232;160;land;false;forest;1
2775;240;187;252;land;false;desert;1
2776;234;104;41;land;false;desert;1
2777;122;228;254;land;false;urban;1
2778;195;205;252;land;false;plains;1
2779;254;213;235;land;false;forest;1
2780;245;251;255;land;false;plains;1
2781;128;219;60;land;false;plains;1
2782;254;96;129;land;false;plains;1
2783;169;204;69;land;false;plains;1
2784;254;211;233;land;false;forest;1
2785;116;238;178;land;true;plains;1
2786;255;225;238;land;false;plains;1
2787;249;91;204;land;true;plains;1
2788;229;255;236;land;false;forest;1
2789;216;249;126;land;false;forest;1
2790;239;255;220;land;true;forest;1
2791;255;174;83;land;false;plains;1
2792;253;218;177;land;false;forest;1
2793;26;248;26;land;false;forest;1
2794;8;44;251;land;false;hills;1
2795;255;242;243;land;false;urban;1
2796;227;252;134;land;false;forest;1
2797;66;208;99;land;false;forest;1
2798;254;146;195;land;false;desert;1
2799;244;159;252;land;false;plains;1
2800;211;246;253;land;true;plains;1
2801;136;250;220;land;false;hills;1
2802;86;122;248;land;true;forest;1
2803;252;233;184;land;true;plains;1
2804;238;177;126;land;false;forest;1
2805;250;148;243;land;false;hills;1
2806;208;254;229;land;false;forest;1
2807;44;212;186;land;false;hills;1
2808;249;241;255;land;false;plains;1
2809;228;218;254;land;false;desert;1
2810;123;53;210;land;false;forest;1
2811;20;212;248;land;false;forest;1
2812;244;255;219;land;true;marsh;1
2813;224;177;59;land;false;plains;1
2814;251;255;242;land;false;desert;1
2815;142;243;210;land;false;forest;1
2816;177;252;168;land;false;forest;1
2817;237;254;225;land;false;plains;1
2818;64;76;205;land;false;forest;1
2819;11;245;144;land;true;forest;1
2820;223;82;238;land;false;forest;1
2821;199;249;181;land;false;forest;1
2822;244;254;218;land;false;plains;1
2823;201;252;226;land;false;hills;1
2824;248;78;60;land;false;forest;1
2825;212;178;251;land;true;forest;1
2826;115;129;239;land;false;marsh;1
2827;89;50;241;land;false;desert;1
2828;193;75;255;land;false;plains;1
2829;201;179;249;land;false;hills;1
2830;210;253;222;land;false;forest;1
2831;252;192;189;land;false;forest;1
2832;244;165;247;land;false;forest;1
2833;153;246;185;land;true;forest;1
2834;218;80;56;land;false;hills;1
2835;247;168;196;land;true;forest;1
2836;68;70;239;land;false;hills;1
2837;202;178;250;land;true;forest;1
2838;158;189;253;land;false;plains;1
2839;114;130;250;land;false;plains;1
2840;227;225;255;land;true;forest;1
2841;172;238;24;land;false;forest;1
2842;255;245;251;land;false;forest;1
2843;242;111;232;land;false;forest;1
2844;153;250;197;land;false;plains;1
2845;247;172;247;land;true;marsh;1
2846;13;247;144;land;false;forest;1
2847;105;76;237;land;true;marsh;1
2848;204;159;252;land;false;marsh;1
2849;246;237;119;land;false;marsh;1
2850;121;144;249;land;false;forest;1
2851;140;170;248;land;true;forest;1
2852;97;240;91;land;false;desert;1
2853;225;252;117;land;false;hills;1
2854;46;221;100;land;false;forest;1
2855;255;231;249;land;false;plains;1
2856;237;250;184;land;false;forest;1
2857;174;221;249;land;false;plains;1
2858;251;200;72;land;false;desert;1
2859;248;255;244;land;false;plains;1
2860;246;108;230;land;false;mountain;1
2861;158;246;253;land;false;hills;1
2862;246;169;225;land;false;forest;1
2863;240;149;255;land;false;plains;1
2864;142;224;252;land;true;marsh;1
2865;253;185;193;land;false;hills;1
2866;95;234;159;land;true;marsh;1
2867;253;175;214;land;false;forest;1
2868;254;236;171;land;false;plains;1
2869;229;251;180;land;false;forest;1
2870;251;255;232;land;false;forest;1
2871;231;107;123;land;false;plains;1
2872;128;101;244;land;false;mountain;1
2873;184;221;102;land;false;forest;1
2874;217;255;243;land;false;plains;1
2875;216;255;250;land;false;hills;1
2876;109;255;178;land;false;mountain;1
2877;210;231;254;land;false;plains;1
2878;244;241;255;land;false;forest;1
2879;59;247;248;land;false;plains;1
2880;254;204;226;land;true;plains;1
2881;209;247;153;land;true;forest;1
2882;232;99;196;land;false;marsh;1
2883;204;254;232;land;false;forest;1
2884;253;201;166;land;true;forest;1
2885;251;163;244;land;false;forest;1
2886;237;207;123;land;false;plains;1
2887;255;209;247;land;true;plains;1
2888;144;162;249;land;false;forest;1
2889;103;214;226;land;false;forest;1
2890;88;254;88;land;false;forest;1
2891;86;238;38;land;false;hills;1
2892;46;105;229;land;true;plains;1
2893;232;225;38;land;false;plains;1
2894;121;231;248;land;true;forest;1
2895;239;150;141;land;false;plains;1
2896;158;186;251;land;false;hills;1
2897;99;243;196;land;false;forest;1
2898;156;240;105;land;false;forest;1
2899;248;96;252;land;false;hills;1
2900;127;157;240;land;false;hills;1
2901;242;213;254;land;false;plains;1
2902;244;105;249;land;false;forest;1
2903;234;255;240;land;false;forest;1
2904;248;255;254;land;false;plains;1
2905;195;51;243;land;true;urban;1
2906;198;239;253;land;false;forest;1
2907;254;212;100;land;false;forest;1
2908;161;247;206;land;true;forest;1
2909;193;217;94;land;false;urban;1
2910;233;243;255;land;false;forest;1
2911;198;253;205;land;true;forest;1
2912;253;255;226;land;false;forest;1
2913;243;252;131;land;false;plains;1
2914;145;248;230;land;false;hills;1
2915;237;232;255;land;false;urban;1
2916;89;215;229;land;false;forest;1
2917;193;187;251;land;true;marsh;1
2918;196;181;252;land;false;desert;1
2919;142;254;187;land;false;forest;1
2920;129;248;155;land;true;forest;1
2921;78;245;212;land;true;forest;1
2922;153;233;109;land;false;marsh;1
2923;242;132;217;land;false;forest;1
2924;144;214;252;land;true;forest;1
2925;98;191;233;land;false;forest;1
2926;38;49;255;land;false;plains;1
2927;224;253;155;land;false;forest;1
2928;60;246;202;land;false;plains;1
2929;71;244;134;land;true;forest;1
2930;46;216;248;land;false;plains;1
2931;224;184;254;land;false;forest;1
2932;104;226;144;land;false;plains;1
2933;33;225;194;land;false;plains;1
2934;254;219;252;land;true;plains;1
2935;146;141;249;land;false;marsh;1
2936;198;248;172;land;false;marsh;1
2937;207;56;137;land;false;hills;1
2938;255;235;245;land;false;hills;1
2939;83;217;115;land;false;hills;1
2940;202;233;252;land;false;plains;1
2941;68;126;210;land;true;forest;1
2942;131;39;221;land;false;forest;1
2943;245;192;251;land;true;forest;1
2944;234;120;247;land;false;forest;1
2945;254;194;238;land;false;plains;1
2946;250;246;103;land;false;marsh;1
2947;253;167;95;land;false;plains;1
2948;246;72;52;land;false;plains;1
2949;243;248;255;land;false;plains;1
2950;218;254;212;land;false;hills;1
2951;51;211;218;land;false;forest;1
2952;143;246;235;land;false;plains;1
2953;255;231;224;land;false;forest;1
2954;63;208;251;land;true;forest;1
2955;243;138;87;land;false;hills;1
2956;216;246;24;land;false;hills;1
2957;248;90;51;land;false;forest;1
2958;171;253;207;land;false;hills;1
2959;202;96;53;land;false;hills;1
2960;125;226;233;land;false;plains;1
2961;216;69;71;land;false;hills;1
2962;248;87;73;land;false;forest;1
2963;249;141;189;land;true;urban;1
2964;255;232;228;land;false;desert;1
2965;249;136;28;land;false;forest;1
2966;213;251;181;land;false;forest;1
2967;113;84;212;land;false;hills;1
2968;242;34;237;land;false;marsh;1
2969;255;254;249;land;false;marsh;1
2970;190;202;253;land;false;plains;1
2971;224;129;240;land;false;forest;1
2972;231;254;194;land;false;plains;1
2973;204;152;65;land;false;forest;1
2974;239;218;81;land;false;forest;1
2975;141;227;56;land;false;plains;1
2976;110;250;162;land;true;forest;1
2977;101;251;193;land;false;plains;1
2978;254;193;188;land;false;plains;1
2979;243;198;125;land;false;plains;1
2980;181;254;206;land;false;forest;1
2981;117;120;236;land;false;plains;1
2982;255;239;227;land;false;forest;1
2983;218;68;198;land;false;hills;1
2984;255;218;250;land;false;forest;1
2985;212;89;195;land;true;forest;1
2986;241;237;255;land;false;desert;1
2987;165;208;254;land;false;forest;1
2988;231;192;251;land;false;forest;1
2989;242;238;148;land;false;forest;1
2990;101;138;236;land;false;plains;1
2991;249;255;243;land;true;forest;1
2992;230;146;246;land;true;plains;1
2993;136;119;249;land;false;plains;1
2994;212;89;245;land;true;plains;1
2995;255;217;228;land;true;marsh;1
2996;255;255;255;land;true;marsh;1
2997;170;247;138;land;false;plains;1
2998;152;59;206;land;false;plains;1
2999;136;203;63;land;false;hills;1
3000;157;58;216;land;false;plains;1
3001;233;251;193;land;true;forest;1
3002;254;228;173;land;false;forest;1
3003;253;217;143;land;false;hills;1
3004;238;123;49;land;false;plains;1
3005;254;162;234;land;false;hills;1
3006;255;231;247;land;false;plains;1
3007;247;179;130;land;true;forest;1
3008;121;235;234;land;false;hills;1
3009;204;226;47;land;false;hills;1
3010;254;231;208;land;false;forest;1
3011;81;240;156;land;true;forest;1
3012;49;52;212;land;true;plains;1
3013;213;254;236;land;true;forest;1
3014;243;255;250;land;false;plains;1
3015;240;253;208;land;true;plains;1
3016;193;242;254;land;true;forest;1
3017;239;34;170;land;true;forest;1
3018;249;175;198;land;true;marsh;1
3019;193;252;244;land;false;plains;1
3020;34;235;45;land;false;plains;1
3021;245;133;167;land;false;forest;1
3022;247;255;251;land;false;plains;1
3023;184;254;244;land;false;hills;1
3024;253;216;73;land;true;marsh;1
3025;254;239;194;land;false;hills;1
3026;238;255;229;land;false;forest;1
3027;220;215;254;land;false;forest;1
3028;185;255;228;land;false;forest;1
3029;251;138;122;land;false;forest;1
3030;198;173;251;land;true;forest;1
3031;227;141;93;land;false;plains;1
3032;240;228;255;land;false;forest;1
3033;249;205;166;land;false;forest;1
3034;109;15;248;land;false;plains;1
3035;72;254;216;land;true;forest;1
3036;75;84;249;land;false;hills;1
3037;143;76;249;land;false;desert;1
3038;195;252;204;land;false;desert;1
3039;152;75;202;land;true;marsh;1
3040;246;224;255;land;false;hills;1
3041;242;179;121;land;false;hills;1
3042;229;253;191;land;false;forest;1
3043;246;252;255;land;false;hills;1
3044;147;242;63;land;false;forest;1
3045;197;241;121;land;false;forest;1
3046;43;201;252;land;false;plains;1
3047;220;236;254;land;false;plains;1
3048;217;227;254;land;false;forest;1
3049;134;238;178;land;true;forest;1
3050;221;255;243;land;false;marsh;1
3051;195;253;236;land;false;forest;1
3052;53;85;206;land;false;desert;1
3053;255;237;247;land;true;marsh;1
3054;108;188;246;land;false;forest;1
3055;126;222;247;land;false;forest;1
3056;247;88;250;land;true;marsh;1
3057;240;222;136;land;false;marsh;1
3058;227;254;208;land;false;forest;1
3059;196;234;254;land;false;plains;1
3060;95;233;130;land;false;forest;1
3061;96;80;234;land;true;forest;1
3062;168;248;226;land;false;desert;1
3063;212;63;211;land;false;forest;1
3064;253;173;225;land;true;plains;1
3065;126;240;171;land;false;plains;1
3066;165;235;248;land;false;forest;1
3067;154;244;140;land;true;forest;1
3068;115;159;229;land;true;forest;1
3069;248;133;69;land;false;forest;1
3070;196;226;253;land;false;forest;1
3071;241;118;176;land;false;forest;1
3072;133;225;33;land;false;forest;1
3073;251;67;36;land;true;forest;1
3074;255;250;246;land;true;forest;1
3075;17;255;244;land;true;plains;1
3076;152;127;247;land;false;plains;1
3077;113;187;232;land;false;hills;1
3078;164;230;84;land;true;forest;1
3079;239;183;68;land;true;plains;1
3080;212;255;253;land;true;forest;1
3081;221;248;254;land;false;forest;1
3082;200;193;254;land;false;urban;1
3083;159;251;187;land;false;plains;1
3084;50;235;147;land;true;plains;1
3085;235;253;209;land;false;forest;1
3086;74;230;132;land;false;forest;1
3087;85;71;220;land;false;forest;1
3088;168;52;209;land;false;hills;1
3089;86;217;152;land;true;forest;1
3090;75;240;87;land;false;plains;1
3091;161;227;251;land;false;plains;1
3092;223;137;44;land;false;forest;1
3093;230;110;199;land;false;plains;1
3094;254;217;244;land;false;plains;1
3095;252;236;196;land;false;forest;1
3096;252;232;201;land;true;forest;1
3097;252;91;87;land;false;plains;1
3098;250;159;245;land;false;forest;1
3099;243;203;255;land;false;forest;1
3100;253;181;198;land;false;plains;1
3101;149;244;191;land;false;forest;1
3102;223;240;254;land;false;forest;1
3103;249;129;189;land;false;forest;1
3104;118;47;244;land;false;marsh;1
3105;255;244;214;land;true;forest;1
3106;248;246;165;land;false;forest;1
3107;240;252;198;land;false;forest;1
3108;253;240;185;land;false;hills;1
3109;250;154;224;land;false;plains;1
3110;203;117;63;land;false;hills;1
3111;247;185;117;land;false;forest;1
3112;231;39;191;land;false;forest;1
3113;232;167;106;land;true;forest;1
3114;249;91;186;land;false;forest;1
3115;236;104;46;land;false;forest;1
3116;252;188;220;land;false;forest;1
3117;252;235;157;land;false;forest;1
3118;209;94;254;land;false;hills;1
3119;255;174;249;land;false;forest;1
3120;234;121;171;land;false;plains;1
3121;95;245;226;land;false;forest;1
3122;244;160;242;land;false;forest;1
3123;51;159;254;land;false;forest;1
3124;209;254;245;land;false;plains;1
3125;250;255;235;land;false;forest;1
3126;254;248;255;land;false;forest;1
3127;233;122;242;land;false;forest;1
3128;254;224;192;land;false;plains;1
3129;233;206;121;land;false;plains;1
3130;248;163;86;land;false;forest;1
3131;235;126;182;land;false;forest;1
3132;126;224;105;land;false;plains;1
3133;192;215;254;land;false;forest;1
3134;186;207;68;land;true;forest;1
3135;164;171;253;land;false;forest;1
3136;212;254;223;land;false;plains;1
3137;250;160;140;land;false;forest;1
3138;233;241;135;land;false;plains;1
3139;252;243;255;land;false;hills;1
3140;127;253;136;land;false;desert;1
3141;193;228;112;land;true;forest;1
3142;228;252;166;land;true;forest;1
3143;251;255;254;land;true;forest;1
3144;227;255;208;land;false;hills;1
3145;217;63;239;land;false;forest;1
3146;251;242;75;land;false;plains;1
3147;91;246;93;land;false;forest;1
3148;192;252;227;land;false;plains;1
3149;152;244;254;land;true;plains;1
3150;187;193;254;land;false;forest;1
3151;173;226;248;land;false;forest;1
3152;250;213;255;land;false;forest;1
3153;142;245;150;land;false;forest;1
3154;229;168;246;land;false;forest;1
3155;253;97;89;land;false;hills;1
3156;253;255;250;land;false;plains;1
3157;106;187;229;land;false;plains;1
3158;242;189;90;land;false;plains;1
3159;245;221;126;land;false;plains;1
3160;238;176;28;land;false;hills;1
3161;254;248;229;land;false;plains;1
3162;140;167;248;land;false;forest;1
3163;209;71;216;land;false;plains;1
3164;255;250;244;land;false;plains;1
3165;250;36;68;land;false;forest;1
3166;194;240;252;land;false;plains;1
3167;176;119;253;land;false;forest;1
3168;244;152;211;land;true;forest;1
3169;254;154;222;land;false;forest;1
3170;241;162;136;land;false;plains;1
3171;254;232;234;land;true;forest;1
3172;227;65;35;land;true;plains;1
3173;255;240;240;land;true;forest;1
3174;208;234;254;land;true;forest;1
3175;255;250;233;land;false;forest;1
3176;254;255;228;land;false;forest;1
3177;201;223;88;land;false;plains;1
3178;136;249;84;land;false;forest;1
3179;247;94;175;land;true;urban;1
3180;239;254;219;land;false;plains;1
3181;171;191;253;land;false;forest;1
3182;251;255;231;land;false;forest;1
3183;30;12;245;land;false;forest;1
3184;232;254;207;land;true;plains;1
3185;191;176;249;land;false;desert;1
3186;194;252;215;land;false;forest;1
3187;227;254;238;land;true;forest;1
3188;176;20;242;land;false;forest;1
3189;238;82;172;land;false;forest;1
3190;198;239;102;land;false;urban;1
3191;233;255;244;land;false;plains;1
3192;249;255;201;land;false;forest;1
3193;82;231;164;land;false;forest;1
3194;255;232;231;land;false;hills;1
3195;57;200;133;land;false;hills;1
3196;128;211;82;land;false;forest;1
3197;214;236;53;land;false;plains;1
3198;253;202;185;land;false;forest;1
3199;144;249;223;land;false;hills;1
3200;85;210;134;land;false;forest;1
3201;251;255;245;land;false;forest;1
3202;255;243;242;land;false;forest;1
3203;219;53;90;land;false;forest;1
3204;222;152;35;land;true;forest;1
3205;131;151;239;land;false;plains;1
3206;246;99;185;land;false;hills;1
3207;174;250;237;land;false;plains;1
3208;254;235;220;land;false;forest;1
3209;221;234;254;land;false;plains;1
3210;231;188;253;land;true;forest;1
3211;129;241;213;land;false;hills;1
3212;244;148;160;land;false;mountain;1
3213;236;224;255;land;false;forest;1
3214;62;243;176;land;false;marsh;1
3215;253;209;218;land;false;plains;1
3216;237;101;81;land;false;forest;1
3217;72;245;190;land;true;forest;1
3218;116;163;254;land;false;forest;1
3219;220;200;254;land;false;hills;1
3220;239;224;129;land;true;plains;1
3221;235;67;99;land;false;forest;1
3222;163;253;220;land;false;mountain;1
3223;253;210;199;land;true;forest;1
3224;147;89;243;land;false;forest;1
3225;208;253;222;land;true;marsh;1
3226;251;186;251;land;false;forest;1
3227;249;162;165;land;false;forest;1
3228;254;209;228;land;false;forest;1
3229;191;203;253;land;false;marsh;1
3230;184;199;253;land;true;forest;1
3231;86;192;227;land;false;desert;1
3232;238;207;76;land;false;forest;1
3233;225;181;106;land;false;forest;1
3234;248;143;222;land;true;plains;1
3235;243;35;238;land;false;forest;1
3236;223;47;65;land;false;hills;1
3237;178;249;180;land;false;plains;1
3238;157;216;245;land;false;plains;1
3239;203;249;125;land;true;marsh;1
3240;203;254;181;land;false;forest;1
3241;144;59;203;land;false;forest;1
3242;175;251;236;land;false;forest;1
3243;253;140;165;land;false;forest;1
3244;250;249;255;land;true;plains;1
3245;255;219;254;land;false;plains;1
3246;34;160;254;land;false;forest;1
3247;100;118;228;land;false;desert;1
3248;82;214;87;land;false;forest;1
3249;229;235;254;land;false;plains;1
3250;240;255;253;land;false;forest;1
3251;242;101;20;land;false;forest;1
3252;59;254;96;land;true;forest;1
3253;221;252;203;land;false;forest;1
3254;249;85;190;land;false;forest;1
3255;27;25;232;land;false;plains;1
3256;127;246;114;land;false;forest;1
3257;224;97;238;land;false;marsh;1
3258;52;196;218;land;false;forest;1
3259;241;200;123;land;false;forest;1
3260;205;152;251;land;false;forest;1
3261;253;254;192;land;true;forest;1
3262;153;71;199;land;false;plains;1
3263;134;207;70;land;true;desert;1
3264;251;241;255;land;false;desert;1
3265;206;134;77;land;false;plains;1
3266;168;253;149;land;false;desert;1
3267;90;150;249;land;false;hills;1
3268;214;248;153;land;false;forest;1
3269;69;178;253;land;false;plains;1
3270;250;229;143;land;false;forest;1
3271;238;248;173;land;true;forest;1
3272;255;216;223;land;false;marsh;1
3273;220;254;189;land;true;forest;1
3274;184;226;69;land;true;forest;1
3275;254;186;200;land;true;forest;1
3276;244;237;95;land;false;forest;1
3277;142;242;137;land;false;hills;1
3278;192;225;97;land;true;forest;1
3279;214;137;248;land;false;forest;1
3280;243;150;170;land;false;forest;1
3281;230;93;34;land;false;hills;1
3282;133;235;239;land;true;marsh;1
3283;241;197;108;land;false;forest;1
3284;174;238;248;land;false;plains;1
3285;250;242;158;land;false;hills;1
3286;147;250;185;land;false;forest;1
3287;236;228;255;land;false;desert;1
3288;212;253;198;land;false;marsh;1
3289;129;248;235;land;true;forest;1
3290;93;58;214;land;false;plains;1
3291;240;238;29;land;false;forest;1
3292;239;67;175;land;false;plains;1
3293;105;178;236;land;false;plains;1
3294;186;247;251;land;false;plains;1
3295;191;251;205;land;true;plains;1
3296;181;215;253;land;false;plains;1
3297;188;128;246;land;false;forest;1
3298;222;76;154;land;false;plains;1
3299;209;251;158;land;false;forest;1
3300;91;232;64;land;false;desert;1
3301;218;165;250;land;false;forest;1
3302;116;254;97;land;false;plains;1
3303;104;238;114;land;false;hills;1
3304;167;148;241;land;false;hills;1
3305;67;103;239;land;false;forest;1
3306;100;251;107;land;true;forest;1
3307;213;185;254;land;true;plains;1
3308;255;217;224;land;false;marsh;1
3309;252;189;217;land;false;plains;1
3310;236;89;218;land;false;forest;1
3311;250;241;190;land;false;forest;1
3312;214;253;206;land;true;plains;1
3313;108;208;234;land;false;plains;1
3314;250;170;162;land;false;hills;1
3315;92;240;230;land;false;forest;1
3316;239;222;254;land;true;marsh;1
3317;116;229;71;land;false;forest;1
3318;226;127;78;land;true;plains;1
3319;255;217;198;land;false;forest;1
3320;171;249;180;land;false;plains;1
3321;248;244;255;land;false;hills;1
3322;252;241;255;land;false;forest;1
3323;119;218;242;land;false;forest;1
3324;42;230;146;land;false;forest;1
3325;254;166;230;land;true;forest;1
3326;255;240;253;land;false;hills;1
3327;235;48;108;land;true;marsh;1
3328;251;107;202;land;false;marsh;1
3329;131;243;190;land;false;forest;1
3330;76;167;216;land;false;plains;1
3331;255;179;180;land;false;forest;1
3332;210;194;253;land;false;hills;1
3333;35;243;149;land;false;plains;1
3334;246;255;250;land;false;plains;1
3335;143;210;254;land;false;marsh;1
3336;254;241;213;land;false;plains;1
3337;215;227;63;land;false;forest;1
3338;204;69;129;land;false;forest;1
3339;246;187;166;land;true;marsh;1
3340;190;253;202;land;false;plains;1
3341;233;255;252;land;false;forest;1
3342;173;248;161;land;false;hills;1
3343;92;226;102;land;false;forest;1
3344;226;184;51;land;false;plains;1
3345;131;153;236;land;false;hills;1
3346;124;120;249;land;false;forest;1
3347;247;193;157;land;false;hills;1
3348;236;255;249;land;false;plains;1
3349;187;240;137;land;false;desert;1
3350;227;255;252;land;false;forest;1
3351;253;190;225;land;false;marsh;1
3352;246;253;176;land;false;forest;1
3353;255;249;218;land;false;hills;1
3354;235;232;254;land;false;plains;1
3355;247;167;143;land;false;hills;1
3356;252;167;115;land;false;plains;1
3357;176;127;234;land;false;forest;1
3358;182;225;253;land;false;hills;1
3359;255;232;251;land;true;forest;1
3360;229;34;108;land;true;forest;1
3361;223;203;253;land;false;hills;1
3362;50;207;115;land;false;plains;1
3363;255;219;244;land;false;desert;1
3364;171;251;193;land;false;forest;1
3365;167;108;244;land;false;forest;1
3366;251;250;255;land;false;forest;1
3367;162;37;240;land;false;forest;1
3368;70;192;254;land;false;plains;1
3369;240;53;57;land;false;plains;1
3370;70;248;63;land;false;plains;1
3371;151;245;193;land;true;marsh;1
3372;202;246;254;land;false;desert;1
3373;254;254;255;land;true;forest;1
3374;253;208;250;land;false;plains;1
3375;225;99;148;land;false;plains;1
3376;243;140;236;land;false;hills;1
3377;253;114;180;land;false;urban;1
3378;249;175;168;land;false;hills;1
3379;254;139;173;land;false;forest;1
3380;159;70;238;land;false;plains;1
3381;137;57;228;land;false;hills;1
3382;243;215;146;land;false;plains;1
3383;201;237;253;land;false;forest;1
3384;251;153;202;land;false;forest;1
3385;199;208;253;land;false;forest;1
3386;77;206;198;land;true;forest;1
3387;253;199;159;land;false;hills;1
3388;252;155;44;land;false;forest;1
3389;245;204;253;land;false;plains;1
3390;207;109;240;land;false;hills;1
3391;217;253;200;land;false;hills;1
3392;247;160;141;land;false;plains;1
3393;119;247;124;land;false;plains;1
3394;156;82;247;land;false;plains;1
3395;192;163;253;land;false;plains;1
3396;166;234;248;land;true;forest;1
3397;211;250;136;land;false;hills;1
3398;249;167;193;land;false;forest;1
3399;218;158;70;land;true;forest;1
3400;208;50;179;land;false;forest;1
3401;98;212;253;land;false;plains;1
3402;248;220;160;land;false;hills;1
3403;254;214;208;land;false;desert;1
3404;250;254;230;land;false;hills;1
3405;253;199;239;land;true;forest;1
3406;240;102;250;land;false;forest;1
3407;57;96;252;land;false;forest;1
3408;245;210;153;land;false;hills;1
3409;55;80;217;land;false;hills;1
3410;237;109;147;land;true;plains;1
3411;251;233;255;land;false;hills;1
3412;57;215;108;land;false;hills;1
3413;221;94;80;land;false;hills;1
3414;223;243;255;land;false;plains;1
3415;104;210;64;land;false;urban;1
3416;90;224;146;land;false;hills;1
3417;237;87;187;land;false;forest;1
3418;255;234;233;land;true;forest;1
3419;151;113;242;land;true;urban;1
3420;214;246;162;land;false;hills;1
3421;254;193;254;land;true;plains;1
3422;253;247;202;land;true;plains;1
3423;255;254;236;land;false;forest;1
3424;161;248;141;land;true;forest;1
3425;179;236;254;land;true;marsh;1
3426;254;246;218;land;false;hills;1
3427;88;199;65;land;false;forest;1
3428;95;53;213;land;false;marsh;1
3429;103;90;250;land;false;forest;1
3430;255;253;248;land;false;plains;1
3431;217;202;71;land;true;forest;1
3432;175;37;233;land;false;plains;1
3433;247;16;135;land;false;plains;1
3434;254;220;249;land;false;urban;1
3435;9;11;249;land;true;urban;1
3436;225;255;204;land;false;plains;1
3437;129;70;209;land;false;desert;1
3438;211;253;240;land;false;forest;1
3439;252;200;234;land;false;desert;1
3440;114;252;238;land;true;forest;1
3441;90;125;250;land;false;plains;1
3442;223;171;249;land;false;forest;1
3443;198;245;151;land;true;forest;1
3444;254;134;133;land;false;plains;1
3445;157;246;195;land;true;plains;1
3446;238;76;95;land;false;hills;1
3447;248;252;203;land;true;marsh;1
3448;200;251;171;land;true;forest;1
3449;150;124;233;land;false;urban;1
3450;7;121;249;land;false;hills;1
3451;245;124;161;land;false;marsh;1
3452;232;156;245;land;false;forest;1
3453;58;245;153;land;true;marsh;1
3454;254;226;229;land;false;desert;1
3455;254;227;244;land;false;plains;1
3456;93;247;239;land;true;forest;1
3457;254;196;244;land;false;plains;1
3458;255;240;245;land;true;forest;1
3459;25;139;232;land;false;forest;1
3460;186;243;252;land;false;urban;1
3461;226;239;254;land;false;marsh;1
3462;122;164;233;land;false;hills;1
3463;217;238;255;land;false;forest;1
3464;254;190;218;land;false;plains;1
3465;163;248;121;land;false;plains;1
3466;210;253;239;land;true;forest;1
3467;169;254;173;land;false;plains;1
3468;252;252;188;land;false;forest;1
3469;249;172;250;land;false;forest;1
3470;230;171;95;land;true;forest;1
3471;223;250;101;land;true;plains;1
3472;229;117;103;land;false;hills;1
3473;157;247;232;land;false;hills;1
3474;254;207;216;land;false;forest;1
3475;254;141;186;land;false;forest;1
3476;63;244;253;land;true;urban;1
3477;250;169;199;land;false;forest;1
3478;186;250;250;land;true;urban;1
3479;249;34;212;land;false;forest;1
3480;250;170;223;land;false;plains;1
3481;252;198;254;land;true;desert;1
3482;253;200;234;land;true;marsh;1
3483;255;245;253;land;true;marsh;1
3484;230;47;144;land;false;forest;1
3485;167;49;255;land;false;plains;1
3486;196;134;243;land;false;hills;1
3487;245;249;115;land;true;forest;1
3488;159;252;160;land;false;forest;1
3489;199;253;244;land;false;plains;1
3490;247;193;93;land;false;forest;1
3491;73;181;214;land;false;forest;1
3492;158;124;244;land;true;forest;1
3493;226;254;239;land;false;hills;1
3494;187;41;249;land;false;forest;1
3495;255;218;233;land;false;plains;1
3496;251;88;131;land;false;plains;1
3497;170;253;220;land;false;plains;1
3498;57;218;113;land;false;hills;1
3499;252;115;142;land;false;forest;1
3500;249;62;134;land;false;forest;1
3501;63;251;33;land;false;forest;1
3502;235;166;253;land;false;forest;1
3503;245;249;160;land;true;forest;1
3504;228;84;220;land;false;plains;1
3505;165;253;184;land;false;plains;1
3506;235;255;252;land;false;urban;1
3507;196;244;251;land;false;forest;1
3508;252;252;255;land;false;forest;1
3509;183;142;254;land;false;hills;1
3510;211;192;252;land;false;plains;1
3511;241;133;130;land;false;hills;1
3512;250;126;190;land;false;desert;1
3513;178;243;134;land;false;hills;1
3514;69;97;202;land;false;forest;1
3515;88;111;249;land;false;forest;1
3516;226;236;255;land;false;hills;1
3517;219;250;43;land;false;forest;1
3518;226;242;254;land;false;forest;1
3519;150;248;238;land;true;forest;1
3520;147;254;197;land;false;desert;1
3521;86;143;242;land;false;forest;1
3522;248;118;114;land;false;hills;1
3523;240;82;167;land;false;plains;1
3524;160;252;157;land;false;hills;1
3525;247;186;255;land;false;plains;1
3526;213;81;139;land;false;forest;1
3527;72;208;49;land;true;forest;1
3528;225;250;186;land;false;marsh;1
3529;151;253;161;land;false;plains;1
3530;135;245;248;land;false;plains;1
3531;185;252;78;land;false;forest;1
3532;221;151;96;land;false;plains;1
3533;120;62;237;land;true;plains;1
3534;239;138;200;land;false;forest;1
3535;20;243;71;land;false;plains;1
3536;51;198;247;land;false;plains;1
3537;227;212;255;land;false;plains;1
3538;188;138;255;land;false;forest;1
3539;208;219;254;land;false;hills;1
3540;171;177;248;land;false;forest;1
3541;182;214;47;land;false;marsh;1
3542;248;163;211;land;false;plains;1
3543;144;211;255;land;false;forest;1
3544;255;238;239;land;true;forest;1
3545;38;150;221;land;false;plains;1
3546;223;253;211;land;true;plains;1
3547;238;120;196;land;false;desert;1
3548;255;207;238;land;true;forest;1
3549;167;246;217;land;false;marsh;1
3550;6;253;206;land;true;plains;1
3551;255;249;213;land;false;plains;1
3552;253;201;223;land;false;plains;1
3553;253;175;223;land;true;forest;1
3554;212;239;255;land;true;forest;1
3555;177;253;203;land;false;forest;1
3556;222;251;191;land;false;plains;1
3557;235;41;177;land;false;forest;1
3558;85;226;111;land;false;forest;1
3559;250;218;127;land;false;plains;1
3560;220;75;227;land;false;forest;1
3561;254;151;212;land;false;plains;1
3562;200;60;214;land;true;marsh;1
3563;104;232;77;land;false;desert;1
3564;100;254;99;land;false;plains;1
3565;168;250;226;land;false;forest;1
3566;216;168;73;land;false;hills;1
3567;202;252;244;land;false;mountain;1
3568;149;244;88;land;false;forest;1
3569;229;189;82;land;false;marsh;1
3570;247;170;48;land;false;hills;1
3571;80;140;216;land;false;forest;1
3572;253;234;255;land;true;plains;1
3573;112;204;239;land;false;forest;1
3574;254;201;216;land;true;forest;1
3575;251;206;191;land;false;plains;1
3576;254;237;213;land;false;plains;1
3577;251;213;177;land;false;plains;1
3578;181;194;250;land;false;desert;1
3579;184;51;234;land;false;forest;1
3580;239;124;215;land;false;plains;1
3581;196;73;217;land;false;forest;1
3582;221;225;255;land;false;hills;1
3583;211;253;255;land;false;plains;1
3584;193;253;247;land;true;plains;1
3585;222;189;252;land;false;plains;1
3586;222;214;254;land;false;forest;1
3587;101;185;230;land;false;hills;1
3588;253;155;176;land;false;plains;1
3589;202;113;58;land;true;forest;1
3590;141;247;251;land;false;plains;1
3591;247;253;198;land;false;plains;1
3592;254;202;168;land;true;plains;1
3593;34;226;163;land;false;forest;1
3594;242;72;252;land;false;mountain;1
3595;91;241;81;land;false;forest;1
3596;207;253;216;land;false;plains;1
3597;54;191;227;land;false;urban;1
3598;119;238;226;land;false;hills;1
3599;116;236;46;land;false;forest;1
3600;124;241;125;land;false;plains;1
3601;202;248;141;land;false;plains;1
3602;173;216;254;land;true;marsh;1
3603;233;127;135;land;false;plains;1
3604;209;238;132;land;true;marsh;1
3605;220;255;227;land;false;marsh;1
3606;229;143;88;land;false;hills;1
3607;233;255;240;land;false;forest;1
3608;94;237;200;land;false;forest;1
3609;237;236;255;land;true;forest;1
3610;101;205;220;land;false;plains;1
3611;247;58;96;land;true;forest;1
3612;247;204;137;land;true;marsh;1
3613;201;67;167;land;false;forest;1
3614;108;253;5;land;true;forest;1
3615;232;128;27;land;false;hills;1
3616;211;53;142;land;false;forest;1
3617;226;255;211;land;false;forest;1
3618;253;182;85;land;false;hills;1
3619;176;172;247;land;false;forest;1
3620;45;221;163;land;false;plains;1
3621;231;255;229;land;false;forest;1
3622;255;245;226;land;true;plains;1
3623;88;216;166;land;true;plains;1
3624;239;142;96;land;false;hills;1
3625;186;254;207;land;false;plains;1
3626;218;217;254;land;false;hills;1
3627;168;253;244;land;false;desert;1
3628;197;62;163;land;false;forest;1
3629;254;131;117;land;false;forest;1
3630;248;232;148;land;false;forest;1
3631;173;124;249;land;false;hills;1
3632;251;40;71;land;false;plains;1
3633;80;253;55;land;false;forest;1
3634;216;253;185;land;false;forest;1
3635;254;237;222;land;false;forest;1
3636;136;194;237;land;false;plains;1
3637;248;245;255;land;false;forest;1
3638;227;237;255;land;false;hills;1
3639;251;191;173;land;false;forest;1
3640;178;250;247;land;false;hills;1
3641;246;117;68;land;false;plains;1
3642;166;254;128;land;false;plains;1
3643;188;250;138;land;false;forest;1
3644;86;254;102;land;false;forest;1
3645;133;240;250;land;false;hills;1
3646;36;231;104;land;false;forest;1
3647;255;221;218;land;false;forest;1
3648;158;146;248;land;false;plains;1
3649;255;236;193;land;false;marsh;1
3650;30;254;73;land;false;forest;1
3651;158;236;79;land;true;forest;1
3652;219;255;238;land;false;forest;1
3653;254;255;242;land;true;plains;1
3654;212;46;245;land;false;forest;1
3655;254;240;230;land;false;forest;1
3656;191;189;252;land;false;hills;1
3657;218;63;204;land;true;marsh;1
3658;233;95;107;land;false;forest;1
3659;148;55;254;land;false;desert;1
3660;247;254;157;land;false;plains;1
3661;87;109;217;land;false;desert;1
3662;168;107;248;land;false;forest;1
3663;150;249;238;land;false;mountain;1
3664;156;229;50;land;false;plains;1
3665;250;250;255;land;false;forest;1
3666;254;255;201;land;false;forest;1
3667;241;255;249;land;false;forest;1
3668;10;254;173;land;true;forest;1
3669;178;239;31;land;false;marsh;1
3670;244;173;149;land;false;urban;1
3671;254;205;216;land;false;plains;1
3672;252;181;187;land;true;forest;1
3673;201;203;254;land;false;marsh;1
3674;255;59;141;land;false;forest;1
3675;253;203;221;land;true;marsh;1
3676;209;190;253;land;true;forest;1
3677;252;170;212;land;false;forest;1
3678;162;250;220;land;false;forest;1
3679;253;197;187;land;true;urban;1
3680;92;59;225;land;false;forest;1
3681;249;94;91;land;false;plains;1
3682;254;205;152;land;false;hills;1
3683;244;254;226;land;false;forest;1
3684;254;219;235;land;false;plains;1
3685;255;248;247;land;false;forest;1
3686;226;215;253;land;false;desert;1
3687;101;212;58;land;false;forest;1
3688;199;145;246;land;false;hills;1
3689;255;44;158;land;false;forest;1
3690;192;254;216;land;false;forest;1
3691;106;183;243;land;false;plains;1
3692;203;184;249;land;false;hills;1
3693;170;157;251;land;false;hills;1
3694;188;90;217;land;true;marsh;1
3695;232;134;64;land;false;mountain;1
3696;135;214;50;land;true;forest;1
3697;108;147;237;land;false;plains;1
3698;199;246;144;land;false;forest;1
3699;233;255;239;land;false;urban;1
3700;226;179;32;land;false;forest;1
3701;51;164;249;land;false;hills;1
3702;151;204;243;land;true;plains;1
3703;248;94;187;land;false;plains;1
3704;206;67;79;land;false;forest;1
3705;236;92;95;land;true;plains;1
3706;229;71;122;land;true;urban;1
3707;125;237;210;land;true;urban;1
3708;240;235;255;land;false;plains;1
3709;79;203;231;land;false;forest;1
3710;223;151;37;land;false;plains;1
3711;255;250;253;land;true;forest;1
3712;247;68;172;land;false;plains;1
3713;178;127;249;land;false;plains;1
3714;189;250;181;land;true;forest;1
3715;163;72;254;land;true;forest;1
3716;221;170;75;land;true;plains;1
3717;65;231;210;land;false;plains;1
3718;250;219;168;land;false;desert;1
3719;252;213;204;land;false;marsh;1
3720;223;194;105;land;false;plains;1
3721;255;222;250;land;true;marsh;1
3722;237;139;241;land;false;forest;1
3723;122;241;239;land;false;desert;1
3724;164;253;235;land;false;urban;1
3725;255;177;224;land;false;plains;1
3726;252;157;244;land;false;hills;1
3727;250;160;148;land;false;forest;1
3728;249;181;176;land;false;hills;1
3729;127;156;247;land;false;forest;1
3730;158;217;44;land;true;forest;1
3731;247;57;83;land;false;plains;1
3732;255;254;240;land;false;marsh;1
3733;66;122;226;land;false;forest;1
3734;177;250;103;land;true;plains;1
3735;110;201;230;land;true;forest;1
3736;195;251;176;land;true;forest;1
3737;254;234;210;land;true;forest;1
3738;236;255;252;land;false;hills;1
3739;240;176;146;land;true;forest;1
3740;237;38;131;land;false;hills;1
3741;157;249;165;land;false;plains;1
3742;252;211;178;land;false;forest;1
3743;145;241;211;land;false;forest;1
3744;106;180;242;land;false;plains;1
3745;87;126;217;land;false;plains;1
3746;191;251;247;land;false;forest;1
3747;44;212;155;land;false;plains;1
3748;184;251;125;land;false;urban;1
3749;224;38;161;land;false;plains;1
3750;241;200;148;land;false;plains;1
3751;248;185;148;land;false;plains;1
3752;235;217;54;land;false;hills;1
3753;110;220;235;land;false;plains;1
3754;218;174;55;land;false;plains;1
3755;254;176;195;land;true;desert;1
3756;157;248;168;land;false;marsh;1
3757;99;203;239;land;true;forest;1
3758;138;94;252;land;false;hills;1
3759;188;245;121;land;false;forest;1
3760;180;151;254;land;true;marsh;1
3761;254;196;179;land;false;plains;1
3762;57;76;222;land;false;forest;1
3763;202;197;252;land;false;forest;1
3764;227;46;204;land;false;plains;1
3765;239;81;209;land;false;urban;1
3766;241;95;149;land;false;marsh;1
3767;247;155;236;land;false;forest;1
3768;17;62;238;land;false;marsh;1
3769;241;219;134;land;false;forest;1
3770;249;164;148;land;false;forest;1
3771;219;107;87;land;true;plains;1
3772;246;108;81;land;false;hills;1
3773;240;255;235;land;false;forest;1
3774;188;252;176;land;false;forest;1
3775;254;218;255;land;true;forest;1
3776;237;235;255;land;true;forest;1
3777;143;244;144;land;true;plains;1
3778;208;254;194;land;true;forest;1
3779;192;254;224;land;false;forest;1
3780;115;247;171;land;false;plains;1
3781;231;133;31;land;false;marsh;1
3782;166;237;253;land;true;marsh;1
3783;250;130;120;land;false;forest;1
3784;255;188;214;land;true;forest;1
3785;251;196;159;land;false;forest;1
3786;240;229;140;land;true;urban;1
3787;255;241;252;land;true;forest;1
3788;185;251;163;land;false;forest;1
3789;248;15;153;land;false;forest;1
3790;178;187;248;land;false;forest;1
3791;57;215;92;land;false;forest;1
3792;174;250;231;land;true;forest;1
3793;113;242;162;land;false;forest;1
3794;249;213;44;land;true;plains;1
3795;255;203;211;land;false;hills;1
3796;196;244;37;land;false;plains;1
3797;249;134;184;land;false;forest;1
3798;188;199;253;land;true;forest;1
3799;240;254;226;land;false;hills;1
3800;200;136;245;land;false;forest;1
3801;141;240;89;land;true;plains;1
3802;114;55;209;land;false;plains;1
3803;192;254;251;land;false;forest;1
3804;249;107;174;land;false;forest;1
3805;250;97;102;land;false;forest;1
3806;250;173;133;land;true;plains;1
3807;255;254;252;land;false;hills;1
3808;89;219;248;land;false;forest;1
3809;221;254;243;land;false;forest;1
3810;60;217;182;land;false;marsh;1
3811;157;54;230;land;false;plains;1
3812;237;171;253;land;false;plains;1
3813;230;244;122;land;false;forest;1
3814;213;254;243;land;true;urban;1
3815;238;240;255;land;false;urban;1
3816;125;249;138;land;true;plains;1
3817;216;52;215;land;false;marsh;1
3818;170;196;250;land;true;forest;1
3819;53;223;88;land;false;plains;1
3820;78;123;211;land;false;hills;1
3821;252;197;215;land;false;hills;1
3822;141;188;242;land;false;forest;1
3823;205;210;253;land;false;forest;1
3824;248;163;222;land;false;hills;1
3825;87;145;242;land;false;hills;1
3826;255;252;240;land;false;marsh;1
3827;115;245;174;land;false;plains;1
3828;193;111;246;land;true;forest;1
3829;50;143;222;land;false;forest;1
3830;254;220;248;land;false;forest;1
3831;203;98;245;land;true;plains;1
3832;244;254;216;land;true;marsh;1
3833;251;255;243;land;false;mountain;1
3834;254;201;245;land;false;plains;1
3835;225;65;75;land;false;forest;1
3836;21;247;214;land;false;forest;1
3837;245;135;237;land;false;forest;1
3838;238;213;254;land;false;forest;1
3839;144;143;252;land;false;forest;1
3840;149;253;230;land;false;plains;1
3841;254;227;215;land;false;plains;1
3842;235;185;254;land;true;plains;1
3843;236;189;95;land;false;forest;1
3844;255;231;237;land;false;mountain;1
3845;137;249;129;land;false;plains;1
3846;200;41;228;land;false;plains;1
3847;46;249;22;land;false;plains;1
3848;255;209;199;land;false;forest;1
3849;69;192;239;land;false;mountain;1
3850;244;240;255;land;false;desert;1
3851;97;240;190;land;false;plains;1
3852;232;227;120;land;false;forest;1
3853;255;241;242;land;true;forest;1
3854;157;139;240;land;true;forest;1
3855;161;176;248;land;true;plains;1
3856;253;179;183;land;true;forest;1
3857;188;249;172;land;false;hills;1
3858;235;251;169;land;false;forest;1
3859;158;240;245;land;false;forest;1
3860;216;207;255;land;false;forest;1
3861;245;134;116;land;false;desert;1
3862;62;188;201;land;true;marsh;1
3863;143;233;36;land;false;urban;1
3864;159;238;246;land;false;plains;1
3865;159;237;104;land;false;hills;1
3866;43;185;235;land;false;forest;1
3867;228;74;209;land;false;plains;1
3868;240;127;195;land;false;plains;1
3869;176;253;165;land;false;desert;1
3870;251;228;122;land;false;forest;1
3871;139;204;251;land;false;forest;1
3872;132;247;163;land;false;forest;1
3873;240;118;183;land;false;plains;1
3874;181;107;225;land;true;forest;1
3875;200;69;210;land;false;plains;1
3876;151;162;251;land;false;forest;1
3877;107;244;166;land;false;forest;1
3878;251;78;80;land;false;marsh;1
3879;142;242;217;land;false;hills;1
3880;254;234;255;land;false;desert;1
3881;55;234;247;land;false;marsh;1
3882;104;249;252;land;false;hills;1
3883;87;250;163;land;false;plains;1
3884;254;220;218;land;false;forest;1
3885;133;221;237;land;false;forest;1
3886;174;95;233;land;true;forest;1
3887;130;222;252;land;true;plains;1
3888;102;195;229;land;false;hills;1
3889;211;228;105;land;false;plains;1
3890;237;131;183;land;false;forest;1
3891;249;132;178;land;false;plains;1
3892;120;168;241;land;false;plains;1
3893;230;102;127;land;true;marsh;1
3894;214;38;238;land;false;hills;1
3895;250;48;119;land;true;forest;1
3896;183;146;246;land;false;forest;1
3897;205;103;72;land;false;forest;1
3898;241;21;166;land;false;plains;1
3899;224;50;182;land;false;plains;1
3900;169;132;254;land;false;forest;1
3901;229;229;116;land;false;hills;1
3902;242;161;67;land;false;forest;1
3903;36;154;238;land;false;hills;1
3904;97;177;218;land;false;hills;1
3905;206;87;224;land;false;hills;1
3906;126;253;86;land;false;forest;1
3907;255;185;212;land;false;hills;1
3908;227;252;172;land;false;forest;1
3909;255;252;233;land;false;desert;1
3910;209;253;232;land;true;forest;1
3911;239;136;135;land;false;plains;1
3912;225;253;191;land;true;urban;1
3913;228;79;117;land;false;forest;1
3914;210;254;226;land;false;plains;1
3915;79;115;230;land;false;forest;1
3916;251;200;174;land;false;forest;1
3917;56;69;207;land;false;plains;1
3918;85;116;232;land;false;plains;1
3919;176;66;196;land;false;desert;1
3920;138;141;241;land;false;plains;1
3921;206;59;205;land;false;plains;1
3922;165;250;207;land;false;urban;1
3923;119;110;237;land;false;marsh;1
3924;122;44;212;land;false;desert;1
3925;246;254;216;land;false;forest;1
3926;212;197;255;land;false;forest;1
3927;101;181;253;land;false;forest;1
3928;156;237;45;land;false;forest;1
3929;106;128;231;land;false;forest;1
3930;70;76;199;land;false;forest;1
3931;252;198;224;land;false;forest;1
3932;214;98;235;land;false;forest;1
3933;241;244;255;land;false;plains;1
3934;84;152;226;land;false;plains;1
3935;245;197;152;land;false;plains;1
3936;235;219;130;land;false;plains;1
3937;255;251;230;land;false;plains;1
3938;252;224;184;land;false;forest;1
3939;126;245;235;land;false;forest;1
3940;74;246;204;land;true;forest;1
3941;214;254;225;land;false;forest;1
3942;230;153;100;land;false;forest;1
3943;212;162;252;land;false;hills;1
3944;38;191;223;land;false;forest;1
3945;157;216;72;land;true;forest;1
3946;248;255;231;land;false;desert;1
3947;255;235;237;land;true;forest;1
3948;235;209;122;land;true;plains;1
3949;202;255;212;land;false;plains;1
3950;253;222;172;land;true;forest;1
3951;156;223;106;land;true;marsh;1
3952;101;155;247;land;true;forest;1
3953;203;222;44;land;false;plains;1
3954;226;243;133;land;false;plains;1
3955;64;207;213;land;true;marsh;1
3956;240;95;42;land;false;desert;1
3957;140;253;213;land;false;forest;1
3958;255;216;239;land;false;forest;1
3959;139;247;150;land;true;forest;1
3960;109;190;249;land;true;marsh;1
3961;86;74;206;land;false;mountain;1
3962;248;254;190;land;false;marsh;1
3963;225;119;233;land;false;forest;1
3964;224;94;167;land;false;forest;1
3965;134;95;237;land;false;forest;1
3966;240;140;219;land;false;hills;1
3967;145;131;236;land;false;forest;1
3968;248;170;87;land;false;desert;1
3969;166;158;254;land;false;forest;1
3970;207;146;67;land;false;hills;1
3971;241;251;255;land;false;forest;1
3972;54;245;115;land;false;forest;1
3973;49;226;30;land;false;hills;1
3974;82;233;208;land;true;plains;1
3975;45;74;230;land;false;plains;1
3976;87;248;161;land;false;marsh;1
3977;255;62;119;land;false;plains;1
3978;224;143;99;land;false;plains;1
3979;51;229;31;land;true;forest;1
3980;67;106;210;land;false;forest;1
3981;249;118;191;land;false;plains;1
3982;85;207;57;land;true;marsh;1
3983;254;248;131;land;false;forest;1
3984;116;187;235;land;false;forest;1
3985;65;235;190;land;false;forest;1
3986;214;91;48;land;true;forest;1
3987;114;238;98;land;false;plains;1
3988;55;138;228;land;false;hills;1
3989;252;251;135;land;false;forest;1
3990;242;246;255;land;false;plains;1
3991;229;70;192;land;false;mountain;1
3992;167;219;83;land;false;plains;1
3993;253;197;242;land;false;forest;1
3994;255;187;204;land;false;plains;1
3995;142;128;243;land;false;marsh;1
3996;117;222;251;land;false;forest;1
3997;252;207;221;land;false;forest;1
3998;97;253;254;land;false;forest;1
3999;238;240;91;land;true;forest;1
4000;251;119;204;land;false;forest;1
4001;239;203;111;land;true;forest;1
4002;254;166;250;land;false;plains;1
4003;53;251;7;land;false;forest;1
4004;97;231;88;land;false;forest;1
4005;253;231;171;land;false;forest;1
4006;73;189;214;land;true;forest;1
4007;248;40;250;land;false;forest;1
4008;99;208;82;land;false;forest;1
4009;110;65;224;land;false;hills;1
4010;209;98;231;land;false;plains;1
4011;135;248;164;land;false;hills;1
4012;197;246;254;land;true;marsh;1
4013;45;27;239;land;false;forest;1
4014;172;208;250;land;false;plains;1
4015;101;245;120;land;false;forest;1
4016;252;241;197;land;false;marsh;1
4017;236;254;221;land;false;marsh;1
4018;131;245;187;land;true;forest;1
4019;254;154;225;land;false;plains;1
4020;253;174;249;land;true;plains;1
4021;147;156;253;land;false;forest;1
4022;247;102;9;land;false;hills;1
4023;204;165;249;land;false;hills;1
4024;238;249;180;land;false;forest;1
4025;231;175;62;land;false;forest;1
4026;204;248;254;land;false;plains;1
4027;48;53;212;land;false;forest;1
4028;75;195;217;land;false;forest;1
4029;119;241;176;land;false;forest;1
4030;60;234;58;land;false;forest;1
4031;197;255;201;land;true;forest;1
4032;249;217;254;land;false;forest;1
4033;58;215;245;land;true;forest;1
4034;63;240;92;land;false;forest;1
4035;242;160;137;land;false;hills;1
4036;253;232;178;land;false;plains;1
4037;254;207;255;land;false;plains;1
4038;238;254;226;land;true;forest;1
4039;183;71;225;land;false;forest;1
4040;254;76;165;land;false;plains;1
4041;236;209;55;land;false;hills;1
4042;242;203;252;land;false;forest;1
4043;230;110;165;land;true;forest;1
4044;247;242;156;land;false;plains;1
4045;240;255;255;land;false;forest;1
4046;254;255;213;land;true;forest;1
4047;194;217;252;land;true;hills;1
4048;186;221;82;land;false;hills;1
4049;169;253;251;land;false;plains;1
4050;255;70;113;land;false;plains;1
4051;207;254;223;land;true;urban;1
4052;230;60;254;land;false;plains;1
4053;209;145;248;land;true;urban;1
4054;61;227;253;land;true;plains;1
4055;230;227;114;land;false;forest;1
4056;71;129;237;land;false;forest;1
4057;255;210;52;land;false;forest;1
4058;115;237;113;land;false;hills;1
4059;133;247;47;land;false;plains;1
4060;255;235;239;land;false;forest;1
4061;250;72;224;land;true;plains;1
4062;169;154;253;land;false;plains;1
4063;247;149;215;land;false;plains;1
4064;60;223;194;land;false;hills;1
4065;218;204;253;land;false;plains;1
4066;220;95;237;land;true;forest;1
4067;254;250;220;land;false;forest;1
4068;95;98;254;land;false;forest;1
4069;171;255;184;land;false;forest;1
4070;250;181;255;land;true;forest;1
4071;226;255;217;land;false;desert;1
4072;224;142;52;land;false;forest;1
4073;88;232;254;land;false;forest;1
4074;231;219;82;land;false;hills;1
4075;220;254;245;land;true;plains;1
4076;255;243;228;land;true;forest;1
4077;166;109;234;land;true;marsh;1
4078;208;252;199;land;false;forest;1
4079;163;247;123;land;false;forest;1
4080;226;144;98;land;false;desert;1
4081;124;251;109;land;false;forest;1
4082;244;60;222;land;false;plains;1
4083;251;254;255;land;false;marsh;1
4084;89;148;243;land;false;forest;1
4085;228;248;155;land;false;plains;1
4086;252;136;158;land;false;forest;1
4087;255;252;201;land;true;marsh;1
4088;85;216;156;land;false;forest;1
4089;209;65;85;land;false;forest;1
4090;251;202;187;land;false;forest;1
4091;228;184;253;land;false;forest;1
4092;219;76;178;land;false;forest;1
4093;29;99;241;land;false;forest;1
4094;162;206;248;land;false;plains;1
4095;164;252;210;land;false;plains;1
4096;156;10;253;land;false;forest;1
4097;61;200;131;land;false;plains;1
4098;254;255;254;land;true;plains;1
4099;207;67;134;land;true;plains;1
4100;254;239;96;land;false;forest;1
4101;244;217;153;land;false;forest;1
4102;163;251;202;land;false;plains;1
4103;255;230;236;land;false;plains;1
4104;251;255;253;land;false;plains;1
4105;218;168;246;land;false;hills;1
4106;214;175;80;land;false;marsh;1
4107;253;221;195;land;false;plains;1
4108;102;140;253;land;false;forest;1
4109;206;224;253;land;false;plains;1
4110;120;213;250;land;false;forest;1
4111;138;228;103;land;false;forest;1
4112;74;232;184;land;false;forest;1
4113;211;73;223;land;false;plains;1
4114;251;121;149;land;false;plains;1
4115;253;211;239;land;false;hills;1
4116;173;213;249;land;false;plains;1
4117;182;213;85;land;true;forest;1
4118;244;253;112;land;false;forest;1
4119;223;255;212;land;false;hills;1
4120;247;17;135;land;false;forest;1
4121;254;212;236;land;false;desert;1
4122;237;255;222;land;false;forest;1
4123;250;177;175;land;false;hills;1
4124;255;241;249;land;true;forest;1
4125;253;3;99;land;false;marsh;1
4126;236;37;169;land;false;hills;1
4127;120;231;217;land;true;plains;1
4128;255;227;253;land;false;desert;1
4129;124;44;225;land;false;plains;1
4130;64;76;194;land;false;forest;1
4131;254;119;197;land;false;forest;1
4132;79;205;98;land;false;forest;1
4133;19;11;252;land;false;forest;1
4134;248;250;255;land;true;forest;1
4135;225;168;246;land;false;forest;1
4136;251;255;246;land;false;forest;1
4137;245;61;110;land;false;plains;1
4138;250;224;174;land;false;hills;1
4139;118;237;149;land;false;plains;1
4140;180;255;200;land;false;desert;1
4141;92;250;201;land;false;hills;1
4142;190;239;122;land;false;forest;1
4143;255;207;254;land;false;forest;1
4144;252;230;138;land;false;forest;1
4145;252;211;205;land;false;forest;1
4146;233;113;96;land;false;urban;1
4147;239;224;255;land;false;plains;1
4148;181;254;148;land;false;forest;1
4149;230;32;86;land;false;hills;1
4150;230;245;129;land;false;forest;1
4151;255;247;248;land;false;forest;1
4152;19;249;184;land;false;hills;1
4153;218;211;253;land;false;plains;1
4154;207;219;254;land;false;desert;1
4155;248;155;94;land;false;forest;1
4156;250;158;245;land;false;hills;1
4157;159;250;189;land;true;forest;1
4158;244;160;177;land;false;forest;1
4159;213;99;42;land;false;forest;1
4160;242;255;248;land;false;hills;1
4161;96;81;237;land;true;forest;1
4162;249;103;112;land;true;forest;1
4163;162;249;175;land;false;desert;1
4164;242;190;252;land;false;forest;1
4165;240;255;217;land;false;plains;1
4166;226;52;244;land;false;hills;1
4167;251;227;163;land;true;plains;1
4168;252;80;166;land;false;plains;1
4169;251;227;21;land;false;plains;1
4170;245;20;102;land;false;hills;1
4171;222;140;247;land;false;plains;1
4172;79;212;236;land;false;forest;1
4173;245;106;207;land;true;forest;1
4174;130;170;236;land;false;plains;1
4175;255;243;241;land;false;plains;1
4176;241;253;208;land;false;forest;1
4177;174;170;249;land;false;forest;1
4178;241;188;113;land;false;desert;1
4179;244;248;114;land;false;forest;1
4180;118;237;222;land;false;plains;1
4181;196;249;253;land;true;plains;1
4182;245;143;252;land;false;forest;1
4183;243;79;83;land;true;forest;1
4184;222;8;255;land;false;forest;1
4185;208;254;227;land;true;forest;1
4186;216;236;83;land;false;desert;1
4187;218;254;242;land;true;forest;1
4188;188;168;248;land;false;forest;1
4189;194;91;243;land;true;marsh;1
4190;211;239;114;land;false;hills;1
4191;238;132;176;land;false;plains;1
4192;213;87;182;land;false;forest;1
4193;31;27;232;land;false;plains;1
4194;253;195;167;land;false;plains;1
4195;148;243;186;land;false;plains;1
4196;74;218;213;land;true;forest;1
4197;246;173;139;land;false;plains;1
4198;135;220;254;land;true;forest;1
4199;138;229;87;land;false;forest;1
4200;210;214;64;land;false;plains;1
4201;232;107;240;land;false;hills;1
4202;103;126;240;land;false;forest;1
4203;153;213;88;land;false;forest;1
4204;248;255;243;land;false;plains;1
4205;24;245;240;land;false;hills;1
4206;225;254;247;land;true;forest;1
4207;253;102;107;land;false;hills;1
4208;159;216;248;land;false;forest;1
4209;251;147;214;land;false;forest;1
4210;250;94;13;land;false;forest;1
4211;251;158;166;land;false;desert;1
4212;127;240;155;land;false;forest;1
4213;107;101;248;land;false;forest;1
4214;89;105;228;land;true;forest;1
4215;255;243;243;land;false;plains;1
4216;53;241;35;land;false;forest;1
4217;161;54;213;land;false;plains;1
4218;79;238;76;land;false;forest;1
4219;176;251;245;land;true;marsh;1
4220;236;242;255;land;true;forest;1
4221;248;247;255;land;false;plains;1
4222;178;234;115;land;true;plains;1
4223;213;235;62;land;true;forest;1
4224;119;158;239;land;false;forest;1
4225;193;253;194;land;false;plains;1
4226;215;172;253;land;false;hills;1
4227;248;255;239;land;false;desert;1
4228;243;201;139;land;true;plains;1
4229;12;252;180;land;false;forest;1
4230;145;201;72;land;false;plains;1
4231;205;251;122;land;false;forest;1
4232;125;160;243;land;true;forest;1
4233;223;254;191;land;false;hills;1
4234;248;104;222;land;false;forest;1
4235;254;219;219;land;false;forest;1
4236;255;244;246;land;false;plains;1
4237;254;214;233;land;false;plains;1
4238;198;73;249;land;false;forest;1
4239;213;254;242;land;false;plains;1
4240;212;228;57;land;true;forest;1
4241;96;65;224;land;false;plains;1
4242;251;148;228;land;false;forest;1
4243;149;245;93;land;true;forest;1
4244;249;164;161;land;false;hills;1
4245;239;124;213;land;false;forest;1
4246;77;148;212;land;false;desert;1
4247;236;246;255;land;false;hills;1
4248;255;241;233;land;false;desert;1
4249;195;253;222;land;false;plains;1
4250;243;254;210;land;false;forest;1
4251;245;151;32;land;false;plains;1
4252;158;244;186;land;true;plains;1
4253;143;253;48;land;false;plains;1
4254;132;249;160;land;true;forest;1
4255;235;73;53;land;false;forest;1
4256;199;254;236;land;false;forest;1
4257;248;165;188;land;false;marsh;1
4258;233;56;188;land;false;plains;1
4259;204;253;206;land;false;forest;1
4260;254;175;104;land;false;plains;1
4261;190;223;254;land;false;plains;1
4262;250;228;144;land;false;hills;1
4263;219;254;241;land;false;forest;1
4264;142;250;115;land;false;marsh;1
4265;245;213;103;land;false;hills;1
4266;53;158;241;land;false;plains;1
4267;246;243;255;land;false;plains;1
4268;51;235;123;land;true;forest;1
4269;166;243;156;land;false;plains;1
4270;210;252;154;land;false;forest;1
4271;78;243;73;land;false;forest;1
4272;71;127;203;land;false;desert;1
4273;190;219;88;land;false;mountain;1
4274;241;255;251;land;false;plains;1
4275;250;160;246;land;false;hills;1
4276;247;163;152;land;true;forest;1
4277;249;182;211;land;false;plains;1
4278;204;244;254;land;true;forest;1
4279;183;192;250;land;true;forest;1
4280;190;242;255;land;false;plains;1
4281;247;255;247;land;true;forest;1
4282;243;255;240;land;false;hills;1
4283;133;203;248;land;true;urban;1
4284;127;172;247;land;false;mountain;1
4285;98;234;92;land;false;hills;1
4286;244;232;255;land;false;forest;1
4287;216;236;255;land;false;desert;1
4288;252;208;127;land;true;forest;1
4289;244;30;107;land;false;plains;1
4290;65;227;100;land;false;hills;1
4291;118;239;140;land;false;forest;1
4292;118;245;202;land;false;hills;1
4293;224;87;128;land;false;plains;1
4294;73;148;248;land;false;hills;1
4295;83;216;116;land;true;plains;1
4296;104;22;244;land;true;marsh;1
4297;233;139;118;land;false;plains;1
4298;249;195;172;land;false;plains;1
4299;190;254;184;land;true;plains;1
4300;80;232;179;land;false;plains;1
4301;156;251;130;land;true;marsh;1
4302;246;133;217;land;false;forest;1
4303;96;222;170;land;false;hills;1
4304;254;167;59;land;true;forest;1
4305;142;247;153;land;false;forest;1
4306;97;205;71;land;false;forest;1
4307;240;128;209;land;false;hills;1
4308;251;190;174;land;false;plains;1
4309;248;137;129;land;false;hills;1
4310;71;180;246;land;false;forest;1
4311;244;160;241;land;false;hills;1
4312;204;255;233;land;false;plains;1
4313;255;241;234;land;false;forest;1
4314;206;240;28;land;false;plains;1
4315;254;237;224;land;false;plains;1
4316;200;255;210;land;false;marsh;1
4317;252;94;253;land;false;forest;1
4318;215;228;254;land;false;plains;1
4319;26;201;249;land;true;plains;1
4320;239;254;255;land;true;plains;1
4321;150;237;118;land;false;plains;1
4322;150;248;236;land;false;hills;1
4323;127;229;247;land;false;hills;1
4324;227;195;114;land;false;hills;1
4325;211;254;252;land;false;forest;1
4326;232;217;254;land;false;forest;1
4327;211;254;236;land;false;hills;1
4328;251;237;181;land;true;forest;1
4329;242;99;47;land;false;forest;1
4330;248;254;255;land;false;plains;1
4331;78;208;54;land;true;forest;1
4332;240;175;254;land;true;forest;1
4333;143;239;195;land;true;marsh;1
4334;181;254;224;land;false;hills;1
4335;248;246;64;land;false;forest;1
4336;255;241;230;land;false;urban;1
4337;53;249;107;land;false;forest;1
4338;122;243;137;land;false;hills;1
4339;169;254;103;land;false;forest;1
4340;102;222;196;land;false;desert;1
4341;222;242;114;land;false;hills;1
4342;42;221;58;land;false;forest;1
4343;176;209;250;land;false;forest;1
4344;111;217;253;land;false;plains;1
4345;213;189;255;land;false;plains;1
4346;254;205;211;land;false;forest;1
4347;210;111;74;land;false;hills;1
4348;228;186;38;land;false;forest;1
4349;40;230;93;land;false;plains;1
4350;255;239;248;land;true;marsh;1
4351;244;252;196;land;true;marsh;1
4352;239;85;122;land;false;marsh;1
4353;143;89;226;land;false;forest;1
4354;247;143;179;land;false;plains;1
4355;54;226;71;land;false;forest;1
4356;255;255;251;land;false;plains;1
4357;245;255;253;land;false;forest;1
4358;209;254;239;land;true;urban;1
4359;64;237;213;land;false;plains;1
4360;214;218;58;land;true;forest;1
4361;223;254;255;land;true;urban;1
4362;163;250;167;land;true;forest;1
4363;205;241;142;land;false;forest;1
4364;254;235;221;land;false;forest;1
4365;233;255;238;land;false;desert;1
4366;235;130;213;land;false;plains;1
4367;219;248;158;land;false;forest;1
4368;217;179;255;land;false;hills;1
4369;221;253;125;land;false;forest;1
4370;244;28;247;land;false;plains;1
4371;233;255;235;land;false;forest;1
4372;48;214;79;land;false;forest;1
4373;124;159;241;land;false;desert;1
4374;206;253;243;land;false;forest;1
4375;242;201;136;land;false;plains;1
4376;249;255;245;land;true;forest;1
4377;194;255;211;land;false;mountain;1
4378;205;254;195;land;false;forest;1
4379;107;228;187;land;true;plains;1
4380;110;130;227;land;false;plains;1
4381;253;255;255;land;false;hills;1
4382;224;150;254;land;false;forest;1
4383;239;131;202;land;false;forest;1
4384;148;103;243;land;false;hills;1
4385;126;44;237;land;false;hills;1
4386;229;240;255;land;false;forest;1
4387;253;250;207;land;false;plains;1
4388;230;122;235;land;true;urban;1
4389;255;236;252;land;false;forest;1
4390;168;248;41;land;false;forest;1
4391;240;243;255;land;false;forest;1
4392;207;253;248;land;true;forest;1
4393;252;195;105;land;true;forest;1
4394;243;103;247;land;false;forest;1
4395;74;214;170;land;false;plains;1
4396;239;136;100;land;false;hills;1
4397;250;209;254;land;false;forest;1
4398;247;104;176;land;true;plains;1
4399;95;131;238;land;true;marsh;1
4400;146;57;227;land;false;marsh;1
4401;250;185;63;land;false;forest;1
4402;100;241;190;land;false;plains;1
4403;175;250;178;land;true;forest;1
4404;199;58;68;land;false;hills;1
4405;163;219;245;land;false;forest;1
4406;2;73;65;sea;true;ocean;0
4407;127;163;244;land;false;plains;1
4408;111;164;228;land;false;marsh;1
4409;255;255;247;land;false;desert;1
4410;166;231;250;land;true;forest;1
4411;71;230;252;land;false;forest;1
4412;140;157;246;land;true;urban;1
4413;249;237;255;land;false;forest;1
4414;67;66;196;land;true;forest;1
4415;148;106;241;land;true;forest;1
4416;199;253;192;land;false;forest;1
4417;47;140;230;land;true;marsh;1
4418;255;227;214;land;false;forest;1
4419;230;231;255;land;false;hills;1
4420;250;131;111;land;true;forest;1
4421;155;248;128;land;false;plains;1
4422;249;207;253;land;false;plains;1
4423;120;241;152;land;false;forest;1
4424;98;222;164;land;false;desert;1
4425;138;54;231;land;false;hills;1
4426;247;199;144;land;false;forest;1
4427;244;114;180;land;false;plains;1
4428;116;110;242;land;false;forest;1
4429;255;254;225;land;false;forest;1
4430;245;161;167;land;false;forest;1
4431;34;249;80;land;false;forest;1
4432;221;222;255;land;false;plains;1
4433;254;225;246;land;false;hills;1
4434;202;68;248;land;false;forest;1
4435;244;221;54;land;true;urban;1
4436;66;177;244;land;false;forest;1
4437;244;255;228;land;false;desert;1
4438;85;202;240;land;false;forest;1
4439;229;109;90;land;true;forest;1
4440;236;50;226;land;false;forest;1
4441;126;190;254;land;true;plains;1
4442;181;168;248;land;false;forest;1
4443;69;229;50;land;false;plains;1
4444;197;249;111;land;false;plains;1
4445;190;254;169;land;true;forest;1
4446;103;243;64;land;true;forest;1
4447;254;241;211;land;false;forest;1
4448;77;213;185;land;false;forest;1
4449;253;238;255;land;false;plains;1
4450;187;109;234;land;false;forest;1
4451;252;183;154;land;false;forest;1
4452;251;155;192;land;true;plains;1
4453;243;157;247;land;false;plains;1
4454;248;87;158;land;false;forest;1
4455;252;254;255;land;false;forest;1
4456;237;255;248;land;false;hills;1
4457;197;154;61;land;false;forest;1
4458;54;225;226;land;false;forest;1
4459;116;255;184;land;false;forest;1
4460;114;231;214;land;false;plains;1
4461;233;215;27;land;true;plains;1
4462;192;254;211;land;false;hills;1
4463;140;241;218;land;false;plains;1
4464;181;239;133;land;false;forest;1
4465;245;145;227;land;true;plains;1
4466;254;204;216;land;false;desert;1
4467;254;244;210;land;false;forest;1
4468;234;149;126;land;false;plains;1
4469;242;158;130;land;true;forest;1
4470;242;191;255;land;true;forest;1
4471;187;89;252;land;false;plains;1
4472;254;235;222;land;false;plains;1
4473;255;194;62;land;false;forest;1
4474;253;175;219;land;true;forest;1
4475;170;72;248;land;false;forest;1
4476;244;233;147;land;false;urban;1
4477;235;202;115;land;true;plains;1
4478;144;243;144;land;false;plains;1
4479;79;254;128;land;false;forest;1
4480;192;248;96;land;true;plains;1
4481;233;228;117;land;false;forest;1
4482;240;164;42;land;false;plains;1
4483;255;242;235;land;false;forest;1
4484;190;244;142;land;false;hills;1
4485;250;179;185;land;false;plains;1
4486;243;74;210;land;true;forest;1
4487;28;182;250;land;false;forest;1
4488;231;167;120;land;false;forest;1
4489;145;246;195;land;false;plains;1
4490;254;205;244;land;false;hills;1
4491;237;103;197;land;false;forest;1
4492;200;239;253;land;false;hills;1
4493;167;251;17;land;false;desert;1
4494;196;254;221;land;false;desert;1
4495;146;216;55;land;true;forest;1
4496;189;52;249;land;true;forest;1
4497;59;211;246;land;false;forest;1
4498;254;208;245;land;true;marsh;1
4499;253;245;78;land;false;forest;1
4500;255;255;242;land;false;plains;1
4501;250;125;205;land;false;forest;1
4502;85;241;168;land;false;forest;1
4503;244;166;77;land;false;hills;1
4504;179;193;255;land;false;marsh;1
4505;254;231;225;land;true;plains;1
4506;208;185;252;land;false;forest;1
4507;131;242;208;land;true;plains;1
4508;214;252;143;land;false;forest;1
4509;255;226;220;land;false;hills;1
4510;211;253;186;land;false;forest;1
4511;254;200;212;land;false;forest;1
4512;252;253;173;land;false;marsh;1
4513;236;120;115;land;true;forest;1
4514;71;246;211;land;false;forest;1
4515;238;195;252;land;true;forest;1
4516;251;83;172;land;true;forest;1
4517;176;134;241;land;true;plains;1
4518;208;223;253;land;false;forest;1
4519;255;241;45;land;false;hills;1
4520;135;71;209;land;false;forest;1
4521;109;215;255;land;false;forest;1
4522;181;254;188;land;false;hills;1
4523;244;156;182;land;true;forest;1
4524;61;251;92;land;true;urban;1
4525;231;255;232;land;false;forest;1
4526;207;37;218;land;true;forest;1
4527;239;228;255;land;false;plains;1
4528;158;254;163;land;false;plains;1
4529;152;226;99;land;false;forest;1
4530;249;119;198;land;false;plains;1
4531;241;90;133;land;true;forest;1
4532;255;236;254;land;false;forest;1
4533;178;251;182;land;false;forest;1
4534;251;195;216;land;true;forest;1
4535;201;139;59;land;true;marsh;1
4536;22;218;238;land;false;plains;1
4537;191;189;255;land;false;forest;1
4538;79;25;235;land;false;forest;1
4539;117;43;224;land;false;plains;1
4540;140;197;248;land;false;plains;1
4541;75;193;222;land;true;urban;1
4542;243;238;255;land;false;plains;1
4543;39;217;245;land;false;plains;1
4544;252;144;119;land;false;forest;1
4545;173;254;250;land;false;forest;1
4546;111;226;207;land;false;forest;1
4547;230;177;253;land;true;forest;1
4548;238;207;137;land;false;desert;1
4549;251;140;239;land;false;plains;1
4550;254;90;139;land;false;forest;1
4551;251;222;171;land;false;forest;1
4552;224;160;248;land;true;forest;1
4553;142;254;121;land;false;forest;1
4554;255;244;244;land;false;plains;1
4555;254;239;226;land;false;forest;1
4556;108;237;242;land;true;marsh;1
4557;247;165;182;land;false;forest;1
4558;222;254;252;land;false;forest;1
4559;212;253;47;land;false;hills;1
4560;241;110;67;land;true;forest;1
4561;101;125;253;land;false;desert;1
4562;95;178;220;land;false;hills;1
4563;236;254;255;land;true;marsh;1
4564;86;241;170;land;false;plains;1
4565;254;133;215;land;false;mountain;1
4566;61;246;23;land;false;forest;1
4567;192;228;107;land;false;forest;1
4568;50;249;194;land;false;forest;1
4569;255;82;57;land;false;forest;1
4570;254;66;88;land;true;marsh;1
4571;248;153;145;land;true;forest;1
4572;108;242;222;land;false;plains;1
4573;137;136;246;land;false;plains;1
4574;134;172;250;land;false;forest;1
4575;189;239;254;land;false;plains;1
4576;187;236;252;land;false;hills;1
4577;197;250;252;land;false;plains;1
4578;254;115;172;land;false;mountain;1
4579;241;120;245;land;false;plains;1
4580;156;145;243;land;false;forest;1
4581;184;178;253;land;true;plains;1
4582;192;205;252;land;false;forest;1
4583;228;236;106;land;false;plains;1
4584;53;78;248;land;false;forest;1
4585;170;234;251;land;false;hills;1
4586;144;205;240;land;false;forest;1
4587;104;51;241;land;false;forest;1
4588;236;111;106;land;true;forest;1
4589;230;233;255;land;true;plains;1
4590;37;108;230;land;true;plains;1
4591;232;209;255;land;false;plains;1
4592;193;251;218;land;true;forest;1
4593;244;70;235;land;false;forest;1
4594;232;254;176;land;false;forest;1
4595;230;111;98;land;false;forest;1
4596;251;163;106;land;false;forest;1
4597;95;242;213;land;false;plains;1
4598;254;225;236;land;false;hills;1
4599;135;64;252;land;false;hills;1
4600;149;242;32;land;false;plains;1
4601;148;252;253;land;false;hills;1
4602;254;208;142;land;true;plains;1
4603;216;211;253;land;true;marsh;1
4604;233;252;255;land;false;hills;1
4605;254;235;197;land;false;plains;1
4606;240;253;255;land;false;forest;1
4607;236;204;63;land;false;hills;1
4608;191;233;254;land;false;forest;1
4609;72;81;213;land;false;plains;1
4610;254;223;232;land;false;forest;1
4611;194;248;50;land;false;plains;1
4612;255;238;230;land;false;urban;1
4613;255;237;238;land;false;hills;1
4614;180;249;244;land;false;desert;1
4615;106;227;123;land;false;forest;1
4616;175;212;253;land;true;forest;1
4617;208;192;252;land;true;forest;1
4618;135;245;202;land;false;forest;1
4619;96;253;44;land;false;plains;1
4620;255;219;252;land;false;forest;1
4621;254;229;215;land;true;forest;1
4622;239;241;255;land;true;forest;1
4623;110;243;218;land;false;plains;1
4624;232;235;255;land;false;plains;1
4625;254;138;139;land;false;forest;1
4626;213;107;227;land;false;hills;1
4627;246;255;248;land;false;forest;1
4628;143;248;211;land;false;forest;1
4629;186;253;182;land;false;forest;1
4630;104;241;142;land;false;forest;1
4631;203;253;185;land;false;forest;1
4632;242;184;72;land;true;forest;1
4633;234;209;92;land;true;forest;1
4634;135;234;239;land;true;forest;1
4635;152;245;254;land;false;forest;1
4636;235;252;157;land;false;forest;1
4637;195;63;203;land;false;plains;1
4638;137;62;219;land;false;plains;1
4639;235;72;86;land;false;plains;1
4640;62;245;159;land;true;plains;1
4641;253;214;188;land;false;forest;1
4642;156;114;250;land;true;forest;1
4643;244;225;254;land;true;marsh;1
4644;226;157;108;land;false;forest;1
4645;252;244;255;land;false;hills;1
4646;254;182;129;land;false;plains;1
4647;252;149;223;land;true;forest;1
4648;240;251;255;land;false;forest;1
4649;227;33;153;land;false;plains;1
4650;157;134;241;land;false;forest;1
4651;254;185;198;land;true;hills;1
4652;175;254;254;land;false;forest;1
4653;220;146;47;land;true;plains;1
4654;24;254;29;land;false;marsh;1
4655;47;74;222;land;true;marsh;1
4656;255;235;240;land;true;marsh;1
4657;189;253;233;land;false;hills;1
4658;242;68;89;land;true;desert;1
4659;155;244;163;land;false;forest;1
4660;218;229;96;land;true;marsh;1
4661;238;118;106;land;false;forest;1
4662;82;212;152;land;true;marsh;1
4663;255;230;253;land;false;plains;1
4664;236;92;172;land;false;plains;1
4665;235;123;249;land;false;desert;1
4666;244;255;236;land;false;hills;1
4667;255;205;208;land;true;forest;1
4668;228;201;45;land;true;plains;1
4669;40;55;233;land;false;forest;1
4670;100;223;149;land;false;plains;1
4671;203;254;228;land;true;forest;1
4672;240;230;144;land;false;hills;1
4673;144;159;252;land;false;forest;1
4674;247;229;255;land;false;plains;1
4675;213;203;67;land;false;forest;1
4676;101;224;141;land;true;plains;1
4677;206;252;163;land;false;urban;1
4678;193;184;253;land;false;mountain;1
4679;244;255;233;land;false;urban;1
4680;91;253;55;land;false;marsh;1
4681;110;232;28;land;false;plains;1
4682;229;254;215;land;false;plains;1
4683;252;252;198;land;true;marsh;1
4684;240;104;250;land;true;marsh;1
4685;243;239;125;land;false;plains;1
4686;254;211;253;land;false;plains;1
4687;208;49;59;land;true;plains;1
4688;252;240;193;land;true;forest;1
4689;208;115;231;land;true;forest;1
4690;251;223;169;land;false;forest;1
4691;172;227;103;land;false;forest;1
4692;240;182;136;land;false;forest;1
4693;254;213;240;land;false;forest;1
4694;226;60;122;land;false;forest;1
4695;251;244;255;land;false;hills;1
4696;153;224;81;land;true;forest;1
4697;173;178;251;land;false;forest;1
4698;223;138;241;land;false;forest;1
4699;242;136;207;land;false;forest;1
4700;222;210;253;land;true;forest;1
4701;48;240;204;land;false;desert;1
4702;31;251;216;land;false;hills;1
4703;196;173;253;land;true;forest;1
4704;249;131;50;land;false;forest;1
4705;138;87;223;land;true;forest;1
4706;138;220;250;land;false;forest;1
4707;236;248;166;land;false;forest;1
4708;232;254;235;land;false;hills;1
4709;148;245;233;land;false;plains;1
4710;231;95;177;land;true;forest;1
4711;245;211;253;land;false;forest;1
4712;106;234;114;land;false;forest;1
4713;170;10;252;land;false;plains;1
4714;197;210;253;land;false;plains;1
4715;228;97;181;land;false;plains;1
4716;225;210;254;land;true;forest;1
4717;203;227;83;land;false;forest;1
4718;255;226;237;land;false;forest;1
4719;230;63;221;land;false;hills;1
4720;182;211;253;land;true;urban;1
4721;247;165;211;land;false;hills;1
4722;233;253;126;land;false;plains;1
4723;252;255;249;land;false;desert;1
4724;223;55;89;land;true;marsh;1
4725;249;156;242;land;false;forest;1
4726;107;251;242;land;false;forest;1
4727;218;253;207;land;false;plains;1
4728;175;48;246;land;false;plains;1
4729;71;228;178;land;true;plains;1
4730;91;215;240;land;false;forest;1
4731;109;166;229;land;false;forest;1
4732;203;73;211;land;false;forest;1
4733;252;153;202;land;false;forest;1
4734;254;237;229;land;false;forest;1
4735;89;92;239;land;true;forest;1
4736;247;208;117;land;false;desert;1
4737;131;122;232;land;false;forest;1
4738;175;249;253;land;false;hills;1
4739;94;224;228;land;false;forest;1
4740;79;234;35;land;false;forest;1
4741;107;209;232;land;true;forest;1
4742;230;201;43;land;false;plains;1
4743;164;249;253;land;true;marsh;1
4744;72;112;218;land;true;urban;1
4745;251;112;38;land;false;forest;1
4746;144;245;226;land;false;forest;1
4747;175;249;108;land;false;hills;1
4748;207;246;43;land;false;forest;1
4749;224;209;101;land;true;forest;1
4750;160;249;214;land;false;plains;1
4751;211;255;223;land;false;forest;1
4752;196;163;248;land;false;plains;1
4753;158;179;246;land;false;forest;1
4754;239;192;254;land;false;hills;1
4755;240;123;178;land;false;forest;1
4756;254;225;191;land;false;plains;1
4757;217;66;226;land;false;forest;1
4758;251;74;207;land;false;forest;1
4759;217;240;110;land;true;plains;1
4760;199;204;63;land;false;hills;1
4761;244;255;243;land;false;plains;1
4762;160;142;240;land;true;plains;1
4763;247;212;255;land;false;forest;1
4764;238;231;255;land;false;plains;1
4765;153;252;183;land;true;marsh;1
4766;169;98;248;land;false;forest;1
4767;254;246;255;land;false;forest;1
4768;247;173;246;land;true;forest;1
4769;254;214;236;land;false;hills;1
4770;253;220;196;land;false;marsh;1
4771;230;131;110;land;false;hills;1
4772;248;133;243;land;false;hills;1
4773;97;225;253;land;true;marsh;1
4774;211;162;246;land;false;hills;1
4775;205;252;129;land;false;plains;1
4776;255;128;195;land;false;plains;1
4777;237;110;114;land;false;hills;1
4778;139;251;123;land;false;forest;1
4779;166;237;130;land;true;forest;1
4780;220;237;254;land;true;forest;1
4781;254;237;187;land;false;plains;1
4782;244;255;246;land;true;forest;1
4783;225;255;232;land;false;plains;1
4784;250;230;166;land;false;forest;1
4785;229;252;193;land;false;forest;1
4786;247;201;254;land;true;plains;1
4787;54;218;221;land;false;forest;1
4788;147;172;245;land;false;hills;1
4789;219;210;87;land;false;hills;1
4790;255;233;249;land;false;forest;1
4791;86;60;243;land;true;marsh;1
4792;105;188;244;land;false;plains;1
4793;126;251;244;land;false;forest;1
4794;253;204;203;land;false;plains;1
4795;232;180;120;land;true;forest;1
4796;242;143;144;land;true;marsh;1
4797;219;175;95;land;false;forest;1
4798;57;244;231;land;false;desert;1
4799;255;241;243;land;true;forest;1
4800;188;250;248;land;false;plains;1
4801;182;169;255;land;false;forest;1
4802;142;253;186;land;false;forest;1
4803;247;176;249;land;false;forest;1
4804;180;253;225;land;false;hills;1
4805;124;135;244;land;false;forest;1
4806;182;252;194;land;false;plains;1
4807;254;229;255;land;false;plains;1
4808;251;170;252;land;false;plains;1
4809;62;194;157;land;false;plains;1
4810;144;211;243;land;false;forest;1
4811;255;214;243;land;false;forest;1
4812;146;142;245;land;false;forest;1
4813;152;169;249;land;false;forest;1
4814;255;251;185;land;true;forest;1
4815;129;254;133;land;false;forest;1
4816;184;248;135;land;false;hills;1
4817;247;254;224;land;false;hills;1
4818;122;241;193;land;false;plains;1
4819;249;124;132;land;false;plains;1
4820;121;206;251;land;false;plains;1
4821;246;205;255;land;false;hills;1
4822;215;138;245;land;false;plains;1
4823;197;78;252;land;true;plains;1
4824;142;233;125;land;false;hills;1
4825;181;81;221;land;false;plains;1
4826;68;76;229;land;false;forest;1
4827;254;208;231;land;false;plains;1
4828;250;255;234;land;false;forest;1
4829;216;253;194;land;true;plains;1
4830;131;77;222;land;true;marsh;1
4831;231;242;254;land;false;forest;1
4832;133;115;235;land;false;plains;1
4833;197;92;248;land;false;forest;1
4834;241;255;233;land;false;forest;1
4835;233;98;71;land;true;forest;1
4836;249;115;234;land;false;plains;1
4837;235;253;177;land;false;plains;1
4838;254;209;172;land;false;hills;1
4839;223;28;244;land;false;hills;1
4840;170;208;254;land;false;forest;1
4841;213;153;69;land;false;forest;1
4842;250;255;254;land;false;forest;1
4843;141;112;254;land;false;plains;1
4844;200;56;113;land;true;forest;1
4845;225;237;107;land;false;plains;1
4846;205;231;253;land;false;forest;1
4847;210;245;254;land;false;marsh;1
4848;111;245;72;land;true;forest;1
4849;24;244;254;land;true;forest;1
4850;128;251;227;land;true;marsh;1
4851;59;246;107;land;false;forest;1
4852;246;66;179;land;true;urban;1
4853;223;62;35;land;false;hills;1
4854;252;251;198;land;true;forest;1
4855;242;194;60;land;false;marsh;1
4856;64;172;197;land;false;forest;1
4857;179;190;253;land;false;plains;1
4858;232;122;184;land;false;forest;1
4859;239;22;222;land;false;forest;1
4860;255;245;252;land;true;forest;1
4861;237;164;125;land;false;forest;1
4862;133;14;245;land;false;hills;1
4863;167;242;127;land;false;forest;1
4864;249;148;246;land;true;plains;1
4865;238;201;253;land;true;marsh;1
4866;66;254;217;land;false;plains;1
4867;159;207;252;land;false;plains;1
4868;254;239;220;land;false;plains;1
4869;186;252;188;land;false;forest;1
4870;204;51;254;land;false;forest;1
4871;102;243;190;land;false;hills;1
4872;96;139;254;land;false;hills;1
4873;35;234;148;land;false;hills;1
4874;254;133;152;land;false;forest;1
4875;255;244;252;land;false;forest;1
4876;165;252;158;land;false;forest;1
4877;221;190;252;land;false;hills;1
4878;77;202;225;land;false;forest;1
4879;254;253;255;land;false;hills;1
4880;254;88;85;land;false;forest;1
4881;159;241;107;land;true;plains;1
4882;239;217;95;land;false;hills;1
4883;68;72;253;land;false;hills;1
4884;220;216;48;land;false;hills;1
4885;159;187;248;land;false;hills;1
4886;233;170;125;land;false;desert;1
4887;238;81;81;land;false;plains;1
4888;173;94;250;land;false;plains;1
4889;234;23;143;land;true;plains;1
4890;235;28;169;land;false;plains;1
4891;243;77;96;land;true;forest;1
4892;232;101;222;land;false;hills;1
4893;246;68;142;land;true;forest;1
4894;240;239;255;land;true;marsh;1
4895;194;255;234;land;false;hills;1
4896;190;140;255;land;false;hills;1
4897;239;242;255;land;true;plains;1
4898;238;49;52;land;true;forest;1
4899;219;75;117;land;true;forest;1
4900;54;254;233;land;false;forest;1
4901;122;248;169;land;true;marsh;1
4902;188;97;251;land;false;plains;1
4903;227;136;250;land;true;forest;1
4904;232;250;152;land;false;plains;1
4905;136;219;59;land;false;forest;1
4906;221;43;176;land;false;hills;1
4907;239;254;226;land;false;hills;1
4908;253;194;248;land;false;forest;1
4909;205;74;244;land;false;forest;1
4910;97;149;222;land;true;urban;1
4911;223;218;254;land;false;forest;1
4912;252;190;194;land;false;forest;1
4913;253;206;164;land;false;forest;1
4914;216;112;236;land;false;plains;1
4915;255;177;233;land;true;forest;1
4916;132;252;176;land;true;forest;1
4917;249;165;216;land;false;plains;1
4918;223;60;104;land;false;marsh;1
4919;56;232;177;land;true;marsh;1
4920;177;103;230;land;true;forest;1
4921;229;253;209;land;true;urban;1
4922;255;239;238;land;false;hills;1
4923;255;193;185;land;true;plains;1
4924;245;86;206;land;false;forest;1
4925;130;252;74;land;false;forest;1
4926;228;103;219;land;false;forest;1
4927;31;158;234;land;false;plains;1
4928;225;44;223;land;false;forest;1
4929;229;251;152;land;false;forest;1
4930;195;254;230;land;false;urban;1
4931;233;139;85;land;false;forest;1
4932;108;95;243;land;true;plains;1
4933;252;228;155;land;false;desert;1
4934;214;254;180;land;false;forest;1
4935;235;142;130;land;true;marsh;1
4936;124;235;197;land;true;forest;1
4937;146;64;209;land;true;desert;1
4938;146;76;215;land;false;forest;1
4939;212;241;253;land;true;marsh;1
4940;175;249;248;land;false;plains;1
4941;184;117;252;land;true;marsh;1
4942;227;163;253;land;false;hills;1
4943;102;135;245;land;false;forest;1
4944;235;255;225;land;false;desert;1
4945;252;80;213;land;false;plains;1
4946;103;47;214;land;false;forest;1
4947;234;97;29;land;true;plains;1
4948;91;218;236;land;false;forest;1
4949;116;84;252;land;false;hills;1
4950;119;240;52;land;true;marsh;1
4951;254;219;212;land;true;forest;1
4952;130;61;226;land;true;marsh;1
4953;254;213;215;land;false;forest;1
4954;254;108;105;land;false;plains;1
4955;253;186;200;land;false;forest;1
4956;202;129;235;land;false;forest;1
4957;75;234;124;land;true;plains;1
4958;203;163;254;land;false;plains;1
4959;241;236;118;land;false;plains;1
4960;75;254;201;land;false;plains;1
4961;253;225;183;land;false;plains;1
4962;254;207;210;land;false;marsh;1
4963;217;254;228;land;false;plains;1
4964;52;228;37;land;true;marsh;1
4965;95;231;64;land;false;forest;1
4966;238;143;124;land;false;forest;1
4967;254;230;228;land;false;plains;1
4968;250;190;165;land;false;hills;1
4969;235;123;230;land;true;marsh;1
4970;240;174;248;land;false;forest;1
4971;154;221;245;land;false;forest;1
4972;185;242;150;land;true;forest;1
4973;39;218;211;land;false;plains;1
4974;250;25;143;land;false;hills;1
4975;126;49;230;land;false;plains;1
4976;189;244;82;land;true;forest;1
4977;184;255;152;land;true;plains;1
4978;218;169;61;land;false;forest;1
4979;121;171;232;land;true;forest;1
4980;137;232;113;land;false;forest;1
4981;242;249;104;land;false;hills;1
4982;70;232;252;land;false;plains;1
4983;125;47;213;land;false;forest;1
4984;245;198;252;land;false;forest;1
4985;202;172;251;land;false;hills;1
4986;202;175;248;land;false;forest;1
4987;219;247;254;land;true;plains;1
4988;209;108;66;land;false;plains;1
4989;238;68;177;land;false;hills;1
4990;198;245;104;land;false;forest;1
4991;229;180;252;land;false;forest;1
4992;247;238;255;land;true;marsh;1
4993;252;212;109;land;false;hills;1
4994;252;201;236;land;false;forest;1
4995;255;224;224;land;true;marsh;1
4996;151;155;246;land;true;urban;1
4997;149;110;239;land;false;forest;1
4998;231;199;253;land;false;forest;1
4999;142;223;249;land;false;forest;1
5000;218;254;246;land;false;hills;1
5001;229;141;251;land;false;forest;1
5002;181;250;226;land;false;hills;1
5003;116;223;81;land;false;forest;1
5004;255;237;233;land;false;forest;1
5005;249;242;255;land;false;forest;1
5006;252;253;71;land;false;plains;1
5007;242;46;221;land;false;hills;1
5008;252;249;199;land;false;forest;1
5009;214;232;254;land;false;forest;1
5010;168;154;249;land;false;forest;1
5011;163;253;159;land;false;plains;1
5012;251;107;248;land;false;forest;1
5013;251;243;255;land;false;desert;1
5014;254;213;229;land;false;forest;1
5015;135;245;152;land;false;hills;1
5016;251;155;197;land;false;plains;1
5017;90;240;79;land;false;plains;1
5018;252;158;130;land;true;plains;1
5019;124;155;234;land;false;plains;1
5020;182;123;244;land;false;plains;1
5021;194;251;251;land;false;forest;1
5022;88;248;42;land;true;urban;1
5023;59;223;253;land;false;forest;1
5024;201;67;181;land;false;forest;1
5025;255;155;182;land;false;urban;1
5026;161;240;248;land;false;plains;1
5027;228;114;228;land;true;marsh;1
5028;208;210;255;land;true;marsh;1
5029;239;255;238;land;false;hills;1
5030;175;249;126;land;false;desert;1
5031;252;196;204;land;false;hills;1
5032;122;178;247;land;false;forest;1
5033;246;83;168;land;false;mountain;1
5034;174;225;48;land;true;plains;1
5035;128;246;34;land;false;hills;1
5036;251;65;161;land;false;forest;1
5037;254;253;217;land;true;urban;1
5038;242;253;212;land;true;forest;1
5039;126;234;238;land;true;forest;1
5040;250;48;159;land;false;plains;1
5041;73;242;218;land;false;hills;1
5042;170;204;253;land;false;hills;1
5043;170;67;209;land;false;plains;1
5044;61;219;93;land;false;forest;1
5045;66;103;251;land;true;forest;1
5046;179;226;254;land;false;hills;1
5047;163;97;226;land;false;forest;1
5048;154;243;204;land;true;forest;1
5049;250;255;212;land;false;forest;1
5050;226;235;255;land;true;forest;1
5051;250;124;145;land;false;forest;1
5052;65;94;200;land;false;forest;1
5053;250;88;212;land;false;plains;1
5054;236;253;217;land;false;forest;1
5055;211;82;210;land;false;hills;1
5056;27;245;238;land;false;forest;1
5057;196;251;253;land;true;forest;1
5058;249;130;34;land;false;desert;1
5059;254;255;238;land;true;forest;1
5060;194;253;223;land;false;plains;1
5061;232;60;67;land;false;forest;1
5062;245;56;57;land;true;forest;1
5063;168;237;133;land;true;forest;1
5064;190;254;219;land;false;hills;1
5065;245;146;88;land;false;plains;1
5066;33;137;245;land;false;forest;1
5067;247;244;164;land;false;forest;1
5068;130;236;225;land;true;forest;1
5069;137;174;248;land;false;forest;1
5070;83;230;117;land;false;plains;1
5071;99;249;224;land;false;hills;1
5072;255;241;244;land;false;forest;1
5073;225;159;57;land;true;forest;1
5074;249;255;235;land;false;forest;1
5075;215;65;204;land;false;hills;1
5076;244;255;232;land;false;hills;1
5077;211;168;246;land;true;plains;1
5078;253;254;206;land;false;forest;1
5079;183;70;216;land;false;forest;1
5080;255;253;239;land;true;forest;1
5081;249;241;150;land;false;hills;1
5082;252;36;41;land;false;plains;1
5083;255;234;219;land;false;forest;1
5084;243;205;88;land;false;marsh;1
5085;254;252;211;land;false;plains;1
5086;198;169;248;land;true;marsh;1
5087;202;254;233;land;true;forest;1
5088;247;255;211;land;false;hills;1
5089;250;253;255;land;true;plains;1
5090;217;255;239;land;true;plains;1
5091;141;150;243;land;false;desert;1
5092;47;219;193;land;true;plains;1
5093;249;179;233;land;false;forest;1
5094;252;255;242;land;false;forest;1
5095;238;213;253;land;true;marsh;1
5096;236;253;211;land;false;forest;1
5097;122;91;216;land;false;plains;1
5098;67;245;217;land;false;forest;1
5099;254;228;187;land;false;forest;1
5100;223;254;226;land;false;forest;1
5101;120;199;243;land;false;marsh;1
5102;105;203;238;land;false;forest;1
5103;181;244;152;land;true;plains;1
5104;246;254;213;land;false;mountain;1
5105;245;160;242;land;false;desert;1
5106;81;52;237;land;false;plains;1
5107;227;92;83;land;false;plains;1
5108;154;183;251;land;false;plains;1
5109;249;238;69;land;true;forest;1
5110;254;242;193;land;true;plains;1
5111;255;232;236;land;true;forest;1
5112;255;254;254;land;false;plains;1
5113;228;234;255;land;true;marsh;1
5114;179;241;120;land;false;forest;1
5115;247;251;163;land;true;forest;1
5116;188;219;94;land;true;marsh;1
5117;251;107;114;land;false;hills;1
5118;248;194;175;land;true;forest;1
5119;138;60;204;land;false;forest;1
5120;32;250;168;land;false;forest;1
5121;26;241;132;land;false;plains;1
5122;137;133;254;land;false;hills;1
5123;73;220;192;land;true;forest;1
5124;68;239;72;land;false;plains;1
5125;207;100;247;land;false;forest;1
5126;163;236;120;land;false;forest;1
5127;48;116;251;land;true;plains;1
5128;74;146;202;land;true;plains;1
5129;199;66;244;land;false;plains;1
5130;252;180;249;land;true;forest;1
5131;131;136;251;land;true;forest;1
5132;96;98;226;land;false;forest;1
5133;208;255;175;land;false;plains;1
5134;81;214;225;land;false;plains;1
5135;246;255;238;land;false;hills;1
5136;67;208;204;land;false;hills;1
5137;76;140;249;land;true;marsh;1
5138;228;245;255;land;false;forest;1
5139;207;215;59;land;false;forest;1
5140;244;130;186;land;false;plains;1
5141;234;252;178;land;false;forest;1
5142;253;252;255;land;false;forest;1
5143;255;254;238;land;false;forest;1
5144;225;252;254;land;true;plains;1
5145;124;212;236;land;true;forest;1
5146;254;105;246;land;true;forest;1
5147;237;255;230;land;true;forest;1
5148;209;248;161;land;true;forest;1
5149;255;226;242;land;true;marsh;1
5150;178;250;145;land;true;forest;1
5151;115;207;250;land;true;forest;1
5152;227;93;143;land;true;forest;1
5153;81;55;238;land;true;forest;1
5154;224;36;188;land;true;forest;1
5155;254;182;215;land;true;forest;1
5156;27;214;248;land;true;forest;1
5157;79;237;178;land;true;forest;1
5158;244;122;48;land;true;forest;1
5159;250;251;255;land;false;forest;1
5160;27;251;17;land;false;forest;1
5161;255;251;253;land;false;forest;1
5162;248;153;152;land;false;forest;1
5163;250;201;254;land;true;forest;1
5164;79;221;216;land;true;forest;1
5165;176;97;233;land;false;forest;1
5166;245;247;255;land;true;marsh;1
5167;234;186;252;land;false;forest;1
5168;243;136;81;land;false;forest;1
5169;215;255;213;land;true;marsh;1
5170;60;187;217;land;false;forest;1
5171;237;213;254;land;true;forest;1
5172;94;250;26;land;false;forest;1
5173;129;124;239;land;false;forest;1
5174;62;36;223;land;true;marsh;1
5175;236;24;152;land;true;marsh;1
5176;241;140;252;land;true;forest;1
5177;191;252;220;land;true;forest;1
5178;182;254;203;land;false;forest;1
5179;209;117;46;land;true;forest;1
5180;47;254;36;land;false;forest;1
5181;209;236;253;land;false;forest;1
5182;93;76;239;land;true;forest;1
5183;103;225;131;land;false;forest;1
5184;241;169;119;land;false;forest;1
5185;247;191;122;land;false;forest;1
5186;176;250;232;land;false;forest;1
5187;253;185;206;land;true;forest;1
5188;220;178;248;land;true;forest;1
5189;245;145;175;land;false;forest;1
5190;255;254;203;land;true;marsh;1
5191;231;103;76;land;false;plains;1
5192;233;190;58;land;false;forest;1
5193;227;255;246;land;false;forest;1
5194;224;164;74;land;false;forest;1
5195;130;253;126;land;false;forest;1
5196;248;255;218;land;true;forest;1
5197;127;247;146;land;false;forest;1
5198;252;183;112;land;false;forest;1
5199;209;185;250;land;false;forest;1
5200;90;192;235;land;false;forest;1
5201;250;157;215;land;false;forest;1
5202;59;127;245;land;true;forest;1
5203;199;60;237;land;false;forest;1
5204;220;39;186;land;false;forest;1
5205;229;129;249;land;true;forest;1
5206;239;174;119;land;true;marsh;1
5207;160;249;241;land;true;forest;1
5208;167;220;251;land;false;plains;1
5209;100;230;120;land;false;forest;1
5210;252;189;218;land;false;forest;1
5211;237;145;40;land;false;forest;1
5212;157;254;47;land;false;forest;1
5213;58;101;236;land;false;forest;1
5214;249;160;184;land;false;forest;1
5215;240;209;132;land;false;plains;1
5216;200;136;253;land;false;forest;1
5217;214;49;135;land;true;marsh;1
5218;101;227;157;land;false;urban;1
5219;169;69;244;land;false;plains;1
5220;102;240;79;land;false;forest;1
5221;217;83;132;land;false;forest;1
5222;254;227;234;land;false;forest;1
5223;215;80;110;land;false;plains;1
5224;217;255;219;land;false;forest;1
5225;171;223;252;land;false;forest;1
5226;245;38;24;land;false;forest;1
5227;201;68;239;land;false;forest;1
5228;225;251;255;land;false;plains;1
5229;163;253;209;land;true;marsh;1
5230;218;207;254;land;false;forest;1
5231;124;250;115;land;true;urban;1
5232;241;254;202;land;true;urban;1
5233;232;188;71;land;true;marsh;1
5234;202;235;253;land;false;forest;1
5235;202;66;227;land;false;forest;1
5236;161;233;248;land;false;hills;1
5237;104;130;242;land;false;forest;1
5238;92;230;88;land;true;forest;1
5239;72;167;214;land;false;forest;1
5240;172;251;157;land;true;forest;1
5241;82;158;243;land;true;marsh;1
5242;238;126;212;land;true;forest;1
5243;213;165;251;land;false;forest;1
5244;79;231;240;land;true;forest;1
5245;47;227;188;land;false;hills;1
5246;156;83;246;land;true;forest;1
5247;248;252;190;land;false;forest;1
5248;254;243;216;land;true;forest;1
5249;148;77;247;land;false;forest;1
5250;251;212;152;land;true;forest;1
5251;77;228;121;land;false;hills;1
5252;243;217;149;land;true;hills;1
5253;91;242;136;land;false;hills;1
5254;110;114;235;land;false;forest;1
5255;253;6;14;land;true;forest;1
5256;254;215;237;land;true;forest;1
5257;155;251;214;land;false;hills;1
5258;53;16;246;land;false;marsh;1
5259;98;232;246;land;false;forest;1
5260;213;168;254;land;false;hills;1
5261;240;187;135;land;true;plains;1
5262;151;218;253;land;true;forest;1
5263;168;193;254;land;true;forest;1
5264;255;238;238;land;false;forest;1
5265;252;255;233;land;true;forest;1
5266;82;243;72;land;false;hills;1
5267;94;241;196;land;false;hills;1
5268;136;253;119;land;false;hills;1
5269;255;254;247;land;false;hills;1
5270;219;247;155;land;false;forest;1
5271;125;108;253;land;true;forest;1
5272;255;230;218;land;false;hills;1
5273;233;237;255;land;false;hills;1
5274;251;106;23;land;true;urban;1
5275;181;253;200;land;false;hills;1
5276;87;250;103;land;false;hills;1
5277;253;199;223;land;false;forest;1
5278;146;185;253;land;false;hills;1
5279;210;109;247;land;false;forest;1
5280;205;178;251;land;true;marsh;1
5281;76;199;244;land;true;forest;1
5282;95;145;226;land;false;hills;1
5283;197;254;3;land;false;hills;1
5284;255;238;237;land;true;forest;1
5285;253;105;226;land;true;forest;1
5286;77;234;220;land;false;hills;1
5287;233;57;80;land;false;hills;1
5288;122;234;226;land;true;forest;1
5289;189;255;221;land;true;plains;1
5290;231;225;76;land;true;marsh;1
5291;209;254;183;land;false;forest;1
5292;252;175;179;land;false;hills;1
5293;170;112;233;land;true;plains;1
5294;255;222;220;land;true;forest;1
5295;252;176;201;land;true;marsh;1
5296;76;233;120;land;true;plains;1
5297;211;90;236;land;false;hills;1
5298;116;247;116;land;true;marsh;1
5299;252;219;188;land;true;forest;1
5300;119;53;242;land;false;forest;1
5301;245;101;155;land;true;forest;1
5302;54;205;104;land;true;forest;1
5303;237;106;140;land;false;hills;1
5304;78;213;186;land;false;forest;1
5305;254;223;231;land;false;hills;1
5306;217;237;255;land;true;marsh;1
5307;248;171;134;land;false;hills;1
5308;205;132;246;land;true;forest;1
5309;255;162;241;land;false;forest;1
5310;255;200;248;land;false;forest;1
5311;171;138;250;land;true;forest;1
5312;158;158;244;land;true;forest;1
5313;59;125;209;land;true;forest;1
5314;221;147;61;land;true;forest;1
5315;145;241;234;land;true;forest;1
5316;98;223;126;land;true;marsh;1
5317;193;248;98;land;false;hills;1
5318;48;181;245;land;true;marsh;1
5319;245;203;63;land;false;plains;1
5320;254;198;75;land;false;marsh;1
5321;246;255;242;land;true;plains;1
5322;243;155;208;land;true;forest;1
5323;250;170;123;land;false;forest;1
5324;83;236;216;land;false;forest;1
5325;254;194;5;land;true;urban;1
5326;112;250;135;land;true;forest;1
5327;240;248;152;land;true;forest;1
5328;255;234;236;land;true;marsh;1
5329;183;252;207;land;true;marsh;1
5330;252;147;241;land;true;forest;1
5331;248;175;164;land;true;forest;1
5332;149;248;188;land;true;urban;1
5333;207;146;251;land;true;marsh;1
5334;195;253;239;land;false;forest;1
5335;90;215;82;land;true;forest;1
5336;90;221;152;land;true;forest;1
5337;241;103;255;land;true;marsh;1
5338;253;248;255;land;true;forest;1
5339;228;223;76;land;false;hills;1
5340;255;241;159;land;true;forest;1
5341;149;251;197;land;true;marsh;1
5342;62;163;255;land;true;marsh;1
5343;227;245;63;land;true;forest;1
5344;76;252;18;land;true;urban;1
5345;212;253;202;land;true;forest;1
5346;210;98;48;land;true;forest;1
5347;254;183;226;land;true;forest;1
5348;201;235;117;land;false;forest;1
5349;95;48;226;land;true;forest;1
5350;244;236;22;land;true;forest;1
5351;219;234;254;land;true;marsh;1
5352;253;185;255;land;true;forest;1
5353;188;216;255;land;true;forest;1
5354;186;195;252;land;false;forest;1
5355;250;255;244;land;true;forest;1
5356;213;206;73;land;true;forest;1
5357;31;35;235;land;true;forest;1
5358;252;205;200;land;true;forest;1
5359;175;251;185;land;true;forest;1
5360;253;208;219;land;true;forest;1
5361;182;44;252;land;true;urban;1
5362;218;46;193;land;true;forest;1
5363;210;122;80;land;false;forest;1
5364;243;255;253;land;true;forest;1
5365;135;67;205;land;false;forest;1
5366;254;255;251;land;true;forest;1
5367;255;238;247;land;true;forest;1
5368;227;255;245;land;true;forest;1
5369;75;219;153;land;false;forest;1
5370;237;241;255;land;true;forest;1
5371;59;233;245;land;true;forest;1
5372;240;255;244;land;true;plains;1
5373;253;217;156;land;true;forest;1
5374;217;103;226;land;true;forest;1
5375;59;230;237;land;false;forest;1
5376;245;161;161;land;true;urban;1
5377;254;187;233;land;false;forest;1
5378;211;252;255;land;true;forest;1
5379;214;247;163;land;false;forest;1
5380;62;230;155;land;true;forest;1
5381;255;213;207;land;false;forest;1
5382;208;254;233;land;true;forest;1
5383;234;254;217;land;false;forest;1
5384;177;209;252;land;true;forest;1
5385;196;239;251;land;false;forest;1
5386;192;253;209;land;true;forest;1
5387;148;209;78;land;true;forest;1
5388;255;196;191;land;false;plains;1
5389;95;84;235;land;true;forest;1
5390;197;163;253;land;true;plains;1
5391;137;249;217;land;false;forest;1
5392;210;254;239;land;true;forest;1
5393;234;79;118;land;false;forest;1
5394;195;253;188;land;false;forest;1
5395;230;118;246;land;false;forest;1
5396;166;104;251;land;true;plains;1
5397;145;202;244;land;false;plains;1
5398;151;244;87;land;false;forest;1
5399;253;255;237;land;true;forest;1
5400;22;102;252;land;true;forest;1
5401;255;253;247;land;true;marsh;1
5402;30;226;175;land;false;plains;1
5403;176;242;31;land;true;marsh;1
5404;239;180;139;land;true;plains;1
5405;255;196;207;land;true;forest;1
5406;49;97;255;land;true;forest;1
5407;218;252;181;land;true;forest;1
5408;239;99;250;land;true;forest;1
5409;240;255;233;land;false;forest;1
5410;74;215;53;land;true;forest;1
5411;255;232;249;land;true;urban;1
5412;160;250;83;land;true;forest;1
5413;162;70;209;land;true;plains;1
5414;244;255;252;land;false;forest;1
5415;112;219;234;land;true;plains;1
5416;165;204;253;land;false;plains;1
5417;251;162;91;land;true;forest;1
5418;193;127;239;land;true;plains;1
5419;252;223;188;land;true;plains;1
5420;250;255;252;land;true;forest;1
5421;124;101;222;land;true;urban;1
5422;124;41;247;land;false;forest;1
5423;43;254;222;land;true;forest;1
5424;77;117;225;land;true;forest;1
5425;177;183;251;land;false;plains;1
5426;195;135;243;land;true;forest;1
5427;230;95;235;land;true;plains;1
5428;248;197;153;land;false;plains;1
5429;223;247;158;land;true;plains;1
5430;243;241;255;land;false;plains;1
5431;247;204;157;land;true;forest;1
5432;248;209;154;land;false;forest;1
5433;33;253;24;land;false;forest;1
5434;247;215;31;land;false;plains;1
5435;63;210;205;land;true;marsh;1
5436;209;252;183;land;true;plains;1
5437;179;254;219;land;true;plains;1
5438;226;252;97;land;true;plains;1
5439;209;207;254;land;true;forest;1
5440;87;136;243;land;true;forest;1
5441;56;229;132;land;true;forest;1
5442;249;180;234;land;false;plains;1
5443;253;255;241;land;false;plains;1
5444;228;102;65;land;false;forest;1
5445;194;228;253;land;true;forest;1
5446;184;52;238;land;true;forest;1
5447;66;80;247;land;true;plains;1
5448;251;167;201;land;true;plains;1
5449;226;212;255;land;true;forest;1
5450;212;53;239;land;false;plains;1
5451;87;233;237;land;true;plains;1
5452;244;157;208;land;false;forest;1
5453;176;242;123;land;true;forest;1
5454;213;145;253;land;false;marsh;1
5455;71;128;245;land;false;forest;1
5456;147;237;112;land;true;forest;1
5457;135;155;251;land;false;plains;1
5458;241;118;85;land;true;forest;1
5459;121;216;244;land;false;forest;1
5460;141;223;84;land;true;marsh;1
5461;255;250;252;land;false;plains;1
5462;156;172;252;land;false;plains;1
5463;38;136;218;land;false;marsh;1
5464;235;255;168;land;true;forest;1
5465;253;199;173;land;true;plains;1
5466;78;231;113;land;true;forest;1
5467;255;248;242;land;true;forest;1
5468;106;240;37;land;false;forest;1
5469;250;70;211;land;false;plains;1
5470;97;173;248;land;false;forest;1
5471;93;219;110;land;false;plains;1
5472;247;235;160;land;false;plains;1
5473;232;253;207;land;false;plains;1
5474;105;224;122;land;true;forest;1
5475;233;56;212;land;true;plains;1
5476;249;236;255;land;false;plains;1
5477;165;141;241;land;false;plains;1
5478;253;231;254;land;false;plains;1
5479;229;59;247;land;false;forest;1
5480;56;187;252;land;true;plains;1
5481;190;251;183;land;false;plains;1
5482;110;232;137;land;false;forest;1
5483;216;68;195;land;false;forest;1
5484;253;238;210;land;false;forest;1
5485;101;189;240;land;false;plains;1
5486;235;79;186;land;false;marsh;1
5487;73;151;234;land;true;marsh;1
5488;233;171;106;land;true;plains;1
5489;55;225;69;land;false;plains;1
5490;17;113;246;land;true;forest;1
5491;163;64;242;land;false;plains;1
5492;247;253;200;land;false;plains;1
5493;85;85;242;land;false;plains;1
5494;254;253;220;land;false;plains;1
5495;234;72;157;land;false;plains;1
5496;206;220;93;land;true;forest;1
5497;219;254;220;land;false;forest;1
5498;41;185;223;land;false;plains;1
5499;158;214;248;land;false;plains;1
5500;239;129;151;land;false;marsh;1
5501;88;140;213;land;false;plains;1
5502;244;205;152;land;false;plains;1
5503;239;217;255;land;false;plains;1
5504;65;230;248;land;false;forest;1
5505;252;198;240;land;false;marsh;1
5506;247;191;251;land;true;forest;1
5507;198;192;252;land;false;forest;1
5508;155;96;222;land;true;forest;1
5509;232;28;239;land;false;plains;1
5510;201;255;196;land;false;plains;1
5511;79;81;234;land;true;marsh;1
5512;255;242;244;land;true;plains;1
5513;246;222;254;land;false;plains;1
5514;222;207;254;land;false;plains;1
5515;111;235;42;land;false;plains;1
5516;73;48;253;land;false;forest;1
5517;253;194;192;land;false;marsh;1
5518;231;254;231;land;false;plains;1
5519;254;159;249;land;true;forest;1
5520;177;189;252;land;false;forest;1
5521;68;74;232;land;false;plains;1
5522;102;222;74;land;false;plains;1
5523;107;222;238;land;false;plains;1
5524;138;222;43;land;true;marsh;1
5525;251;111;209;land;false;plains;1
5526;252;254;202;land;false;plains;1
5527;250;208;174;land;false;plains;1
5528;219;82;202;land;false;plains;1
5529;72;233;238;land;false;marsh;1
5530;26;125;251;land;true;forest;1
5531;140;243;149;land;false;plains;1
5532;255;253;249;land;false;plains;1
5533;254;246;225;land;false;forest;1
5534;246;21;229;land;true;plains;1
5535;195;254;203;land;false;plains;1
5536;194;65;70;land;true;forest;1
5537;125;204;241;land;true;forest;1
5538;149;143;251;land;false;forest;1
5539;226;102;150;land;false;plains;1
5540;251;146;249;land;true;forest;1
5541;244;78;105;land;true;plains;1
5542;241;234;115;land;false;plains;1
5543;156;163;251;land;false;plains;1
5544;165;246;216;land;true;forest;1
5545;242;59;129;land;true;urban;1
5546;103;254;123;land;false;forest;1
5547;248;255;250;land;false;plains;1
5548;161;250;200;land;false;hills;1
5549;173;158;246;land;false;plains;1
5550;62;220;70;land;false;plains;1
5551;152;199;253;land;true;plains;1
5552;77;222;237;land;true;plains;1
5553;244;242;255;land;false;plains;1
5554;126;255;109;land;true;forest;1
5555;243;222;127;land;true;forest;1
5556;253;196;209;land;true;plains;1
5557;233;254;200;land;false;forest;1
5558;246;97;223;land;false;plains;1
5559;254;240;193;land;false;plains;1
5560;112;162;228;land;false;plains;1
5561;110;176;225;land;false;forest;1
5562;88;57;246;land;false;forest;1
5563;100;222;176;land;false;forest;1
5564;91;253;143;land;false;plains;1
5565;150;232;252;land;true;forest;1
5566;125;203;59;land;false;plains;1
5567;155;249;226;land;false;hills;1
5568;254;221;230;land;false;hills;1
5569;205;37;230;land;true;forest;1
5570;203;117;66;land;false;forest;1
5571;254;183;233;land;false;forest;1
5572;221;249;11;land;true;forest;1
5573;29;237;87;land;true;urban;1
5574;100;231;61;land;false;plains;1
5575;238;142;119;land;false;plains;1
5576;178;238;78;land;true;urban;1
5577;231;253;199;land;false;forest;1
5578;88;254;95;land;false;hills;1
5579;253;221;208;land;false;forest;1
5580;252;255;248;land;false;plains;1
5581;232;89;228;land;false;marsh;1
5582;180;226;63;land;true;forest;1
5583;116;231;92;land;true;forest;1
5584;201;111;65;land;false;plains;1
5585;219;219;254;land;true;forest;1
5586;109;227;199;land;false;plains;1
5587;201;91;242;land;false;forest;1
5588;207;250;182;land;true;forest;1
5589;231;209;62;land;false;plains;1
5590;177;252;192;land;false;plains;1
5591;230;243;71;land;false;plains;1
5592;255;60;104;land;true;marsh;1
5593;118;211;247;land;true;forest;1
5594;196;252;198;land;false;forest;1
5595;234;110;116;land;true;plains;1
5596;58;233;243;land;true;forest;1
5597;28;250;213;land;false;forest;1
5598;252;151;248;land;true;forest;1
5599;145;146;241;land;false;plains;1
5600;178;243;142;land;false;forest;1
5601;235;235;255;land;true;plains;1
5602;217;45;238;land;true;forest;1
5603;96;233;229;land;true;plains;1
5604;235;253;200;land;false;forest;1
5605;244;255;239;land;false;forest;1
5606;217;186;65;land;false;forest;1
5607;247;254;219;land;true;plains;1
5608;225;224;255;land;false;forest;1
5609;132;130;249;land;true;forest;1
5610;182;209;63;land;false;forest;1
5611;241;87;40;land;false;forest;1
5612;109;110;243;land;false;forest;1
5613;247;85;143;land;false;forest;1
5614;205;254;212;land;true;forest;1
5615;187;250;231;land;true;forest;1
5616;192;220;251;land;true;forest;1
5617;231;252;189;land;false;forest;1
5618;209;233;254;land;true;plains;1
5619;235;213;253;land;false;forest;1
5620;145;106;224;land;false;urban;1
5621;200;72;169;land;true;plains;1
5622;213;130;52;land;false;plains;1
5623;177;240;129;land;false;forest;1
5624;243;83;140;land;false;forest;1
5625;127;128;251;land;true;urban;1
5626;117;247;60;land;false;forest;1
5627;191;197;252;land;true;forest;1
5628;192;149;251;land;true;forest;1
5629;208;77;244;land;true;urban;1
5630;232;117;246;land;true;desert;1
5631;230;255;230;land;true;forest;1
5632;254;255;229;land;false;forest;1
5633;14;255;99;land;false;forest;1
5634;230;255;221;land;false;plains;1
5635;187;210;66;land;true;forest;1
5636;161;170;253;land;true;forest;1
5637;177;207;250;land;true;forest;1
5638;218;209;253;land;true;forest;1
5639;130;144;246;land;false;forest;1
5640;254;219;249;land;true;forest;1
5641;82;157;227;land;false;forest;1
5642;156;255;206;land;true;desert;1
5643;254;179;228;land;false;plains;1
5644;239;110;96;land;false;forest;1
5645;255;244;235;land;false;plains;1
5646;196;191;252;land;false;forest;1
5647;73;221;220;land;true;forest;1
5648;127;242;115;land;true;forest;1
5649;251;239;180;land;true;forest;1
5650;181;249;218;land;false;desert;1
5651;225;132;254;land;false;forest;1
5652;255;253;246;land;true;forest;1
5653;249;191;181;land;true;marsh;1
5654;255;254;253;land;false;forest;1
5655;215;254;146;land;false;desert;1
5656;123;238;162;land;true;urban;1
5657;226;254;192;land;false;forest;1
5658;195;253;231;land;false;forest;1
5659;238;255;253;land;true;forest;1
5660;44;201;211;land;false;forest;1
5661;253;248;198;land;false;plains;1
5662;240;97;64;land;false;plains;1
5663;209;253;224;land;true;forest;1
5664;191;71;203;land;true;forest;1
5665;240;135;229;land;false;plains;1
5666;32;108;249;land;true;forest;1
5667;150;254;245;land;false;forest;1
5668;194;245;251;land;false;marsh;1
5669;241;123;133;land;true;plains;1
5670;222;255;204;land;false;forest;1
5671;239;185;80;land;true;forest;1
5672;133;253;188;land;true;forest;1
5673;239;238;109;land;true;forest;1
5674;248;234;255;land;false;forest;1
5675;247;255;234;land;false;forest;1
5676;245;219;137;land;true;forest;1
5677;255;247;235;land;false;forest;1
5678;234;154;44;land;false;forest;1
5679;233;235;129;land;true;forest;1
5680;75;208;140;land;false;forest;1
5681;251;48;64;land;false;plains;1
5682;243;140;212;land;false;forest;1
5683;250;170;238;land;false;plains;1
5684;173;248;175;land;false;plains;1
5685;113;251;171;land;true;plains;1
5686;193;246;252;land;true;forest;1
5687;145;230;67;land;false;marsh;1
5688;252;211;200;land;false;plains;1
5689;171;187;250;land;false;forest;1
5690;219;183;252;land;true;forest;1
5691;248;180;251;land;false;marsh;1
5692;193;156;252;land;true;urban;1
5693;98;255;210;land;false;forest;1
5694;81;225;101;land;true;plains;1
5695;186;243;127;land;false;plains;1
5696;101;253;75;land;false;plains;1
5697;173;251;120;land;false;plains;1
5698;251;139;253;land;false;hills;1
5699;140;241;163;land;false;plains;1
5700;125;211;83;land;false;marsh;1
5701;255;233;240;land;false;marsh;1
5702;191;91;229;land;false;hills;1
5703;247;150;197;land;false;plains;1
5704;246;234;43;land;false;forest;1
5705;201;252;92;land;false;plains;1
5706;199;231;254;land;false;forest;1
5707;245;46;204;land;false;plains;1
5708;255;246;243;land;false;plains;1
5709;102;232;192;land;false;plains;1
5710;209;241;144;land;true;forest;1
5711;235;254;225;land;true;plains;1
5712;224;254;255;land;true;forest;1
5713;126;246;154;land;false;marsh;1
5714;163;248;193;land;false;forest;1
5715;223;222;255;land;false;plains;1
5716;254;214;232;land;false;forest;1
5717;193;216;92;land;true;forest;1
5718;169;213;73;land;false;plains;1
5719;242;105;161;land;true;plains;1
5720;245;198;130;land;false;forest;1
5721;224;247;95;land;true;forest;1
5722;232;255;252;land;true;marsh;1
5723;112;226;130;land;true;forest;1
5724;197;117;246;land;false;urban;1
5725;254;196;210;land;true;plains;1
5726;211;254;183;land;false;forest;1
5727;184;168;249;land;true;forest;1
5728;255;231;226;land;false;hills;1
5729;167;248;153;land;true;forest;1
5730;246;168;226;land;false;marsh;1
5731;238;91;245;land;false;plains;1
5732;83;247;116;land;false;hills;1
5733;75;217;203;land;false;forest;1
5734;249;181;229;land;false;forest;1
5735;158;252;206;land;false;hills;1
5736;221;200;254;land;false;plains;1
5737;189;214;251;land;false;hills;1
5738;172;246;60;land;true;forest;1
5739;219;226;95;land;true;marsh;1
5740;244;255;209;land;false;plains;1
5741;150;240;254;land;true;forest;1
5742;234;250;127;land;false;forest;1
5743;87;242;74;land;false;forest;1
5744;228;78;75;land;true;marsh;1
5745;84;213;210;land;true;forest;1
5746;20;246;213;land;false;plains;1
5747;101;128;253;land;true;forest;1
5748;100;181;243;land;false;forest;1
5749;204;87;243;land;true;forest;1
5750;169;243;254;land;true;forest;1
5751;254;246;217;land;true;forest;1
5752;144;250;136;land;false;forest;1
5753;227;190;108;land;true;forest;1
5754;108;238;149;land;false;plains;1
5755;167;248;152;land;true;urban;1
5756;196;222;89;land;false;forest;1
5757;254;203;247;land;true;forest;1
5758;248;96;181;land;true;forest;1
5759;103;237;83;land;false;urban;1
5760;249;166;59;land;true;forest;1
5761;247;251;255;land;false;hills;1
5762;66;255;224;land;false;plains;1
5763;250;209;189;land;true;forest;1
5764;240;255;234;land;true;forest;1
5765;239;255;249;land;true;forest;1
5766;255;251;251;land;true;plains;1
5767;170;168;254;land;false;forest;1
5768;166;71;254;land;false;hills;1
5769;243;231;136;land;false;forest;1
5770;255;204;196;land;false;forest;1
5771;247;255;242;land;true;marsh;1
5772;246;127;128;land;false;plains;1
5773;249;164;144;land;false;forest;1
5774;63;193;133;land;false;plains;1
5775;255;234;239;land;false;forest;1
5776;243;77;86;land;true;forest;1
5777;253;213;194;land;false;desert;1
5778;209;254;195;land;false;plains;1
5779;252;253;255;land;false;plains;1
5780;182;255;176;land;true;forest;1
5781;253;199;163;land;false;forest;1
5782;251;177;200;land;false;desert;1
5783;135;253;128;land;true;plains;1
5784;136;200;250;land;true;forest;1
5785;46;165;237;land;false;plains;1
5786;190;250;184;land;false;forest;1
5787;19;252;132;land;false;forest;1
5788;255;139;213;land;true;forest;1
5789;201;234;47;land;true;forest;1
5790;82;60;243;land;false;plains;1
5791;216;254;245;land;true;urban;1
5792;211;215;45;land;true;urban;1
5793;253;186;227;land;false;plains;1
5794;164;63;205;land;true;forest;1
5795;238;134;127;land;false;plains;1
5796;251;155;185;land;false;plains;1
5797;140;247;166;land;false;forest;1
5798;226;255;255;land;false;hills;1
5799;219;121;253;land;true;plains;1
5800;247;239;255;land;false;forest;1
5801;164;252;140;land;false;forest;1
5802;141;243;245;land;false;plains;1
5803;240;200;97;land;false;plains;1
5804;247;60;114;land;false;plains;1
5805;255;244;222;land;true;forest;1
5806;245;164;235;land;true;forest;1
5807;238;183;252;land;true;forest;1
5808;233;255;248;land;true;forest;1
5809;32;119;231;land;false;forest;1
5810;42;248;124;land;true;forest;1
5811;254;198;198;land;true;forest;1
5812;253;189;234;land;false;plains;1
5813;43;242;76;land;false;hills;1
5814;151;247;208;land;false;plains;1
5815;240;117;250;land;false;forest;1
5816;240;253;207;land;false;forest;1
5817;58;251;125;land;false;forest;1
5818;229;141;100;land;true;plains;1
5819;174;179;251;land;false;plains;1
5820;70;232;196;land;false;forest;1
5821;241;136;228;land;true;plains;1
5822;210;185;252;land;false;forest;1
5823;241;42;162;land;true;forest;1
5824;255;240;230;land;true;forest;1
5825;248;174;243;land;true;plains;1
5826;179;98;249;land;true;forest;1
5827;91;202;249;land;true;urban;1
5828;251;99;150;land;false;plains;1
5829;255;247;243;land;false;forest;1
5830;244;146;197;land;false;hills;1
5831;241;242;255;land;false;forest;1
5832;215;55;172;land;true;plains;1
5833;254;233;211;land;true;forest;1
5834;193;240;121;land;false;forest;1
5835;241;228;146;land;false;plains;1
5836;44;157;219;land;true;forest;1
5837;129;237;143;land;true;marsh;1
5838;138;76;247;land;false;forest;1
5839;224;241;255;land;false;forest;1
5840;183;251;191;land;false;forest;1
5841;255;206;219;land;true;forest;1
5842;27;238;26;land;true;forest;1
5843;212;77;201;land;false;forest;1
5844;250;248;255;land;true;forest;1
5845;140;251;137;land;true;forest;1
5846;212;253;215;land;false;forest;1
5847;253;204;202;land;false;plains;1
5848;234;254;223;land;false;mountain;1
5849;235;21;229;land;true;forest;1
5850;94;103;254;land;false;forest;1
5851;130;99;245;land;false;forest;1
5852;248;101;69;land;true;forest;1
5853;254;233;227;land;true;forest;1
5854;239;135;187;land;true;forest;1
5855;233;246;255;land;false;forest;1
5856;234;44;33;land;false;forest;1
5857;250;152;160;land;true;forest;1
5858;245;63;192;land;false;forest;1
5859;107;85;230;land;true;plains;1
5860;97;87;217;land;false;forest;1
5861;84;53;233;land;true;forest;1
5862;168;152;254;land;false;plains;1
5863;168;251;245;land;true;forest;1
5864;241;129;206;land;false;plains;1
5865;211;255;213;land;false;forest;1
5866;127;237;144;land;false;forest;1
5867;235;120;203;land;true;forest;1
5868;57;143;252;land;true;plains;1
5869;242;14;57;land;true;forest;1
5870;234;255;253;land;false;plains;1
5871;252;148;58;land;false;forest;1
5872;254;208;204;land;false;hills;1
5873;242;121;180;land;false;forest;1
5874;237;243;255;land;false;forest;1
5875;126;245;203;land;false;forest;1
5876;190;251;106;land;false;forest;1
5877;148;248;189;land;false;forest;1
5878;186;252;89;land;false;forest;1
5879;224;221;107;land;false;forest;1
5880;90;227;228;land;false;plains;1
5881;219;61;100;land;false;forest;1
5882;248;150;148;land;false;forest;1
5883;203;106;234;land;true;forest;1
5884;158;141;248;land;false;plains;1
5885;247;255;227;land;true;forest;1
5886;98;227;136;land;false;hills;1
5887;250;104;92;land;false;plains;1
5888;250;174;253;land;false;forest;1
5889;246;114;47;land;true;urban;1
5890;242;96;28;land;true;forest;1
5891;220;204;39;land;false;plains;1
5892;253;248;201;land;false;forest;1
5893;239;142;164;land;false;desert;1
5894;214;255;190;land;false;plains;1
5895;101;248;173;land;false;forest;1
5896;63;208;53;land;true;forest;1
5897;249;254;255;land;true;forest;1
5898;187;255;191;land;true;urban;1
5899;174;251;181;land;false;plains;1
5900;254;213;224;land;false;plains;1
5901;228;89;252;land;false;plains;1
5902;93;203;218;land;true;plains;1
5903;107;155;224;land;false;plains;1
5904;255;246;254;land;false;forest;1
5905;204;184;52;land;false;hills;1
5906;249;243;255;land;false;forest;1
5907;106;239;66;land;false;forest;1
5908;225;212;255;land;true;plains;1
5909;249;126;146;land;false;forest;1
5910;99;227;148;land;false;plains;1
5911;123;17;240;land;false;plains;1
5912;224;84;140;land;false;plains;1
5913;115;144;237;land;true;forest;1
5914;190;200;251;land;false;plains;1
5915;192;203;251;land;false;forest;1
5916;197;100;244;land;true;plains;1
5917;99;150;250;land;true;forest;1
5918;189;157;250;land;false;forest;1
5919;85;212;129;land;false;hills;1
5920;238;183;254;land;false;forest;1
5921;222;255;220;land;false;forest;1
5922;253;160;210;land;true;forest;1
5923;143;252;138;land;true;forest;1
5924;66;246;194;land;true;forest;1
5925;175;248;143;land;false;plains;1
5926;204;86;236;land;true;forest;1
5927;184;247;9;land;false;plains;1
5928;58;141;247;land;false;forest;1
5929;118;70;235;land;true;forest;1
5930;253;115;178;land;false;plains;1
5931;247;48;95;land;false;plains;1
5932;25;250;23;land;true;forest;1
5933;249;142;214;land;false;forest;1
5934;124;239;244;land;false;hills;1
5935;107;211;231;land;true;urban;1
5936;175;178;248;land;false;plains;1
5937;250;50;190;land;false;plains;1
5938;144;110;243;land;false;forest;1
5939;238;178;255;land;false;forest;1
5940;234;255;254;land;false;plains;1
5941;31;232;125;land;false;plains;1
5942;62;198;119;land;false;forest;1
5943;238;243;132;land;false;plains;1
5944;242;94;171;land;false;plains;1
5945;228;55;249;land;false;plains;1
5946;254;193;216;land;false;plains;1
5947;255;237;239;land;false;plains;1
5948;198;253;228;land;false;forest;1
5949;124;235;213;land;true;forest;1
5950;248;142;129;land;false;plains;1
5951;113;119;252;land;false;plains;1
5952;240;252;201;land;false;plains;1
5953;238;249;182;land;false;forest;1
5954;152;253;147;land;false;plains;1
5955;245;254;204;land;true;forest;1
5956;250;124;160;land;false;hills;1
5957;207;171;64;land;false;plains;1
5958;108;148;251;land;false;desert;1
5959;227;93;72;land;false;desert;1
5960;71;252;200;land;true;forest;1
5961;247;98;89;land;false;plains;1
5962;208;254;198;land;false;mountain;1
5963;243;248;163;land;false;plains;1
5964;244;50;247;land;false;plains;1
5965;250;255;236;land;false;plains;1
5966;236;254;188;land;false;forest;1
5967;111;210;246;land;false;forest;1
5968;240;152;249;land;false;forest;1
5969;130;227;111;land;false;plains;1
5970;235;117;115;land;false;plains;1
5971;209;252;196;land;false;plains;1
5972;247;255;208;land;false;plains;1
5973;253;255;247;land;false;plains;1
5974;190;253;218;land;false;plains;1
5975;207;253;221;land;true;forest;1
5976;230;39;34;land;false;hills;1
5977;249;177;175;land;true;forest;1
5978;71;218;138;land;false;plains;1
5979;251;145;147;land;true;forest;1
5980;219;92;170;land;false;plains;1
5981;254;249;206;land;false;forest;1
5982;130;151;249;land;false;plains;1
5983;97;53;246;land;false;hills;1
5984;180;254;175;land;false;plains;1
5985;112;215;76;land;false;desert;1
5986;44;58;212;land;false;mountain;1
5987;255;244;228;land;false;hills;1
5988;146;253;240;land;false;hills;1
5989;254;255;226;land;false;plains;1
5990;74;113;231;land;false;desert;1
5991;225;253;211;land;false;forest;1
5992;125;243;150;land;false;hills;1
5993;147;251;109;land;false;forest;1
5994;184;217;84;land;false;hills;1
5995;120;243;154;land;false;plains;1
5996;242;120;167;land;false;forest;1
5997;63;88;240;land;false;plains;1
5998;194;233;115;land;false;desert;1
5999;16;20;245;land;false;plains;1
6000;254;221;238;land;false;plains;1
6001;169;251;138;land;false;plains;1
6002;58;242;221;land;false;forest;1
6003;249;11;169;land;false;forest;1
6004;162;247;203;land;false;plains;1
6005;196;118;248;land;false;forest;1
6006;200;228;101;land;false;plains;1
6007;207;255;249;land;false;plains;1
6008;172;207;63;land;false;plains;1
6009;243;255;252;land;false;hills;1
6010;251;249;255;land;true;marsh;1
6011;176;227;68;land;false;desert;1
6012;198;113;253;land;false;hills;1
6013;211;201;254;land;false;plains;1
6014;205;220;254;land;false;desert;1
6015;173;220;67;land;false;plains;1
6016;197;239;80;land;false;plains;1
6017;245;220;164;land;false;forest;1
6018;158;184;255;land;true;forest;1
6019;176;234;41;land;false;forest;1
6020;246;152;186;land;false;plains;1
6021;131;254;226;land;false;plains;1
6022;215;79;243;land;true;urban;1
6023;145;160;240;land;false;plains;1
6024;225;251;176;land;false;desert;1
6025;255;241;228;land;false;desert;1
6026;117;177;239;land;true;forest;1
6027;238;22;100;land;false;plains;1
6028;249;81;237;land;false;desert;1
6029;253;157;231;land;false;forest;1
6030;43;81;232;land;true;urban;1
6031;254;232;222;land;false;desert;1
6032;229;123;100;land;true;plains;1
6033;252;255;239;land;false;desert;1
6034;247;255;236;land;false;plains;1
6035;204;117;231;land;false;plains;1
6036;250;175;239;land;false;forest;1
6037;144;139;249;land;false;plains;1
6038;240;39;131;land;false;urban;1
6039;217;49;225;land;true;forest;1
6040;66;199;250;land;false;desert;1
6041;142;172;246;land;false;desert;1
6042;203;126;241;land;false;desert;1
6043;219;233;255;land;false;forest;1
6044;96;215;40;land;false;desert;1
6045;219;96;52;land;false;plains;1
6046;17;239;218;land;false;forest;1
6047;114;233;140;land;true;forest;1
6048;121;156;243;land;false;forest;1
6049;253;188;193;land;false;desert;1
6050;177;218;252;land;false;mountain;1
6051;234;237;255;land;false;desert;1
6052;132;223;93;land;false;desert;1
6053;46;93;232;land;true;forest;1
6054;254;228;209;land;false;mountain;1
6055;85;67;221;land;false;forest;1
6056;218;92;225;land;false;desert;1
6057;248;177;242;land;false;desert;1
6058;84;248;122;land;false;urban;1
6059;209;66;233;land;false;plains;1
6060;222;255;239;land;true;forest;1
6061;249;154;158;land;false;desert;1
6062;216;103;250;land;false;plains;1
6063;204;56;247;land;false;desert;1
6064;253;179;217;land;false;forest;1
6065;231;73;173;land;false;forest;1
6066;218;254;225;land;false;desert;1
6067;253;251;187;land;false;forest;1
6068;222;168;253;land;false;forest;1
6069;222;255;222;land;false;hills;1
6070;162;250;188;land;false;desert;1
6071;194;250;126;land;false;desert;1
6072;199;178;254;land;false;plains;1
6073;241;255;240;land;false;forest;1
6074;132;208;68;land;true;forest;1
6075;13;73;242;land;false;forest;1
6076;174;225;249;land;true;forest;1
6077;248;175;248;land;false;forest;1
6078;253;250;174;land;false;desert;1
6079;255;225;193;land;false;desert;1
6080;98;234;207;land;false;forest;1
6081;144;251;214;land;true;plains;1
6082;79;206;230;land;false;forest;1
6083;251;255;248;land;true;plains;1
6084;144;254;212;land;false;hills;1
6085;196;250;176;land;false;plains;1
6086;255;249;249;land;false;desert;1
6087;60;221;217;land;false;desert;1
6088;117;117;238;land;false;marsh;1
6089;238;110;31;land;false;hills;1
6090;33;243;68;land;false;plains;1
6091;248;249;255;land;true;forest;1
6092;213;89;232;land;false;plains;1
6093;198;69;201;land;false;desert;1
6094;71;231;121;land;true;forest;1
6095;110;210;234;land;false;forest;1
6096;241;255;239;land;false;desert;1
6097;128;224;83;land;false;plains;1
6098;208;112;252;land;true;forest;1
6099;168;188;254;land;false;forest;1
6100;255;234;246;land;false;forest;1
6101;172;255;189;land;false;forest;1
6102;177;163;249;land;false;plains;1
6103;237;157;103;land;false;forest;1
6104;209;105;229;land;false;desert;1
6105;126;134;243;land;false;forest;1
6106;252;212;196;land;true;forest;1
6107;41;122;222;land;true;forest;1
6108;248;228;172;land;false;desert;1
6109;129;90;236;land;false;forest;1
6110;255;253;238;land;true;plains;1
6111;186;221;254;land;false;plains;1
6112;245;231;124;land;false;hills;1
6113;175;102;226;land;false;desert;1
6114;130;222;105;land;false;hills;1
6115;254;198;242;land;true;forest;1
6116;244;194;251;land;false;forest;1
6117;198;253;180;land;true;plains;1
6118;175;248;190;land;false;desert;1
6119;244;255;255;land;false;plains;1
6120;230;195;105;land;false;desert;1
6121;237;248;143;land;false;plains;1
6122;255;218;225;land;false;desert;1
6123;239;255;193;land;false;plains;1
6124;252;172;163;land;true;forest;1
6125;95;238;61;land;false;forest;1
6126;234;253;152;land;false;desert;1
6127;252;174;243;land;false;plains;1
6128;208;55;103;land;false;desert;1
6129;250;121;237;land;false;plains;1
6130;238;182;137;land;false;plains;1
6131;249;156;126;land;false;plains;1
6132;175;87;247;land;true;forest;1
6133;95;226;57;land;true;forest;1
6134;94;238;192;land;false;desert;1
6135;223;233;79;land;false;hills;1
6136;224;254;224;land;false;desert;1
6137;247;165;71;land;false;forest;1
6138;46;249;161;land;false;forest;1
6139;252;191;241;land;false;forest;1
6140;56;209;134;land;false;desert;1
6141;252;247;255;land;false;plains;1
6142;200;252;236;land;false;desert;1
6143;244;211;56;land;false;plains;1
6144;253;165;88;land;false;plains;1
6145;210;253;210;land;false;plains;1
6146;135;239;241;land;false;forest;1
6147;164;213;245;land;false;forest;1
6148;72;98;208;land;true;plains;1
6149;223;80;213;land;false;desert;1
6150;219;109;241;land;false;desert;1
6151;147;233;253;land;false;plains;1
6152;166;248;191;land;false;plains;1
6153;45;227;219;land;true;forest;1
6154;235;195;93;land;false;desert;1
6155;242;229;254;land;false;plains;1
6156;198;168;251;land;false;forest;1
6157;126;251;153;land;false;forest;1
6158;132;241;123;land;false;hills;1
6159;175;247;137;land;false;hills;1
6160;246;241;164;land;false;urban;1
6161;126;240;178;land;true;urban;1
6162;233;105;79;land;false;plains;1
6163;217;230;254;land;false;plains;1
6164;247;135;76;land;false;plains;1
6165;48;246;100;land;false;desert;1
6166;248;138;209;land;false;desert;1
6167;183;245;134;land;false;plains;1
6168;250;137;143;land;false;plains;1
6169;163;44;216;land;false;plains;1
6170;211;218;254;land;false;desert;1
6171;242;161;91;land;false;desert;1
6172;123;243;228;land;false;desert;1
6173;255;251;237;land;false;desert;1
6174;75;151;227;land;false;plains;1
6175;236;109;239;land;false;forest;1
6176;245;250;184;land;false;plains;1
6177;36;234;194;land;false;plains;1
6178;59;135;205;land;false;plains;1
6179;68;50;208;land;false;forest;1
6180;242;122;90;land;false;urban;1
6181;217;92;125;land;false;hills;1
6182;155;249;235;land;false;desert;1
6183;186;179;251;land;false;mountain;1
6184;254;254;211;land;false;forest;1
6185;245;237;26;land;false;desert;1
6186;146;198;254;land;false;urban;1
6187;88;217;140;land;false;plains;1
6188;243;154;173;land;false;forest;1
6189;215;115;78;land;false;urban;1
6190;248;172;237;land;false;desert;1
6191;210;250;101;land;false;desert;1
6192;238;255;236;land;false;plains;1
6193;53;227;157;land;false;forest;1
6194;216;233;254;land;true;forest;1
6195;251;194;96;land;false;hills;1
6196;248;255;249;land;false;plains;1
6197;62;226;195;land;true;forest;1
6198;209;161;248;land;true;forest;1
6199;38;76;229;land;false;desert;1
6200;210;229;46;land;false;plains;1
6201;254;250;228;land;false;plains;1
6202;253;100;180;land;true;forest;1
6203;232;121;212;land;false;desert;1
6204;211;104;253;land;false;plains;1
6205;225;252;180;land;false;plains;1
6206;135;225;87;land;false;plains;1
6207;244;254;228;land;true;marsh;1
6208;227;105;247;land;false;forest;1
6209;172;253;182;land;false;forest;1
6210;26;231;139;land;false;desert;1
6211;89;129;220;land;true;forest;1
6212;207;123;49;land;true;forest;1
6213;31;228;94;land;false;forest;1
6214;204;97;71;land;false;marsh;1
6215;226;211;105;land;true;forest;1
6216;54;236;175;land;false;desert;1
6217;130;242;105;land;false;plains;1
6218;254;247;217;land;false;forest;1
6219;255;245;221;land;false;plains;1
6220;217;254;254;land;true;forest;1
6221;238;251;52;land;false;mountain;1
6222;54;230;197;land;false;desert;1
6223;73;109;211;land;false;plains;1
6224;212;198;56;land;false;plains;1
6225;249;166;182;land;true;forest;1
6226;197;65;200;land;true;plains;1
6227;218;222;255;land;false;hills;1
6228;61;239;66;land;false;forest;1
6229;239;204;70;land;false;plains;1
6230;38;240;202;land;false;plains;1
6231;196;237;252;land;false;plains;1
6232;250;170;168;land;true;forest;1
6233;252;68;85;land;false;plains;1
6234;57;214;43;land;false;desert;1
6235;125;240;113;land;false;plains;1
6236;245;202;115;land;false;plains;1
6237;174;229;103;land;false;plains;1
6238;232;255;236;land;true;urban;1
6239;253;228;205;land;false;plains;1
6240;233;71;234;land;true;forest;1
6241;255;240;232;land;true;forest;1
6242;255;250;212;land;false;forest;1
6243;183;254;200;land;false;plains;1
6244;255;245;244;land;false;desert;1
6245;207;216;254;land;false;plains;1
6246;23;201;235;land;false;forest;1
6247;177;253;181;land;false;plains;1
6248;198;193;251;land;true;forest;1
6249;139;176;241;land;false;desert;1
6250;252;218;192;land;false;plains;1
6251;120;246;185;land;false;forest;1
6252;164;53;248;land;false;desert;1
6253;234;192;253;land;false;plains;1
6254;39;233;80;land;false;forest;1
6255;140;220;82;land;false;desert;1
6256;181;253;183;land;false;plains;1
6257;253;234;204;land;false;plains;1
6258;104;232;135;land;false;plains;1
6259;151;79;243;land;false;forest;1
6260;255;227;246;land;false;plains;1
6261;229;254;239;land;true;forest;1
6262;94;107;237;land;false;plains;1
6263;130;241;249;land;true;forest;1
6264;254;146;62;land;false;desert;1
6265;117;242;113;land;false;desert;1
6266;171;148;254;land;false;plains;1
6267;226;167;252;land;false;forest;1
6268;238;58;43;land;false;plains;1
6269;253;67;195;land;false;desert;1
6270;122;232;131;land;false;forest;1
6271;243;21;67;land;false;hills;1
6272;110;246;167;land;false;plains;1
6273;251;153;216;land;false;plains;1
6274;255;254;237;land;false;plains;1
6275;139;250;157;land;true;marsh;1
6276;242;254;169;land;false;desert;1
6277;255;234;243;land;false;forest;1
6278;254;241;224;land;false;forest;1
6279;240;248;255;land;false;forest;1
6280;201;254;184;land;true;plains;1
6281;170;247;206;land;false;desert;1
6282;255;249;220;land;true;desert;1
6283;204;138;237;land;true;marsh;1
6284;255;181;144;land;false;desert;1
6285;191;252;168;land;false;plains;1
6286;249;253;255;land;true;forest;1
6287;251;190;203;land;false;forest;1
6288;159;246;137;land;false;desert;1
6289;127;163;252;land;false;forest;1
6290;246;255;223;land;false;desert;1
6291;236;245;255;land;false;forest;1
6292;49;179;246;land;false;forest;1
6293;195;193;254;land;true;forest;1
6294;240;146;252;land;false;desert;1
6295;233;255;227;land;false;plains;1
6296;50;212;62;land;true;urban;1
6297;254;217;250;land;false;forest;1
6298;238;111;240;land;false;plains;1
6299;183;249;187;land;false;forest;1
6300;222;212;87;land;false;plains;1
6301;167;219;51;land;false;plains;1
6302;245;255;250;land;false;plains;1
6303;255;252;238;land;true;forest;1
6304;199;79;236;land;true;marsh;1
6305;231;254;222;land;false;desert;1
6306;82;187;209;land;false;hills;1
6307;147;146;244;land;false;forest;1
6308;122;130;238;land;false;marsh;1
6309;126;236;116;land;false;desert;1
6310;101;226;105;land;false;desert;1
6311;223;246;130;land;false;plains;1
6312;223;247;41;land;false;plains;1
6313;221;192;47;land;false;forest;1
6314;112;242;162;land;true;marsh;1
6315;65;65;254;land;true;forest;1
6316;149;242;176;land;false;plains;1
6317;227;199;253;land;false;plains;1
6318;244;109;211;land;false;forest;1
6319;70;148;224;land;false;plains;1
6320;158;195;246;land;false;hills;1
6321;202;201;253;land;false;forest;1
6322;134;244;217;land;false;plains;1
6323;159;194;248;land;false;plains;1
6324;230;168;64;land;false;forest;1
6325;82;147;238;land;false;desert;1
6326;63;222;177;land;false;plains;1
6327;253;234;113;land;false;plains;1
6328;236;255;239;land;true;forest;1
6329;82;249;188;land;true;plains;1
6330;220;234;255;land;true;forest;1
6331;251;46;224;land;true;urban;1
6332;254;135;109;land;false;desert;1
6333;155;136;249;land;false;forest;1
6334;206;255;230;land;false;urban;1
6335;197;213;252;land;false;hills;1
6336;252;186;197;land;false;plains;1
6337;83;225;232;land;false;plains;1
6338;146;195;242;land;false;plains;1
6339;248;177;188;land;false;desert;1
6340;229;174;40;land;false;forest;1
6341;233;255;254;land;true;marsh;1
6342;147;121;250;land;false;plains;1
6343;250;167;216;land;false;plains;1
6344;193;249;178;land;false;forest;1
6345;241;254;228;land;true;forest;1
6346;137;251;178;land;false;desert;1
6347;115;249;240;land;false;desert;1
6348;253;201;243;land;false;plains;1
6349;171;171;251;land;false;plains;1
6350;231;104;100;land;false;forest;1
6351;93;222;146;land;false;forest;1
6352;101;233;116;land;false;forest;1
6353;50;139;214;land;false;forest;1
6354;246;140;179;land;true;forest;1
6355;247;239;169;land;false;forest;1
6356;187;247;129;land;false;plains;1
6357;193;181;255;land;false;forest;1
6358;172;250;176;land;false;forest;1
6359;231;237;255;land;false;forest;1
6360;248;255;241;land;false;forest;1
6361;222;109;52;land;false;forest;1
6362;238;254;228;land;false;forest;1
6363;212;167;249;land;true;forest;1
6364;255;252;210;land;false;plains;1
6365;210;95;232;land;false;plains;1
6366;244;129;229;land;false;plains;1
6367;158;230;81;land;false;marsh;1
6368;253;206;250;land;false;forest;1
6369;229;255;241;land;false;desert;1
6370;75;150;240;land;false;plains;1
6371;254;246;206;land;false;desert;1
6372;252;120;85;land;false;plains;1
6373;124;104;223;land;false;forest;1
6374;111;110;227;land;true;plains;1
6375;232;92;192;land;true;plains;1
6376;156;207;77;land;false;marsh;1
6377;228;253;189;land;false;plains;1
6378;255;238;218;land;false;plains;1
6379;104;44;211;land;false;forest;1
6380;73;239;59;land;false;plains;1
6381;251;136;147;land;false;desert;1
6382;89;122;217;land;true;plains;1
6383;150;184;248;land;false;desert;1
6384;254;190;186;land;false;plains;1
6385;207;140;240;land;false;plains;1
6386;249;172;253;land;false;forest;1
6387;101;214;74;land;false;forest;1
6388;178;184;251;land;true;forest;1
6389;160;250;249;land;false;desert;1
6390;242;136;184;land;false;desert;1
6391;158;97;221;land;true;forest;1
6392;203;251;186;land;false;forest;1
6393;242;179;69;land;false;forest;1
6394;80;199;252;land;false;plains;1
6395;244;161;252;land;false;plains;1
6396;23;243;84;land;false;desert;1
6397;193;59;239;land;false;forest;1
6398;254;218;222;land;true;forest;1
6399;133;112;244;land;false;plains;1
6400;249;163;161;land;false;forest;1
6401;254;208;166;land;true;forest;1
6402;245;74;152;land;false;forest;1
6403;120;245;16;land;false;plains;1
6404;219;157;73;land;false;plains;1
6405;102;226;249;land;false;plains;1
6406;70;68;220;land;false;forest;1
6407;226;76;133;land;false;forest;1
6408;255;247;180;land;true;forest;1
6409;152;120;235;land;false;forest;1
6410;255;232;239;land;false;plains;1
6411;215;252;200;land;true;forest;1
6412;247;104;182;land;false;plains;1
6413;239;139;98;land;false;plains;1
6414;246;150;180;land;false;marsh;1
6415;194;94;234;land;false;forest;1
6416;252;251;73;land;false;forest;1
6417;143;245;184;land;true;forest;1
6418;220;82;52;land;true;plains;1
6419;255;251;239;land;true;plains;1
6420;249;169;169;land;false;plains;1
6421;255;250;240;land;true;forest;1
6422;228;51;110;land;true;forest;1
6423;251;254;221;land;true;plains;1
6424;189;229;104;land;false;hills;1
6425;255;208;216;land;false;plains;1
6426;255;238;255;land;false;plains;1
6427;153;250;169;land;false;desert;1
6428;246;242;255;land;false;plains;1
6429;110;229;228;land;true;marsh;1
6430;143;249;161;land;false;forest;1
6431;36;93;254;land;true;plains;1
6432;238;161;86;land;false;plains;1
6433;161;250;215;land;false;forest;1
6434;222;255;247;land;false;hills;1
6435;255;242;242;land;false;forest;1
6436;157;235;87;land;false;forest;1
6437;99;224;91;land;true;forest;1
6438;255;237;250;land;false;forest;1
6439;254;219;181;land;false;plains;1
6440;29;98;241;land;true;forest;1
6441;254;220;251;land;false;plains;1
6442;252;214;149;land;true;marsh;1
6443;241;254;255;land;false;forest;1
6444;101;76;220;land;true;urban;1
6445;102;226;146;land;false;forest;1
6446;239;222;112;land;true;forest;1
6447;250;221;190;land;false;plains;1
6448;234;245;255;land;false;plains;1
6449;225;251;135;land;false;forest;1
6450;161;254;214;land;false;plains;1
6451;183;253;248;land;false;plains;1
6452;252;227;159;land;false;forest;1
6453;197;170;250;land;false;plains;1
6454;60;154;241;land;false;desert;1
6455;206;250;253;land;true;forest;1
6456;244;254;255;land;true;forest;1
6457;241;199;146;land;false;hills;1
6458;215;253;208;land;false;plains;1
6459;237;255;247;land;false;forest;1
6460;248;174;189;land;true;plains;1
6461;240;118;246;land;false;plains;1
6462;240;216;254;land;false;plains;1
6463;222;229;255;land;false;forest;1
6464;173;80;221;land;false;plains;1
6465;199;246;157;land;false;forest;1
6466;55;224;195;land;false;plains;1
6467;248;161;131;land;false;urban;1
6468;79;248;105;land;false;forest;1
6469;231;35;224;land;false;forest;1
6470;224;49;96;land;false;plains;1
6471;114;244;123;land;false;plains;1
6472;223;254;229;land;false;plains;1
6473;172;250;225;land;false;forest;1
6474;103;242;155;land;false;plains;1
6475;189;220;254;land;false;plains;1
6476;203;221;254;land;false;hills;1
6477;254;252;228;land;true;plains;1
6478;252;116;220;land;false;hills;1
6479;250;255;250;land;false;forest;1
6480;248;242;255;land;false;plains;1
6481;190;255;246;land;false;plains;1
6482;153;155;251;land;false;forest;1
6483;154;244;198;land;false;plains;1
6484;238;187;106;land;false;plains;1
6485;192;254;208;land;true;forest;1
6486;82;252;241;land;false;forest;1
6487;175;255;211;land;false;hills;1
6488;124;208;238;land;false;forest;1
6489;87;102;240;land;false;forest;1
6490;233;248;164;land;false;plains;1
6491;127;149;252;land;true;urban;1
6492;218;252;168;land;false;plains;1
6493;252;46;76;land;false;urban;1
6494;95;248;217;land;false;plains;1
6495;210;70;104;land;false;desert;1
6496;252;211;199;land;true;plains;1
6497;203;253;200;land;false;plains;1
6498;225;172;32;land;true;forest;1
6499;15;242;222;land;false;plains;1
6500;176;179;253;land;false;plains;1
6501;233;125;244;land;true;marsh;1
6502;246;248;138;land;false;forest;1
6503;237;140;94;land;false;forest;1
6504;254;203;225;land;true;forest;1
6505;211;254;215;land;false;desert;1
6506;165;97;246;land;false;forest;1
6507;216;82;221;land;false;plains;1
6508;240;39;113;land;false;forest;1
6509;251;161;250;land;true;forest;1
6510;118;251;119;land;false;plains;1
6511;131;230;81;land;false;plains;1
6512;245;149;173;land;false;forest;1
6513;223;252;191;land;true;forest;1
6514;124;252;58;land;false;plains;1
6515;255;253;253;land;false;plains;1
6516;110;121;244;land;false;plains;1
6517;215;114;240;land;true;forest;1
6518;244;146;230;land;false;forest;1
6519;238;255;248;land;false;forest;1
6520;166;238;140;land;false;hills;1
6521;201;235;255;land;false;plains;1
6522;204;186;252;land;false;forest;1
6523;247;138;114;land;false;plains;1
6524;254;216;236;land;false;hills;1
6525;249;191;255;land;false;plains;1
6526;250;114;237;land;false;plains;1
6527;135;126;238;land;false;forest;1
6528;111;251;247;land;true;forest;1
6529;188;252;193;land;true;forest;1
6530;154;254;180;land;true;forest;1
6531;240;63;41;land;false;plains;1
6532;250;255;240;land;false;desert;1
6533;255;228;248;land;false;desert;1
6534;31;236;204;land;false;plains;1
6535;81;247;251;land;true;forest;1
6536;246;172;247;land;true;forest;1
6537;253;248;211;land;false;forest;1
6538;251;179;128;land;true;forest;1
6539;201;184;252;land;false;forest;1
6540;250;204;254;land;false;plains;1
6541;132;237;248;land;false;plains;1
6542;122;235;185;land;true;forest;1
6543;166;248;79;land;false;desert;1
6544;144;10;252;land;false;hills;1
6545;251;251;185;land;false;forest;1
6546;234;254;206;land;false;plains;1
6547;57;244;170;land;false;plains;1
6548;223;253;207;land;true;forest;1
6549;148;73;212;land;false;plains;1
6550;69;216;243;land;false;plains;1
6551;235;255;245;land;false;plains;1
6552;250;130;230;land;true;forest;1
6553;106;104;239;land;false;desert;1
6554;251;196;180;land;false;plains;1
6555;239;254;209;land;false;forest;1
6556;251;146;171;land;true;forest;1
6557;130;153;244;land;true;urban;1
6558;198;255;251;land;false;forest;1
6559;245;162;216;land;false;desert;1
6560;252;140;225;land;false;plains;1
6561;239;246;255;land;true;forest;1
6562;254;51;42;land;false;forest;1
6563;215;188;254;land;true;forest;1
6564;224;141;248;land;false;desert;1
6565;128;221;242;land;false;plains;1
6566;79;239;158;land;false;forest;1
6567;248;221;255;land;true;forest;1
6568;76;206;233;land;false;plains;1
6569;233;196;78;land;false;forest;1
6570;238;110;138;land;true;forest;1
6571;211;205;253;land;false;forest;1
6572;112;135;245;land;false;forest;1
6573;152;80;212;land;false;plains;1
6574;164;252;70;land;true;forest;1
6575;255;189;238;land;false;desert;1
6576;161;149;242;land;false;plains;1
6577;80;220;143;land;false;forest;1
6578;244;255;242;land;false;plains;1
6579;176;250;181;land;false;plains;1
6580;115;54;241;land;false;hills;1
6581;121;193;238;land;false;hills;1
6582;118;251;161;land;false;plains;1
6583;138;94;253;land;false;plains;1
6584;242;230;129;land;false;plains;1
6585;243;223;254;land;true;forest;1
6586;216;53;235;land;false;desert;1
6587;112;106;241;land;true;forest;1
6588;252;203;152;land;true;forest;1
6589;134;156;246;land;false;urban;1
6590;235;255;233;land;true;plains;1
6591;144;254;174;land;false;plains;1
6592;177;250;235;land;false;forest;1
6593;95;222;67;land;false;hills;1
6594;226;254;197;land;false;urban;1
6595;254;110;153;land;false;plains;1
6596;247;157;231;land;false;forest;1
6597;115;182;233;land;true;forest;1
6598;197;238;126;land;false;forest;1
6599;245;163;31;land;false;forest;1
6600;243;28;232;land;false;desert;1
6601;234;205;122;land;false;plains;1
6602;200;250;77;land;true;marsh;1
6603;97;222;241;land;false;plains;1
6604;254;214;181;land;false;plains;1
6605;190;243;43;land;false;forest;1
6606;199;158;246;land;false;forest;1
6607;159;233;26;land;true;forest;1
6608;140;241;117;land;true;forest;1
6609;171;83;230;land;false;plains;1
6610;151;243;191;land;false;forest;1
6611;110;248;198;land;false;plains;1
6612;251;161;201;land;false;plains;1
6613;248;221;172;land;false;forest;1
6614;253;250;209;land;false;desert;1
6615;71;242;50;land;false;hills;1
6616;212;254;218;land;false;forest;1
6617;251;192;219;land;false;desert;1
6618;252;241;196;land;false;desert;1
6619;224;251;185;land;false;plains;1
6620;206;57;215;land;false;forest;1
6621;71;208;234;land;false;desert;1
6622;230;255;241;land;false;forest;1
6623;219;172;247;land;false;hills;1
6624;243;215;134;land;false;plains;1
6625;248;173;175;land;false;forest;1
6626;167;112;245;land;true;plains;1
6627;137;255;84;land;false;urban;1
6628;250;130;149;land;false;desert;1
6629;232;109;126;land;false;hills;1
6630;121;208;66;land;false;desert;1
6631;201;254;168;land;false;forest;1
6632;247;156;58;land;false;desert;1
6633;254;213;211;land;false;forest;1
6634;253;238;173;land;false;forest;1
6635;108;227;253;land;false;plains;1
6636;221;229;255;land;false;plains;1
6637;92;238;184;land;false;plains;1
6638;169;137;254;land;false;plains;1
6639;170;183;249;land;false;forest;1
6640;235;54;21;land;true;forest;1
6641;96;221;176;land;false;hills;1
6642;253;148;203;land;false;plains;1
6643;157;64;205;land;false;desert;1
6644;148;248;218;land;false;forest;1
6645;214;242;103;land;true;forest;1
6646;91;145;227;land;false;plains;1
6647;130;99;253;land;false;desert;1
6648;253;219;181;land;false;forest;1
6649;250;120;84;land;false;plains;1
6650;215;247;171;land;false;plains;1
6651;245;224;147;land;true;forest;1
6652;70;45;219;land;false;plains;1
6653;230;255;233;land;true;plains;1
6654;162;250;177;land;false;plains;1
6655;221;73;140;land;false;plains;1
6656;231;255;238;land;true;marsh;1
6657;195;220;45;land;false;desert;1
6658;226;159;56;land;false;plains;1
6659;255;236;244;land;false;forest;1
6660;111;179;249;land;true;plains;1
6661;235;255;220;land;false;plains;1
6662;239;168;76;land;false;desert;1
6663;96;246;178;land;false;plains;1
6664;220;252;188;land;false;desert;1
6665;237;78;251;land;false;plains;1
6666;118;245;113;land;true;urban;1
6667;178;156;247;land;false;hills;1
6668;249;115;232;land;false;plains;1
6669;246;254;224;land;false;forest;1
6670;246;144;229;land;false;forest;1
6671;175;154;244;land;true;urban;1
6672;171;73;224;land;true;marsh;1
6673;120;229;239;land;false;desert;1
6674;203;240;141;land;false;plains;1
6675;250;134;53;land;false;hills;1
6676;220;74;127;land;false;plains;1
6677;255;251;249;land;false;desert;1
6678;178;253;211;land;false;desert;1
6679;239;82;109;land;false;plains;1
6680;230;218;118;land;false;forest;1
6681;150;245;125;land;false;plains;1
6682;115;247;31;land;false;plains;1
6683;248;169;73;land;false;hills;1
6684;224;217;254;land;false;plains;1
6685;38;161;255;land;false;desert;1
6686;144;108;228;land;false;plains;1
6687;243;224;93;land;false;plains;1
6688;255;235;251;land;false;desert;1
6689;110;249;220;land;true;marsh;1
6690;83;247;119;land;false;forest;1
6691;246;126;156;land;false;desert;1
6692;217;242;254;land;false;hills;1
6693;253;205;200;land;false;desert;1
6694;255;240;234;land;true;marsh;1
6695;255;248;230;land;true;plains;1
6696;237;156;108;land;false;forest;1
6697;105;230;181;land;false;hills;1
6698;186;255;220;land;false;desert;1
6699;141;247;243;land;false;desert;1
6700;103;185;240;land;false;forest;1
6701;104;113;223;land;true;plains;1
6702;204;184;254;land;false;hills;1
6703;245;87;242;land;false;plains;1
6704;198;244;107;land;false;forest;1
6705;178;250;211;land;true;plains;1
6706;234;91;88;land;true;plains;1
6707;255;228;246;land;false;plains;1
6708;97;79;247;land;false;hills;1
6709;17;249;115;land;false;desert;1
6710;214;162;90;land;false;desert;1
6711;236;225;54;land;false;plains;1
6712;204;47;215;land;false;forest;1
6713;182;254;222;land;false;hills;1
6714;94;60;255;land;false;plains;1
6715;255;241;236;land;false;forest;1
6716;199;230;108;land;false;forest;1
6717;186;93;230;land;false;forest;1
6718;200;76;241;land;false;plains;1
6719;202;234;252;land;false;forest;1
6720;175;254;173;land;false;hills;1
6721;107;247;104;land;false;desert;1
6722;225;254;254;land;false;desert;1
6723;249;255;253;land;false;urban;1
6724;199;255;166;land;true;forest;1
6725;184;245;95;land;false;hills;1
6726;242;131;93;land;false;forest;1
6727;33;68;245;land;true;forest;1
6728;39;235;235;land;false;plains;1
6729;191;188;252;land;false;plains;1
6730;50;194;221;land;true;forest;1
6731;243;250;151;land;false;forest;1
6732;146;248;150;land;true;forest;1
6733;146;255;208;land;false;forest;1
6734;24;251;67;land;false;plains;1
6735;63;245;131;land;false;forest;1
6736;186;113;247;land;true;forest;1
6737;247;60;78;land;false;plains;1
6738;219;73;137;land;false;forest;1
6739;255;243;214;land;false;plains;1
6740;255;238;227;land;false;forest;1
6741;242;107;244;land;false;forest;1
6742;141;249;177;land;false;forest;1
6743;223;248;136;land;false;plains;1
6744;157;248;147;land;false;desert;1
6745;204;147;246;land;true;forest;1
6746;242;125;149;land;false;forest;1
6747;130;237;164;land;false;hills;1
6748;191;248;106;land;false;desert;1
6749;255;223;243;land;false;forest;1
6750;239;218;140;land;false;hills;1
6751;122;98;253;land;false;forest;1
6752;163;253;140;land;false;plains;1
6753;243;145;29;land;false;plains;1
6754;250;122;246;land;false;forest;1
6755;251;255;251;land;true;forest;1
6756;246;128;253;land;false;forest;1
6757;210;84;214;land;false;desert;1
6758;68;196;206;land;false;forest;1
6759;161;139;241;land;true;forest;1
6760;254;243;171;land;false;forest;1
6761;170;192;253;land;false;forest;1
6762;182;78;227;land;false;forest;1
6763;250;214;181;land;false;forest;1
6764;221;252;105;land;false;plains;1
6765;247;112;236;land;false;forest;1
6766;197;212;254;land;false;forest;1
6767;249;120;67;land;false;forest;1
6768;187;255;251;land;false;forest;1
6769;135;140;241;land;false;urban;1
6770;251;132;143;land;true;plains;1
6771;71;237;204;land;false;forest;1
6772;254;197;250;land;false;forest;1
6773;254;247;255;land;false;hills;1
6774;248;167;156;land;false;forest;1
6775;252;204;236;land;false;forest;1
6776;203;248;162;land;true;forest;1
6777;252;136;166;land;false;hills;1
6778;46;117;233;land;false;plains;1
6779;230;208;49;land;false;plains;1
6780;237;253;157;land;false;hills;1
6781;180;249;172;land;false;forest;1
6782;126;238;119;land;false;plains;1
6783;236;80;128;land;false;hills;1
6784;190;207;253;land;false;plains;1
6785;182;240;129;land;false;forest;1
6786;253;148;168;land;false;forest;1
6787;255;208;225;land;false;hills;1
6788;240;120;35;land;false;forest;1
6789;239;89;82;land;false;desert;1
6790;229;205;253;land;false;hills;1
6791;215;190;253;land;false;forest;1
6792;248;252;255;land;false;forest;1
6793;244;55;40;land;false;forest;1
6794;250;190;238;land;false;plains;1
6795;129;242;153;land;false;plains;1
6796;242;152;128;land;false;plains;1
6797;184;248;252;land;false;forest;1
6798;187;252;83;land;false;mountain;1
6799;246;254;225;land;false;forest;1
6800;255;236;237;land;false;hills;1
6801;220;255;230;land;false;plains;1
6802;252;172;213;land;false;forest;1
6803;179;249;228;land;false;plains;1
6804;120;206;74;land;false;desert;1
6805;132;249;218;land;false;hills;1
6806;253;255;251;land;false;forest;1
6807;224;255;227;land;false;plains;1
6808;163;241;246;land;false;plains;1
6809;248;242;129;land;false;forest;1
6810;247;179;167;land;false;plains;1
6811;253;150;232;land;false;forest;1
6812;102;226;221;land;false;forest;1
6813;253;249;183;land;false;forest;1
6814;185;234;251;land;false;forest;1
6815;192;193;255;land;false;forest;1
6816;250;255;251;land;false;forest;1
6817;116;251;222;land;false;hills;1
6818;185;245;97;land;false;forest;1
6819;152;250;200;land;true;forest;1
6820;97;170;220;land;false;plains;1
6821;254;246;222;land;false;hills;1
6822;226;136;249;land;false;hills;1
6823;236;255;221;land;false;hills;1
6824;247;38;253;land;false;forest;1
6825;246;255;252;land;false;forest;1
6826;218;124;74;land;false;forest;1
6827;238;246;122;land;false;plains;1
6828;224;250;161;land;false;forest;1
6829;206;200;254;land;false;plains;1
6830;164;139;246;land;false;forest;1
6831;99;81;252;land;false;hills;1
6832;176;107;243;land;false;hills;1
6833;104;184;242;land;false;forest;1
6834;255;211;196;land;false;plains;1
6835;243;143;212;land;true;forest;1
6836;242;134;249;land;false;hills;1
6837;138;241;190;land;false;desert;1
6838;209;234;113;land;true;plains;1
6839;76;80;209;land;false;hills;1
6840;196;253;205;land;false;plains;1
6841;249;108;26;land;false;forest;1
6842;244;244;149;land;true;forest;1
6843;2;254;103;land;false;forest;1
6844;239;123;160;land;false;hills;1
6845;140;215;84;land;false;plains;1
6846;168;250;254;land;false;hills;1
6847;241;238;105;land;false;hills;1
6848;245;255;245;land;false;forest;1
6849;229;254;233;land;false;hills;1
6850;226;58;193;land;false;plains;1
6851;49;219;97;land;false;hills;1
6852;171;198;248;land;false;forest;1
6853;73;121;239;land;false;hills;1
6854;253;236;188;land;true;forest;1
6855;246;251;179;land;false;hills;1
6856;245;66;57;land;false;hills;1
6857;175;251;193;land;false;forest;1
6858;63;199;198;land;false;hills;1
6859;191;242;115;land;false;hills;1
6860;252;255;254;land;false;hills;1
6861;206;195;73;land;false;hills;1
6862;167;248;191;land;true;forest;1
6863;250;91;92;land;false;plains;1
6864;219;253;210;land;false;hills;1
6865;250;99;216;land;false;forest;1
6866;208;192;251;land;false;desert;1
6867;224;255;229;land;false;hills;1
6868;135;252;226;land;false;hills;1
6869;237;194;41;land;false;forest;1
6870;175;248;193;land;false;plains;1
6871;229;117;134;land;false;forest;1
6872;184;47;231;land;false;plains;1
6873;220;255;235;land;false;hills;1
6874;94;229;174;land;false;hills;1
6875;227;121;112;land;false;hills;1
6876;241;148;177;land;false;hills;1
6877;209;235;255;land;false;plains;1
6878;64;192;153;land;false;hills;1
6879;158;202;74;land;false;plains;1
6880;214;254;193;land;false;hills;1
6881;236;132;144;land;false;plains;1
6882;222;243;254;land;true;forest;1
6883;161;254;148;land;false;hills;1
6884;254;188;173;land;false;forest;1
6885;39;218;228;land;false;forest;1
6886;222;226;255;land;false;desert;1
6887;188;167;254;land;true;forest;1
6888;255;225;251;land;false;forest;1
6889;125;234;167;land;false;hills;1
6890;192;249;173;land;false;hills;1
6891;181;248;157;land;false;plains;1
6892;195;130;235;land;false;forest;1
6893;235;254;230;land;false;hills;1
6894;229;152;51;land;false;forest;1
6895;51;158;212;land;false;hills;1
6896;124;209;239;land;false;forest;1
6897;36;151;250;land;false;hills;1
6898;213;179;251;land;false;hills;1
6899;183;254;191;land;false;forest;1
6900;101;159;232;land;false;forest;1
6901;250;235;168;land;false;forest;1
6902;83;234;214;land;false;plains;1
6903;226;179;251;land;false;mountain;1
6904;229;94;216;land;false;mountain;1
6905;228;198;44;land;false;hills;1
6906;99;81;222;land;false;hills;1
6907;188;48;208;land;false;hills;1
6908;213;185;255;land;false;plains;1
6909;148;172;243;land;false;forest;1
6910;252;179;215;land;false;hills;1
6911;226;248;254;land;false;forest;1
6912;254;178;189;land;false;plains;1
6913;213;100;237;land;false;forest;1
6914;239;139;249;land;false;hills;1
6915;254;238;202;land;false;hills;1
6916;171;133;250;land;true;forest;1
6917;227;255;229;land;false;plains;1
6918;36;232;90;land;false;plains;1
6919;124;42;233;land;false;hills;1
6920;242;105;187;land;false;hills;1
6921;219;255;215;land;false;forest;1
6922;228;215;255;land;false;hills;1
6923;215;219;51;land;false;hills;1
6924;149;255;186;land;false;mountain;1
6925;226;99;180;land;false;plains;1
6926;234;111;48;land;false;mountain;1
6927;185;160;250;land;false;plains;1
6928;231;95;100;land;false;plains;1
6929;55;62;206;land;false;hills;1
6930;235;230;254;land;true;forest;1
6931;252;118;222;land;false;forest;1
6932;214;255;231;land;false;mountain;1
6933;131;141;250;land;false;plains;1
6934;245;118;231;land;false;mountain;1
6935;254;186;237;land;false;forest;1
6936;230;237;92;land;false;plains;1
6937;122;244;226;land;false;forest;1
6938;76;224;100;land;false;mountain;1
6939;236;188;118;land;false;hills;1
6940;255;237;180;land;false;forest;1
6941;215;249;254;land;false;hills;1
6942;11;95;247;land;false;mountain;1
6943;214;253;192;land;false;hills;1
6944;252;162;172;land;true;forest;1
6945;195;254;45;land;false;hills;1
6946;227;101;194;land;false;hills;1
6947;216;143;240;land;false;plains;1
6948;250;208;180;land;false;plains;1
6949;106;160;232;land;false;forest;1
6950;100;247;221;land;false;plains;1
6951;122;199;253;land;false;hills;1
6952;247;164;228;land;false;forest;1
6953;122;252;34;land;false;plains;1
6954;248;71;120;land;true;forest;1
6955;211;44;204;land;false;desert;1
6956;135;241;238;land;false;desert;1
6957;63;221;106;land;true;forest;1
6958;210;73;104;land;false;hills;1
6959;242;45;100;land;false;forest;1
6960;44;216;47;land;false;plains;1
6961;82;132;238;land;false;hills;1
6962;213;72;224;land;false;plains;1
6963;254;240;255;land;false;hills;1
6964;214;182;53;land;false;hills;1
6965;225;113;87;land;false;desert;1
6966;96;230;123;land;false;hills;1
6967;252;228;179;land;false;plains;1
6968;239;186;143;land;false;plains;1
6969;122;104;247;land;false;hills;1
6970;237;123;117;land;false;desert;1
6971;167;244;104;land;false;plains;1
6972;134;124;253;land;false;hills;1
6973;241;166;76;land;false;plains;1
6974;243;174;145;land;false;forest;1
6975;65;221;168;land;false;hills;1
6976;231;234;255;land;false;forest;1
6977;225;69;223;land;false;mountain;1
6978;207;249;121;land;false;plains;1
6979;226;217;254;land;true;forest;1
6980;242;255;245;land;false;plains;1
6981;230;118;122;land;false;hills;1
6982;215;242;133;land;false;desert;1
6983;231;231;255;land;false;hills;1
6984;92;216;64;land;false;plains;1
6985;222;70;52;land;false;forest;1
6986;251;234;255;land;true;plains;1
6987;173;177;253;land;false;hills;1
6988;255;151;209;land;false;desert;1
6989;228;200;57;land;false;hills;1
6990;233;39;245;land;false;plains;1
6991;250;245;181;land;false;plains;1
6992;79;249;186;land;false;plains;1
6993;242;253;166;land;false;plains;1
6994;254;166;189;land;false;hills;1
6995;59;238;43;land;false;desert;1
6996;246;178;147;land;true;forest;1
6997;219;177;252;land;false;forest;1
6998;233;51;143;land;false;hills;1
6999;107;63;228;land;false;hills;1
7000;64;138;221;land;false;hills;1
7001;242;139;254;land;false;forest;1
7002;118;230;110;land;false;forest;1
7003;199;140;250;land;false;forest;1
7004;253;215;253;land;false;hills;1
7005;63;194;88;land;false;plains;1
7006;225;181;254;land;false;forest;1
7007;43;130;249;land;false;hills;1
7008;134;182;244;land;false;plains;1
7009;254;215;195;land;false;plains;1
7010;156;112;229;land;false;hills;1
7011;231;167;246;land;false;plains;1
7012;251;109;175;land;false;desert;1
7013;254;228;198;land;false;forest;1
7014;144;123;239;land;false;forest;1
7015;247;118;120;land;false;forest;1
7016;173;236;251;land;false;plains;1
7017;139;254;162;land;false;plains;1
7018;253;178;154;land;false;mountain;1
7019;240;106;167;land;false;desert;1
7020;142;233;247;land;false;plains;1
7021;153;252;211;land;false;desert;1
7022;245;200;152;land;false;hills;1
7023;218;119;248;land;false;hills;1
7024;250;125;87;land;false;plains;1
7025;179;233;97;land;false;hills;1
7026;201;236;72;land;false;forest;1
7027;243;255;237;land;false;plains;1
7028;255;221;243;land;false;hills;1
7029;220;209;255;land;false;plains;1
7030;244;224;254;land;false;hills;1
7031;224;227;254;land;false;hills;1
7032;247;123;124;land;false;plains;1
7033;194;255;225;land;false;hills;1
7034;227;253;188;land;false;plains;1
7035;73;195;211;land;false;hills;1
7036;148;245;212;land;false;plains;1
7037;254;241;225;land;false;plains;1
7038;231;146;60;land;true;forest;1
7039;254;212;197;land;false;hills;1
7040;196;186;253;land;false;plains;1
7041;237;214;254;land;false;plains;1
7042;199;94;243;land;false;desert;1
7043;215;61;164;land;false;hills;1
7044;59;249;246;land;false;plains;1
7045;49;24;244;land;true;forest;1
7046;232;247;82;land;false;plains;1
7047;233;105;77;land;false;desert;1
7048;180;254;129;land;false;plains;1
7049;199;251;119;land;false;plains;1
7050;57;97;248;land;false;plains;1
7051;193;134;240;land;false;forest;1
7052;205;255;135;land;false;marsh;1
7053;212;247;163;land;false;hills;1
7054;234;167;250;land;false;plains;1
7055;213;254;231;land;false;plains;1
7056;237;251;128;land;false;forest;1
7057;110;239;252;land;false;plains;1
7058;204;89;59;land;false;marsh;1
7059;106;64;239;land;false;hills;1
7060;254;245;220;land;true;forest;1
7061;208;255;196;land;false;hills;1
7062;226;241;111;land;false;hills;1
7063;230;174;250;land;false;hills;1
7064;226;224;43;land;false;marsh;1
7065;196;254;170;land;false;plains;1
7066;160;254;211;land;false;plains;1
7067;253;175;195;land;false;plains;1
7068;243;171;249;land;false;plains;1
7069;247;237;255;land;false;plains;1
7070;216;217;254;land;true;marsh;1
7071;245;246;116;land;false;plains;1
7072;43;244;144;land;false;hills;1
7073;35;133;231;land;false;hills;1
7074;116;251;254;land;false;hills;1
7075;141;230;83;land;false;plains;1
7076;118;248;137;land;false;hills;1
7077;255;237;232;land;false;hills;1
7078;171;234;250;land;false;plains;1
7079;171;253;250;land;false;plains;1
7080;253;255;239;land;false;urban;1
7081;252;183;236;land;false;plains;1
7082;137;131;251;land;true;forest;1
7083;140;122;234;land;false;mountain;1
7084;237;244;255;land;false;forest;1
7085;174;84;225;land;false;hills;1
7086;92;242;59;land;false;plains;1
7087;255;231;254;land;false;forest;1
7088;91;227;226;land;false;forest;1
7089;254;221;211;land;false;hills;1
7090;82;223;215;land;false;plains;1
7091;78;207;187;land;false;forest;1
7092;39;90;229;land;false;plains;1
7093;224;255;216;land;false;forest;1
7094;54;234;48;land;true;marsh;1
7095;128;241;153;land;false;forest;1
7096;229;173;98;land;false;hills;1
7097;117;57;212;land;false;plains;1
7098;226;230;254;land;false;plains;1
7099;150;251;148;land;false;plains;1
7100;226;250;186;land;false;plains;1
7101;240;224;119;land;false;hills;1
7102;254;148;159;land;true;forest;1
7103;249;234;172;land;false;plains;1
7104;135;220;101;land;false;forest;1
7105;243;187;147;land;false;mountain;1
7106;67;219;99;land;false;plains;1
7107;238;255;225;land;false;hills;1
7108;135;252;115;land;false;plains;1
7109;98;93;243;land;false;forest;1
7110;197;165;253;land;true;forest;1
7111;74;71;252;land;false;forest;1
7112;207;251;188;land;false;forest;1
7113;102;247;197;land;false;plains;1
7114;230;156;248;land;false;plains;1
7115;237;156;130;land;false;forest;1
7116;144;100;252;land;false;forest;1
7117;228;246;113;land;true;plains;1
7118;255;249;248;land;false;forest;1
7119;40;147;236;land;false;plains;1
7120;144;253;225;land;false;plains;1
7121;50;52;252;land;true;forest;1
7122;245;126;241;land;false;forest;1
7123;203;254;204;land;false;plains;1
7124;180;228;250;land;false;plains;1
7125;239;209;255;land;false;forest;1
7126;192;227;253;land;false;forest;1
7127;188;252;244;land;false;plains;1
7128;201;205;252;land;true;forest;1
7129;253;235;210;land;false;plains;1
7130;119;251;163;land;false;plains;1
7131;131;192;254;land;false;forest;1
7132;237;255;239;land;true;plains;1
7133;159;92;245;land;false;forest;1
7134;168;236;78;land;false;plains;1
7135;255;244;200;land;false;hills;1
7136;238;208;253;land;false;plains;1
7137;247;246;126;land;false;plains;1
7138;252;121;166;land;false;forest;1
7139;125;243;34;land;false;plains;1
7140;177;140;254;land;false;plains;1
7141;168;254;105;land;false;forest;1
7142;240;80;223;land;false;plains;1
7143;176;192;254;land;true;forest;1
7144;253;112;188;land;false;forest;1
7145;71;252;56;land;false;urban;1
7146;216;254;213;land;false;plains;1
7147;227;255;236;land;false;plains;1
7148;250;227;75;land;false;plains;1
7149;128;114;235;land;false;plains;1
7150;122;80;229;land;false;forest;1
7151;134;218;61;land;false;forest;1
7152;125;241;55;land;false;plains;1
7153;232;255;250;land;false;forest;1
7154;72;204;135;land;false;plains;1
7155;250;19;57;land;false;forest;1
7156;20;252;17;land;false;forest;1
7157;241;253;165;land;false;forest;1
7158;173;193;250;land;false;forest;1
7159;121;165;233;land;false;forest;1
7160;92;86;228;land;false;hills;1
7161;178;239;249;land;false;forest;1
7162;182;254;200;land;false;forest;1
7163;255;230;239;land;true;marsh;1
7164;210;206;254;land;false;plains;1
7165;241;147;84;land;false;forest;1
7166;238;206;254;land;true;urban;1
7167;254;219;251;land;false;hills;1
7168;254;154;252;land;false;forest;1
7169;243;207;121;land;false;plains;1
7170;254;179;232;land;false;plains;1
7171;224;112;75;land;true;marsh;1
7172;132;239;129;land;false;marsh;1
7173;254;253;216;land;false;forest;1
7174;208;236;81;land;false;forest;1
7175;180;239;136;land;false;plains;1
7176;157;226;66;land;false;forest;1
7177;240;161;136;land;false;forest;1
7178;248;235;255;land;false;hills;1
7179;81;250;84;land;false;hills;1
7180;255;203;213;land;false;urban;1
7181;223;99;247;land;false;forest;1
7182;240;43;65;land;false;plains;1
7183;242;97;231;land;false;forest;1
7184;241;59;204;land;false;plains;1
7185;244;117;224;land;false;plains;1
7186;225;203;254;land;false;forest;1
7187;244;68;86;land;false;forest;1
7188;233;224;255;land;false;forest;1
7189;84;246;124;land;false;forest;1
7190;253;253;198;land;false;plains;1
7191;154;220;246;land;false;plains;1
7192;253;179;127;land;false;hills;1
7193;231;114;145;land;false;plains;1
7194;247;169;179;land;false;mountain;1
7195;254;208;255;land;true;marsh;1
7196;249;139;248;land;false;forest;1
7197;214;228;56;land;false;forest;1
7198;79;212;186;land;false;plains;1
7199;206;154;62;land;false;forest;1
7200;215;254;224;land;false;plains;1
7201;118;223;233;land;false;hills;1
7202;224;74;245;land;false;forest;1
7203;163;254;224;land;false;forest;1
7204;249;255;251;land;false;plains;1
7205;231;118;163;land;false;forest;1
7206;236;253;192;land;false;forest;1
7207;173;104;222;land;true;plains;1
7208;49;221;212;land;false;forest;1
7209;53;240;165;land;false;forest;1
7210;183;72;230;land;true;forest;1
7211;41;237;85;land;false;mountain;1
7212;223;58;135;land;false;mountain;1
7213;203;252;248;land;false;plains;1
7214;155;84;237;land;true;urban;1
7215;250;177;205;land;false;plains;1
7216;35;185;245;land;false;forest;1
7217;103;229;197;land;true;forest;1
7218;229;186;99;land;false;forest;1
7219;200;252;247;land;false;plains;1
7220;45;216;124;land;false;marsh;1
7221;51;150;227;land;false;hills;1
7222;81;178;213;land;false;forest;1
7223;249;187;96;land;false;forest;1
7224;230;104;169;land;false;plains;1
7225;228;255;230;land;false;plains;1
7226;51;252;89;land;false;forest;1
7227;71;235;234;land;false;hills;1
7228;94;223;90;land;false;mountain;1
7229;171;249;146;land;false;marsh;1
7230;160;239;247;land;false;plains;1
7231;79;242;102;land;false;forest;1
7232;196;223;252;land;false;forest;1
7233;146;180;251;land;false;forest;1
7234;254;228;210;land;false;plains;1
7235;252;191;209;land;false;forest;1
7236;173;176;255;land;false;marsh;1
7237;198;253;120;land;false;forest;1
7238;254;217;247;land;true;forest;1
7239;239;252;255;land;false;forest;1
7240;242;234;143;land;true;urban;1
7241;88;115;244;land;false;plains;1
7242;123;179;247;land;false;plains;1
7243;254;215;213;land;false;plains;1
7244;244;221;68;land;false;mountain;1
7245;160;64;253;land;true;forest;1
7246;83;207;59;land;true;marsh;1
7247;181;249;253;land;false;plains;1
7248;248;156;175;land;false;hills;1
7249;255;238;250;land;false;forest;1
7250;226;239;255;land;false;forest;1
7251;222;249;167;land;false;hills;1
7252;108;250;143;land;false;hills;1
7253;227;221;255;land;false;plains;1
7254;251;194;175;land;false;plains;1
7255;86;92;217;land;false;mountain;1
7256;251;154;156;land;false;forest;1
7257;254;218;205;land;true;forest;1
7258;108;255;219;land;false;plains;1
7259;252;199;210;land;false;plains;1
7260;252;248;255;land;false;forest;1
7261;242;143;195;land;false;forest;1
7262;242;157;254;land;false;forest;1
7263;192;195;251;land;false;plains;1
7264;255;242;241;land;false;forest;1
7265;207;132;252;land;false;marsh;1
7266;147;254;176;land;true;forest;1
7267;210;192;81;land;false;forest;1
7268;207;253;222;land;false;forest;1
7269;253;225;175;land;false;hills;1
7270;133;80;243;land;false;forest;1
7271;232;174;120;land;true;forest;1
7272;65;193;192;land;false;forest;1
7273;242;131;110;land;true;plains;1
7274;38;241;93;land;false;marsh;1
7275;230;196;48;land;false;forest;1
7276;41;233;224;land;false;hills;1
7277;175;250;214;land;false;plains;1
7278;134;211;87;land;false;marsh;1
7279;112;191;232;land;false;forest;1
7280;84;242;186;land;false;plains;1
7281;236;132;255;land;true;marsh;1
7282;239;196;105;land;false;plains;1
7283;186;252;254;land;false;plains;1
7284;250;255;239;land;true;forest;1
7285;226;211;255;land;true;forest;1
7286;152;146;243;land;false;hills;1
7287;134;245;87;land;false;hills;1
7288;138;216;239;land;false;forest;1
7289;196;39;250;land;false;hills;1
7290;226;74;248;land;false;plains;1
7291;218;45;51;land;false;plains;1
7292;64;79;226;land;false;plains;1
7293;232;158;55;land;false;forest;1
7294;235;250;146;land;false;forest;1
7295;182;251;191;land;false;hills;1
7296;248;162;100;land;true;forest;1
7297;117;243;189;land;true;marsh;1
7298;113;121;255;land;true;forest;1
7299;59;202;172;land;false;hills;1
7300;246;255;244;land;true;forest;1
7301;97;251;173;land;false;forest;1
7302;213;124;249;land;false;forest;1
7303;226;199;109;land;false;plains;1
7304;89;214;126;land;false;hills;1
7305;207;247;164;land;false;hills;1
7306;87;87;216;land;false;forest;1
7307;186;250;179;land;false;hills;1
7308;221;212;253;land;true;marsh;1
7309;184;238;89;land;false;forest;1
7310;132;232;113;land;true;marsh;1
7311;207;183;255;land;true;forest;1
7312;112;245;31;land;false;forest;1
7313;187;201;252;land;true;forest;1
7314;62;201;181;land;false;hills;1
7315;111;146;254;land;false;forest;1
7316;228;255;237;land;false;forest;1
7317;203;188;252;land;false;plains;1
7318;255;46;119;land;false;plains;1
7319;213;77;190;land;false;plains;1
7320;30;24;247;land;false;forest;1
7321;156;117;251;land;true;forest;1
7322;70;207;67;land;false;plains;1
7323;243;248;175;land;false;hills;1
7324;117;246;238;land;false;hills;1
7325;155;145;240;land;false;forest;1
7326;205;252;228;land;false;forest;1
7327;215;227;254;land;false;hills;1
7328;221;255;247;land;true;forest;1
7329;212;205;85;land;false;forest;1
7330;249;253;168;land;true;forest;1
7331;237;255;251;land;false;forest;1
7332;223;243;43;land;false;forest;1
7333;190;124;233;land;false;forest;1
7334;244;203;87;land;false;forest;1
7335;244;145;98;land;false;hills;1
7336;221;178;97;land;true;forest;1
7337;254;194;243;land;false;marsh;1
7338;248;183;255;land;false;forest;1
7339;253;190;94;land;false;forest;1
7340;252;220;180;land;false;forest;1
7341;255;207;242;land;false;forest;1
7342;255;251;250;land;false;hills;1
7343;67;120;233;land;false;plains;1
7344;198;74;247;land;false;plains;1
7345;150;227;246;land;true;forest;1
7346;253;142;120;land;true;forest;1
7347;249;86;111;land;false;plains;1
7348;81;220;208;land;false;mountain;1
7349;179;253;193;land;true;urban;1
7350;86;212;232;land;false;marsh;1
7351;243;115;236;land;false;forest;1
7352;90;251;219;land;false;hills;1
7353;233;254;171;land;false;plains;1
7354;31;247;252;land;false;forest;1
7355;114;252;174;land;false;plains;1
7356;246;175;254;land;true;forest;1
7357;220;101;125;land;false;forest;1
7358;233;79;201;land;false;hills;1
7359;144;249;205;land;true;forest;1
7360;147;171;254;land;false;plains;1
7361;243;66;159;land;false;mountain;1
7362;193;252;157;land;false;forest;1
7363;139;106;236;land;true;forest;1
7364;232;77;211;land;false;forest;1
7365;156;226;253;land;false;forest;1
7366;235;255;242;land;false;forest;1
7367;230;104;222;land;false;hills;1
7368;100;116;219;land;false;forest;1
7369;247;255;254;land;false;plains;1
7370;82;240;196;land;false;plains;1
7371;250;186;222;land;false;forest;1
7372;250;118;144;land;false;plains;1
7373;172;208;81;land;true;forest;1
7374;216;254;227;land;false;forest;1
7375;212;250;186;land;false;forest;1
7376;12;249;235;land;false;forest;1
7377;251;140;199;land;false;urban;1
7378;251;205;168;land;false;marsh;1
7379;203;75;168;land;false;forest;1
7380;174;206;249;land;false;hills;1
7381;255;245;235;land;false;hills;1
7382;233;119;112;land;false;forest;1
7383;242;166;63;land;false;plains;1
7384;86;244;150;land;false;hills;1
7385;237;112;239;land;false;hills;1
7386;149;207;244;land;false;forest;1
7387;210;139;59;land;false;hills;1
7388;254;201;210;land;false;forest;1
7389;196;30;252;land;false;hills;1
7390;236;255;233;land;true;marsh;1
7391;81;231;63;land;true;forest;1
7392;232;252;175;land;false;forest;1
7393;255;92;241;land;false;hills;1
7394;229;86;217;land;false;forest;1
7395;222;54;236;land;false;hills;1
7396;163;181;251;land;false;forest;1
7397;128;253;191;land;true;marsh;1
7398;215;85;168;land;false;hills;1
7399;218;49;190;land;false;plains;1
7400;238;250;136;land;true;marsh;1
7401;227;55;182;land;false;forest;1
7402;243;255;190;land;false;forest;1
7403;170;237;132;land;false;forest;1
7404;253;244;255;land;false;forest;1
7405;251;186;247;land;true;marsh;1
7406;206;255;153;land;false;forest;1
7407;238;25;81;land;false;plains;1
7408;242;123;176;land;false;forest;1
7409;102;121;234;land;false;forest;1
7410;206;131;235;land;false;hills;1
7411;227;153;246;land;false;hills;1
7412;224;73;157;land;false;plains;1
7413;207;178;70;land;true;forest;1
7414;207;175;253;land;false;hills;1
7415;146;194;251;land;false;forest;1
7416;253;204;197;land;false;forest;1
7417;169;246;118;land;false;plains;1
7418;33;34;243;land;true;forest;1
7419;243;188;131;land;false;plains;1
7420;38;253;93;land;true;forest;1
7421;221;243;126;land;false;forest;1
7422;254;243;255;land;false;plains;1
7423;230;88;222;land;false;hills;1
7424;105;157;224;land;false;forest;1
7425;247;126;222;land;false;forest;1
7426;88;198;255;land;false;forest;1
7427;51;219;165;land;false;forest;1
7428;209;249;178;land;true;marsh;1
7429;158;226;60;land;true;marsh;1
7430;254;232;242;land;true;marsh;1
7431;255;233;212;land;false;forest;1
7432;253;208;176;land;false;forest;1
7433;132;121;236;land;false;hills;1
7434;147;251;220;land;false;plains;1
7435;246;88;46;land;false;forest;1
7436;183;252;106;land;false;plains;1
7437;58;66;216;land;false;plains;1
7438;121;238;112;land;false;plains;1
7439;236;81;254;land;true;marsh;1
7440;145;207;72;land;false;forest;1
7441;254;228;235;land;false;hills;1
7442;196;249;112;land;true;forest;1
7443;240;83;208;land;false;forest;1
7444;178;155;247;land;true;forest;1
7445;240;139;205;land;false;forest;1
7446;185;250;197;land;false;forest;1
7447;122;251;106;land;false;hills;1
7448;219;54;162;land;true;forest;1
7449;253;252;185;land;false;forest;1
7450;246;46;187;land;false;forest;1
7451;134;255;145;land;false;forest;1
7452;241;239;103;land;false;hills;1
7453;99;252;96;land;false;forest;1
7454;244;217;152;land;false;forest;1
7455;230;64;58;land;false;forest;1
7456;64;238;112;land;false;plains;1
7457;239;131;195;land;false;forest;1
7458;60;207;161;land;false;hills;1
7459;231;227;36;land;false;forest;1
7460;236;225;80;land;false;forest;1
7461;187;232;253;land;false;forest;1
7462;243;187;62;land;false;forest;1
7463;236;205;255;land;false;hills;1
7464;225;93;176;land;false;hills;1
7465;239;116;171;land;false;plains;1
7466;207;254;249;land;false;plains;1
7467;69;152;211;land;true;urban;1
7468;95;129;249;land;true;forest;1
7469;151;245;78;land;false;forest;1
7470;239;199;254;land;false;plains;1
7471;200;191;251;land;false;hills;1
7472;74;153;232;land;false;hills;1
7473;255;233;244;land;false;hills;1
7474;213;254;201;land;false;forest;1
7475;250;107;40;land;true;forest;1
7476;228;101;137;land;false;forest;1
7477;255;252;251;land;false;forest;1
7478;241;181;254;land;false;forest;1
7479;153;254;220;land;false;forest;1
7480;181;249;243;land;false;hills;1
7481;249;255;255;land;true;forest;1
7482;169;106;251;land;true;marsh;1
7483;232;62;165;land;false;hills;1
7484;104;245;129;land;false;plains;1
7485;255;230;192;land;false;forest;1
7486;242;109;174;land;true;plains;1
7487;124;241;224;land;false;hills;1
7488;250;8;101;land;true;forest;1
7489;234;143;85;land;false;hills;1
7490;166;102;235;land;true;marsh;1
7491;255;243;231;land;false;forest;1
7492;255;208;178;land;false;hills;1
7493;245;129;176;land;false;hills;1
7494;248;251;193;land;false;plains;1
7495;53;212;253;land;false;forest;1
7496;136;245;91;land;true;forest;1
7497;53;223;34;land;false;plains;1
7498;255;246;236;land;false;forest;1
7499;252;199;241;land;false;plains;1
7500;213;185;250;land;false;forest;1
7501;170;238;134;land;false;plains;1
7502;234;210;254;land;true;forest;1
7503;133;253;59;land;false;hills;1
7504;252;68;93;land;false;forest;1
7505;54;241;226;land;false;hills;1
7506;210;160;249;land;false;forest;1
7507;249;239;255;land;false;forest;1
7508;254;206;229;land;false;plains;1
7509;196;243;116;land;false;plains;1
7510;198;162;68;land;false;plains;1
7511;245;163;175;land;false;forest;1
7512;99;114;247;land;false;forest;1
7513;242;129;214;land;true;forest;1
7514;253;127;69;land;false;plains;1
7515;254;236;198;land;false;hills;1
7516;219;85;92;land;false;forest;1
7517;193;253;209;land;false;plains;1
7518;155;254;26;land;false;hills;1
7519;179;243;151;land;false;plains;1
7520;46;201;239;land;false;hills;1
7521;186;251;129;land;true;forest;1
7522;173;254;199;land;false;plains;1
7523;206;139;61;land;false;plains;1
7524;230;53;166;land;false;urban;1
7525;156;241;247;land;false;hills;1
7526;204;105;231;land;false;plains;1
7527;250;239;255;land;false;forest;1
7528;142;211;77;land;false;hills;1
7529;176;248;133;land;false;forest;1
7530;164;222;101;land;true;marsh;1
7531;114;185;242;land;false;forest;1
7532;251;242;178;land;false;plains;1
7533;244;150;172;land;true;forest;1
7534;253;216;202;land;false;hills;1
7535;234;160;92;land;false;hills;1
7536;237;52;95;land;false;hills;1
7537;254;255;248;land;false;hills;1
7538;228;243;115;land;false;hills;1
7539;235;236;255;land;false;marsh;1
7540;216;254;219;land;false;plains;1
7541;234;43;72;land;true;plains;1
7542;240;99;87;land;false;hills;1
7543;245;131;141;land;false;plains;1
7544;254;176;209;land;false;plains;1
7545;242;99;103;land;false;hills;1
7546;218;99;76;land;false;plains;1
7547;253;219;200;land;false;plains;1
7548;239;145;250;land;false;forest;1
7549;205;123;239;land;false;forest;1
7550;176;225;254;land;false;plains;1
7551;242;149;113;land;false;plains;1
7552;57;200;74;land;false;hills;1
7553;125;236;151;land;true;marsh;1
7554;226;187;251;land;false;forest;1
7555;249;189;253;land;true;forest;1
7556;162;247;248;land;false;forest;1
7557;243;201;154;land;false;plains;1
7558;220;140;242;land;false;forest;1
7559;230;251;255;land;false;forest;1
7560;54;199;215;land;true;urban;1
7561;224;255;211;land;false;forest;1
7562;235;136;92;land;false;plains;1
7563;202;221;102;land;false;hills;1
7564;181;116;243;land;false;hills;1
7565;192;217;251;land;false;plains;1
7566;127;171;244;land;false;hills;1
7567;103;226;151;land;false;hills;1
7568;215;176;249;land;false;forest;1
7569;244;164;104;land;false;marsh;1
7570;222;98;85;land;false;plains;1
7571;146;149;244;land;false;plains;1
7572;137;133;253;land;false;marsh;1
7573;236;255;250;land;false;hills;1
7574;248;253;197;land;false;forest;1
7575;255;221;234;land;false;hills;1
7576;209;64;180;land;false;plains;1
7577;207;127;247;land;false;hills;1
7578;139;248;53;land;false;hills;1
7579;26;234;147;land;false;plains;1
7580;253;192;140;land;true;forest;1
7581;138;238;135;land;false;forest;1
7582;84;33;230;land;true;urban;1
7583;220;239;93;land;false;urban;1
7584;248;207;253;land;false;hills;1
7585;198;129;249;land;false;hills;1
7586;148;242;175;land;false;plains;1
7587;130;251;204;land;false;hills;1
7588;174;253;169;land;false;forest;1
7589;157;249;115;land;false;hills;1
7590;243;131;249;land;false;forest;1
7591;242;223;86;land;false;plains;1
7592;233;247;255;land;true;forest;1
7593;254;247;214;land;false;forest;1
7594;254;174;172;land;false;marsh;1
7595;239;250;91;land;false;plains;1
7596;250;214;254;land;false;forest;1
7597;202;254;221;land;true;forest;1
7598;154;153;249;land;false;hills;1
7599;255;225;214;land;false;hills;1
7600;235;255;239;land;true;forest;1
7601;255;247;246;land;true;marsh;1
7602;250;186;200;land;true;marsh;1
7603;238;228;254;land;false;hills;1
7604;167;238;38;land;false;hills;1
7605;232;241;116;land;false;hills;1
7606;91;238;149;land;false;plains;1
7607;94;73;211;land;false;forest;1
7608;204;228;67;land;false;plains;1
7609;132;248;198;land;false;forest;1
7610;171;243;130;land;false;plains;1
7611;248;31;128;land;true;forest;1
7612;70;237;142;land;false;hills;1
7613;85;210;155;land;false;plains;1
7614;150;55;210;land;false;forest;1
7615;189;250;233;land;false;plains;1
7616;227;220;254;land;true;forest;1
7617;186;213;253;land;false;hills;1
7618;45;229;66;land;false;forest;1
7619;252;191;121;land;false;hills;1
7620;68;77;237;land;true;marsh;1
7621;247;253;255;land;false;plains;1
7622;227;245;161;land;false;hills;1
7623;252;195;209;land;false;hills;1
7624;37;178;250;land;true;plains;1
7625;218;250;173;land;false;hills;1
7626;254;234;181;land;false;hills;1
7627;240;255;242;land;true;forest;1
7628;136;48;251;land;false;urban;1
7629;53;235;87;land;false;hills;1
7630;45;183;234;land;false;forest;1
7631;183;160;247;land;false;plains;1
7632;183;250;231;land;false;forest;1
7633;177;250;200;land;false;marsh;1
7634;249;73;178;land;false;hills;1
7635;198;237;252;land;false;plains;1
7636;149;242;154;land;false;hills;1
7637;253;128;131;land;false;plains;1
7638;243;114;179;land;false;plains;1
7639;250;209;253;land;false;marsh;1
7640;234;253;194;land;false;forest;1
7641;82;148;210;land;false;forest;1
7642;147;63;196;land;false;hills;1
7643;254;202;194;land;true;marsh;1
7644;255;192;215;land;false;hills;1
7645;29;252;132;land;false;marsh;1
7646;72;92;236;land;false;forest;1
7647;254;156;136;land;true;forest;1
7648;212;247;254;land;false;plains;1
7649;254;176;245;land;false;hills;1
7650;250;162;168;land;false;hills;1
7651;161;249;142;land;false;forest;1
7652;8;212;248;land;false;forest;1
7653;232;203;253;land;true;marsh;1
7654;227;254;249;land;false;forest;1
7655;252;196;189;land;false;plains;1
7656;234;64;129;land;false;plains;1
7657;165;217;247;land;false;forest;1
7658;236;132;166;land;false;forest;1
7659;163;249;243;land;false;hills;1
7660;85;233;150;land;false;forest;1
7661;216;84;106;land;false;plains;1
7662;243;255;225;land;false;forest;1
7663;146;185;241;land;true;marsh;1
7664;56;244;50;land;false;forest;1
7665;232;29;245;land;false;plains;1
7666;127;255;250;land;false;hills;1
7667;247;235;159;land;false;hills;1
7668;109;229;56;land;false;plains;1
7669;235;244;119;land;false;forest;1
7670;176;252;231;land;false;forest;1
7671;189;251;133;land;false;hills;1
7672;165;235;71;land;false;hills;1
7673;249;199;91;land;true;forest;1
7674;177;176;252;land;false;hills;1
7675;228;207;102;land;false;hills;1
7676;28;137;234;land;false;plains;1
7677;249;255;206;land;false;plains;1
7678;171;235;247;land;true;forest;1
7679;31;235;210;land;false;plains;1
7680;54;250;181;land;false;hills;1
7681;254;193;227;land;false;plains;1
7682;214;176;73;land;false;plains;1
7683;243;199;149;land;true;forest;1
7684;224;163;106;land;false;forest;1
7685;203;232;254;land;false;forest;1
7686;250;254;196;land;false;hills;1
7687;214;200;80;land;false;plains;1
7688;213;63;93;land;true;marsh;1
7689;238;35;85;land;false;forest;1
7690;162;87;241;land;false;plains;1
7691;156;245;140;land;false;hills;1
7692;236;111;231;land;false;forest;1
7693;55;204;71;land;true;forest;1
7694;226;216;254;land;false;forest;1
7695;240;203;101;land;false;hills;1
7696;255;222;235;land;false;plains;1
7697;199;66;60;land;false;plains;1
7698;189;165;251;land;false;marsh;1
7699;147;158;245;land;false;forest;1
7700;210;36;228;land;false;hills;1
7701;118;243;58;land;false;hills;1
7702;255;240;250;land;true;marsh;1
7703;140;52;210;land;false;plains;1
7704;231;114;101;land;false;plains;1
7705;144;251;150;land;false;plains;1
7706;240;37;132;land;false;hills;1
7707;243;35;136;land;false;hills;1
7708;232;247;164;land;false;hills;1
7709;252;185;246;land;false;forest;1
7710;60;210;180;land;true;forest;1
7711;215;246;165;land;false;forest;1
7712;236;168;109;land;false;plains;1
7713;255;70;103;land;false;hills;1
7714;243;22;122;land;false;plains;1
7715;249;156;244;land;true;forest;1
7716;204;65;87;land;false;plains;1
7717;102;235;228;land;true;forest;1
7718;199;217;79;land;false;marsh;1
7719;237;255;228;land;false;forest;1
7720;241;255;236;land;false;hills;1
7721;252;160;238;land;false;plains;1
7722;131;132;253;land;false;forest;1
7723;85;138;229;land;false;forest;1
7724;201;119;255;land;false;plains;1
7725;200;197;252;land;false;plains;1
7726;239;248;47;land;false;forest;1
7727;241;255;255;land;false;forest;1
7728;197;221;80;land;false;forest;1
7729;153;246;232;land;false;hills;1
7730;227;111;210;land;false;hills;1
7731;164;129;235;land;true;urban;1
7732;63;187;192;land;true;marsh;1
7733;132;238;147;land;false;hills;1
7734;227;89;150;land;false;forest;1
7735;67;233;28;land;false;forest;1
7736;240;247;255;land;false;hills;1
7737;189;100;238;land;false;hills;1
7738;91;234;70;land;false;forest;1
7739;224;105;133;land;true;marsh;1
7740;181;146;253;land;true;forest;1
7741;192;253;180;land;false;plains;1
7742;181;89;249;land;false;forest;1
7743;225;251;192;land;true;marsh;1
7744;210;254;204;land;true;forest;1
7745;66;223;73;land;false;plains;1
7746;232;50;153;land;false;forest;1
7747;253;253;197;land;true;forest;1
7748;225;255;240;land;false;forest;1
7749;189;140;246;land;false;plains;1
7750;255;89;162;land;false;plains;1
7751;181;179;253;land;false;plains;1
7752;146;177;247;land;false;marsh;1
7753;251;188;178;land;false;forest;1
7754;226;108;152;land;false;hills;1
7755;215;78;43;land;false;forest;1
7756;233;184;253;land;false;hills;1
7757;254;190;150;land;false;hills;1
7758;254;188;190;land;false;forest;1
7759;236;50;155;land;false;forest;1
7760;123;242;145;land;false;hills;1
7761;244;78;180;land;false;hills;1
7762;125;245;233;land;false;hills;1
7763;40;42;231;land;true;marsh;1
7764;101;70;237;land;false;plains;1
7765;219;254;252;land;true;marsh;1
7766;254;166;226;land;false;forest;1
7767;138;237;254;land;false;plains;1
7768;109;230;196;land;false;forest;1
7769;141;220;254;land;true;forest;1
7770;255;235;233;land;false;forest;1
7771;248;169;220;land;false;hills;1
7772;252;204;255;land;false;hills;1
7773;254;141;244;land;false;hills;1
7774;234;237;122;land;false;forest;1
7775;253;255;235;land;false;forest;1
7776;243;253;202;land;false;plains;1
7777;103;246;255;land;true;marsh;1
7778;184;103;236;land;false;plains;1
7779;247;95;195;land;false;hills;1
7780;254;239;228;land;false;hills;1
7781;170;253;232;land;false;hills;1
7782;237;67;90;land;false;plains;1
7783;102;70;235;land;false;forest;1
7784;211;255;195;land;false;forest;1
7785;255;67;209;land;false;plains;1
7786;217;100;76;land;false;forest;1
7787;114;123;229;land;false;plains;1
7788;149;244;90;land;false;plains;1
7789;248;255;251;land;false;forest;1
7790;243;255;181;land;false;forest;1
7791;189;198;254;land;false;forest;1
7792;254;227;171;land;false;hills;1
7793;96;197;249;land;false;plains;1
7794;162;246;179;land;true;marsh;1
7795;254;189;229;land;false;hills;1
7796;255;240;222;land;false;hills;1
7797;208;252;200;land;false;forest;1
7798;234;86;150;land;false;plains;1
7799;189;232;114;land;false;forest;1
7800;47;29;236;land;false;plains;1
7801;223;253;174;land;false;hills;1
7802;244;173;73;land;false;forest;1
7803;240;136;246;land;false;hills;1
7804;228;166;253;land;true;marsh;1
7805;244;110;135;land;false;plains;1
7806;130;242;202;land;false;plains;1
7807;229;211;254;land;false;forest;1
7808;239;215;254;land;false;forest;1
7809;110;255;198;land;false;forest;1
7810;253;221;74;land;false;forest;1
7811;250;181;204;land;false;forest;1
7812;135;80;236;land;false;hills;1
7813;248;20;164;land;false;hills;1
7814;250;206;177;land;false;forest;1
7815;116;228;136;land;false;forest;1
7816;150;249;183;land;false;forest;1
7817;238;255;251;land;false;forest;1
7818;165;230;253;land;false;forest;1
7819;244;105;80;land;false;plains;1
7820;173;249;179;land;false;forest;1
7821;219;79;137;land;false;hills;1
7822;255;253;252;land;false;hills;1
7823;255;250;247;land;false;plains;1
7824;102;241;156;land;false;forest;1
7825;89;212;213;land;true;urban;1
7826;113;235;60;land;false;forest;1
7827;218;254;214;land;false;hills;1
7828;237;64;241;land;false;hills;1
7829;243;80;216;land;false;plains;1
7830;166;206;253;land;false;forest;1
7831;245;254;229;land;false;forest;1
7832;154;250;89;land;false;forest;1
7833;178;254;179;land;false;plains;1
7834;251;246;255;land;true;marsh;1
7835;192;212;52;land;true;forest;1
7836;237;63;91;land;true;forest;1
7837;198;252;172;land;false;hills;1
7838;121;237;126;land;false;plains;1
7839;255;241;255;land;false;hills;1
7840;215;177;249;land;false;hills;1
7841;154;244;144;land;false;forest;1
7842;221;181;252;land;false;plains;1
7843;251;23;201;land;false;hills;1
7844;58;232;240;land;false;hills;1
7845;65;119;197;land;false;forest;1
7846;186;228;103;land;false;hills;1
7847;208;72;243;land;false;forest;1
7848;194;225;253;land;true;forest;1
7849;95;92;241;land;true;forest;1
7850;251;224;133;land;false;forest;1
7851;109;172;247;land;false;hills;1
7852;255;130;248;land;false;hills;1
7853;207;246;156;land;false;hills;1
7854;218;178;248;land;false;plains;1
7855;252;216;183;land;false;forest;1
7856;161;246;176;land;false;forest;1
7857;214;254;236;land;false;forest;1
7858;69;111;205;land;true;urban;1
7859;165;157;252;land;false;forest;1
7860;163;183;253;land;false;forest;1
7861;234;255;235;land;false;forest;1
7862;247;164;235;land;false;forest;1
7863;238;135;223;land;false;hills;1
7864;219;175;252;land;false;hills;1
7865;207;77;196;land;false;hills;1
7866;253;187;199;land;false;hills;1
7867;253;255;219;land;false;plains;1
7868;211;254;234;land;false;plains;1
7869;227;81;212;land;false;forest;1
7870;90;175;249;land;false;forest;1
7871;247;111;226;land;false;forest;1
7872;208;72;208;land;false;hills;1
7873;237;45;35;land;false;hills;1
7874;255;157;253;land;false;forest;1
7875;255;195;215;land;false;forest;1
7876;198;177;252;land;false;plains;1
7877;254;145;174;land;false;hills;1
7878;167;212;49;land;false;hills;1
7879;156;230;108;land;false;plains;1
7880;120;241;220;land;false;forest;1
7881;158;244;237;land;false;forest;1
7882;186;125;249;land;false;forest;1
7883;200;252;212;land;false;forest;1
7884;189;250;151;land;true;forest;1
7885;215;255;250;land;true;forest;1
7886;236;76;221;land;false;forest;1
7887;255;12;44;land;false;forest;1
7888;248;164;142;land;false;plains;1
7889;233;114;93;land;false;marsh;1
7890;238;226;36;land;false;forest;1
7891;170;199;249;land;false;plains;1
7892;255;255;246;land;false;plains;1
7893;236;238;255;land;false;forest;1
7894;247;255;239;land;false;hills;1
7895;253;207;137;land;false;forest;1
7896;252;185;191;land;true;forest;1
7897;138;246;97;land;false;forest;1
7898;245;123;243;land;true;forest;1
7899;185;254;237;land;false;forest;1
7900;131;246;93;land;false;hills;1
7901;253;75;218;land;false;forest;1
7902;254;129;190;land;true;marsh;1
7903;104;223;229;land;false;plains;1
7904;140;128;245;land;false;hills;1
7905;95;248;100;land;false;plains;1
7906;227;226;254;land;false;plains;1
7907;238;139;195;land;false;forest;1
7908;152;241;99;land;false;forest;1
7909;254;212;254;land;false;forest;1
7910;216;89;150;land;false;plains;1
7911;244;236;68;land;false;marsh;1
7912;170;238;126;land;false;forest;1
7913;248;210;254;land;false;forest;1
7914;253;243;176;land;false;hills;1
7915;254;116;80;land;false;plains;1
7916;244;186;144;land;false;forest;1
7917;254;121;44;land;false;forest;1
7918;19;26;250;land;false;forest;1
7919;248;133;104;land;false;forest;1
7920;185;251;220;land;false;forest;1
7921;237;83;125;land;false;forest;1
7922;209;254;234;land;false;plains;1
7923;119;99;250;land;false;hills;1
7924;141;76;207;land;false;plains;1
7925;249;167;114;land;true;forest;1
7926;244;223;255;land;false;plains;1
7927;225;97;128;land;false;forest;1
7928;255;245;249;land;false;forest;1
7929;207;247;151;land;false;forest;1
7930;226;254;222;land;false;hills;1
7931;245;255;254;land;false;forest;1
7932;236;227;83;land;false;forest;1
7933;251;230;188;land;false;forest;1
7934;253;228;132;land;false;hills;1
7935;253;164;226;land;false;hills;1
7936;192;194;254;land;false;hills;1
7937;249;165;185;land;false;forest;1
7938;242;136;248;land;false;forest;1
7939;240;87;185;land;false;forest;1
7940;72;46;254;land;false;hills;1
7941;164;246;225;land;true;forest;1
7942;224;101;52;land;false;forest;1
7943;78;24;241;land;false;forest;1
7944;177;249;223;land;false;marsh;1
7945;240;113;103;land;false;forest;1
7946;165;192;248;land;false;forest;1
7947;224;107;170;land;false;forest;1
7948;240;151;112;land;false;forest;1
7949;233;121;85;land;false;forest;1
7950;209;176;82;land;false;hills;1
7951;160;246;194;land;false;forest;1
7952;47;136;238;land;false;hills;1
7953;254;206;196;land;false;plains;1
7954;187;252;199;land;false;hills;1
7955;35;230;126;land;false;plains;1
7956;209;132;48;land;true;forest;1
7957;254;230;209;land;true;forest;1
7958;112;123;235;land;false;forest;1
7959;226;53;158;land;false;forest;1
7960;184;142;246;land;false;forest;1
7961;193;148;250;land;false;hills;1
7962;109;106;240;land;false;plains;1
7963;236;74;37;land;true;forest;1
7964;88;220;39;land;false;forest;1
7965;53;152;251;land;false;hills;1
7966;165;123;244;land;false;plains;1
7967;216;216;255;land;false;hills;1
7968;254;28;127;land;false;plains;1
7969;123;227;248;land;true;forest;1
7970;231;140;116;land;false;forest;1
7971;251;183;236;land;false;forest;1
7972;211;254;255;land;false;forest;1
7973;252;237;194;land;false;forest;1
7974;98;239;154;land;false;plains;1
7975;146;245;163;land;false;forest;1
7976;243;87;173;land;false;hills;1
7977;255;255;253;land;true;forest;1
7978;58;235;209;land;false;hills;1
7979;253;211;229;land;false;forest;1
7980;239;98;229;land;true;marsh;1
7981;254;225;249;land;false;forest;1
7982;245;197;118;land;false;forest;1
7983;222;78;241;land;false;forest;1
7984;176;195;251;land;false;forest;1
7985;255;232;213;land;false;hills;1
7986;254;217;245;land;false;hills;1
7987;174;245;82;land;true;forest;1
7988;234;131;245;land;false;forest;1
7989;232;96;76;land;true;forest;1
7990;254;232;199;land;false;forest;1
7991;48;227;67;land;false;forest;1
7992;255;99;213;land;false;urban;1
7993;206;253;241;land;false;forest;1
7994;147;247;198;land;false;hills;1
7995;253;183;155;land;false;forest;1
7996;254;250;255;land;false;forest;1
7997;181;241;122;land;true;forest;1
7998;240;93;96;land;false;plains;1
7999;195;105;238;land;false;hills;1
8000;63;38;245;land;false;hills;1
8001;234;48;196;land;false;forest;1
8002;254;255;243;land;false;marsh;1
8003;202;54;59;land;true;marsh;1
8004;79;214;102;land;false;forest;1
8005;255;247;252;land;false;plains;1
8006;255;251;244;land;false;plains;1
8007;251;255;241;land;false;marsh;1
8008;163;145;255;land;false;plains;1
8009;67;212;203;land;false;forest;1
8010;24;246;134;land;false;forest;1
8011;82;221;157;land;false;hills;1
8012;248;136;240;land;false;forest;1
8013;76;222;229;land;false;forest;1
8014;48;249;247;land;false;forest;1
8015;254;223;99;land;false;plains;1
8016;54;84;242;land;true;urban;1
8017;239;126;203;land;false;forest;1
8018;180;248;166;land;false;forest;1
8019;239;237;255;land;false;hills;1
8020;144;245;114;land;false;plains;1
8021;162;175;250;land;false;forest;1
8022;253;255;234;land;false;forest;1
8023;251;181;241;land;false;hills;1
8024;238;183;114;land;false;plains;1
8025;249;159;167;land;false;forest;1
8026;226;107;173;land;false;forest;1
8027;255;248;251;land;true;plains;1
8028;197;70;231;land;true;forest;1
8029;248;254;227;land;false;plains;1
8030;124;239;149;land;true;urban;1
8031;223;254;237;land;false;forest;1
8032;209;237;254;land;true;forest;1
8033;126;177;245;land;false;forest;1
8034;98;225;239;land;false;forest;1
8035;196;56;229;land;false;forest;1
8036;252;185;211;land;false;forest;1
8037;255;254;251;land;false;forest;1
8038;131;95;236;land;false;forest;1
8039;240;142;36;land;false;forest;1
8040;99;236;111;land;false;forest;1
8041;233;253;206;land;true;forest;1
8042;154;243;228;land;false;forest;1
8043;60;110;244;land;false;hills;1
8044;126;238;70;land;false;plains;1
8045;169;252;212;land;true;plains;1
8046;253;162;167;land;false;forest;1
8047;255;227;187;land;false;plains;1
8048;156;246;210;land;false;marsh;1
8049;221;254;237;land;false;forest;1
8050;118;103;232;land;false;forest;1
8051;204;65;229;land;false;forest;1
8052;238;226;254;land;false;forest;1
8053;236;248;162;land;false;forest;1
8054;239;129;212;land;false;forest;1
8055;245;227;152;land;false;hills;1
8056;134;254;146;land;true;marsh;1
8057;23;205;239;land;true;marsh;1
8058;39;109;253;land;false;forest;1
8059;232;255;254;land;false;hills;1
8060;254;105;171;land;false;forest;1
8061;240;189;254;land;false;forest;1
8062;146;193;250;land;false;forest;1
8063;134;143;237;land;false;forest;1
8064;253;192;129;land;false;forest;1
8065;248;255;229;land;false;hills;1
8066;96;229;250;land;false;forest;1
8067;214;102;90;land;false;forest;1
8068;123;155;234;land;false;forest;1
8069;148;110;252;land;false;forest;1
8070;246;93;151;land;true;plains;1
8071;254;238;153;land;false;forest;1
8072;182;30;228;land;false;hills;1
8073;220;240;61;land;true;urban;1
8074;223;72;243;land;false;marsh;1
8075;232;70;160;land;false;marsh;1
8076;92;45;228;land;false;plains;1
8077;254;216;217;land;false;forest;1
8078;201;116;243;land;false;forest;1
8079;249;159;192;land;false;forest;1
8080;252;255;226;land;false;forest;1
8081;75;95;240;land;false;forest;1
8082;137;110;255;land;false;forest;1
8083;239;235;255;land;false;forest;1
8084;255;251;243;land;false;forest;1
8085;224;185;84;land;false;forest;1
8086;150;253;228;land;false;forest;1
8087;98;67;204;land;false;forest;1
8088;255;254;192;land;false;forest;1
8089;184;98;237;land;false;forest;1
8090;141;247;159;land;false;plains;1
8091;117;144;230;land;false;forest;1
8092;28;238;173;land;true;forest;1
8093;247;35;76;land;false;hills;1
8094;93;212;64;land;false;forest;1
8095;17;247;121;land;false;forest;1
8096;254;210;234;land;true;marsh;1
8097;255;248;253;land;false;forest;1
8098;63;227;165;land;false;forest;1
8099;238;87;159;land;false;forest;1
8100;133;238;229;land;false;forest;1
8101;130;160;235;land;false;forest;1
8102;224;213;254;land;false;marsh;1
8103;226;104;45;land;false;forest;1
8104;153;245;150;land;false;forest;1
8105;247;255;245;land;false;forest;1
8106;255;255;239;land;false;forest;1
8107;205;166;250;land;false;urban;1
8108;253;58;99;land;false;plains;1
8109;144;106;233;land;false;forest;1
8110;167;251;222;land;false;forest;1
8111;215;211;254;land;false;plains;1
8112;250;169;246;land;false;forest;1
8113;184;253;234;land;false;forest;1
8114;192;233;112;land;false;plains;1
8115;177;252;170;land;false;forest;1
8116;251;71;70;land;false;plains;1
8117;253;209;205;land;false;forest;1
8118;205;67;165;land;false;forest;1
8119;251;202;154;land;true;plains;1
8120;246;194;84;land;false;forest;1
8121;250;101;109;land;false;forest;1
8122;252;113;233;land;false;hills;1
8123;185;250;239;land;false;marsh;1
8124;253;208;207;land;false;marsh;1
8125;253;35;134;land;false;forest;1
8126;148;78;216;land;false;marsh;1
8127;223;36;110;land;false;hills;1
8128;249;171;121;land;false;marsh;1
8129;255;251;242;land;false;plains;1
8130;254;244;157;land;false;forest;1
8131;183;128;242;land;false;forest;1
8132;128;232;65;land;false;hills;1
8133;74;188;207;land;false;forest;1
8134;222;244;34;land;false;plains;1
8135;237;255;235;land;false;forest;1
8136;222;254;239;land;false;forest;1
8137;182;210;254;land;false;hills;1
8138;144;253;102;land;false;forest;1
8139;128;209;68;land;false;forest;1
8140;205;217;254;land;false;forest;1
8141;244;255;249;land;false;hills;1
8142;253;146;22;land;true;forest;1
8143;241;67;189;land;false;forest;1
8144;59;233;85;land;false;forest;1
8145;251;179;123;land;false;marsh;1
8146;232;213;253;land;false;forest;1
8147;255;216;214;land;false;forest;1
8148;255;252;252;land;false;forest;1
8149;109;154;238;land;false;forest;1
8150;161;248;176;land;false;forest;1
8151;204;252;196;land;false;forest;1
8152;150;249;202;land;true;urban;1
8153;156;77;219;land;false;hills;1
8154;254;144;149;land;false;plains;1
8155;90;223;57;land;true;marsh;1
8156;230;254;210;land;false;marsh;1
8157;69;228;149;land;false;marsh;1
8158;229;193;96;land;false;forest;1
8159;149;140;239;land;false;forest;1
8160;25;254;253;land;true;urban;1
8161;251;247;255;land;false;forest;1
8162;182;244;250;land;false;forest;1
8163;179;239;251;land;false;plains;1
8164;137;29;250;land;false;plains;1
8165;253;195;193;land;false;forest;1
8166;96;58;233;land;false;forest;1
8167;214;85;251;land;false;forest;1
8168;237;255;252;land;false;forest;1
8169;235;254;210;land;false;forest;1
8170;174;244;151;land;false;plains;1
8171;78;214;125;land;false;forest;1
8172;85;127;240;land;false;hills;1
8173;253;138;65;land;false;forest;1
8174;239;144;117;land;false;forest;1
8175;33;35;236;land;false;hills;1
8176;237;78;101;land;false;plains;1
8177;181;250;218;land;false;forest;1
8178;133;199;251;land;false;forest;1
8179;65;123;226;land;false;forest;1
8180;152;243;247;land;false;forest;1
8181;231;252;176;land;false;hills;1
8182;56;227;211;land;false;forest;1
8183;254;164;106;land;false;hills;1
8184;254;188;241;land;false;hills;1
8185;241;216;145;land;false;plains;1
8186;190;253;196;land;false;forest;1
8187;254;245;149;land;false;forest;1
8188;57;39;248;land;false;forest;1
8189;147;243;162;land;false;forest;1
8190;254;127;131;land;true;urban;1
8191;250;98;37;land;false;forest;1
8192;247;138;196;land;false;forest;1
8193;255;243;225;land;false;forest;1
8194;234;255;226;land;false;forest;1
8195;188;252;211;land;true;forest;1
8196;159;248;247;land;false;marsh;1
8197;227;178;90;land;false;marsh;1
8198;134;241;155;land;false;forest;1
8199;70;203;86;land;false;forest;1
8200;233;209;63;land;false;forest;1
8201;109;170;254;land;false;forest;1
8202;222;211;253;land;false;hills;1
8203;252;242;179;land;false;forest;1
8204;255;239;242;land;false;forest;1
8205;160;197;246;land;false;forest;1
8206;224;165;247;land;false;forest;1
8207;254;198;183;land;false;plains;1
8208;37;250;67;land;false;forest;1
8209;39;232;248;land;false;forest;1
8210;204;85;216;land;false;forest;1
8211;253;207;204;land;false;forest;1
8212;245;124;215;land;false;forest;1
8213;254;181;147;land;false;forest;1
8214;63;157;224;land;false;forest;1
8215;185;252;225;land;false;forest;1
8216;224;171;253;land;false;forest;1
8217;245;148;138;land;false;forest;1
8218;238;254;149;land;false;forest;1
8219;255;223;235;land;false;forest;1
8220;245;87;135;land;false;marsh;1
8221;232;74;29;land;false;forest;1
8222;253;56;241;land;false;forest;1
8223;248;248;179;land;false;forest;1
8224;224;151;88;land;false;forest;1
8225;79;228;108;land;false;hills;1
8226;255;252;244;land;false;forest;1
8227;67;238;102;land;false;forest;1
8228;255;227;229;land;false;forest;1
8229;252;180;166;land;false;forest;1
8230;220;241;254;land;false;plains;1
8231;153;208;251;land;true;marsh;1
8232;242;147;196;land;false;forest;1
8233;113;117;251;land;false;forest;1
8234;252;16;204;land;false;hills;1
8235;219;238;45;land;false;forest;1
8236;254;205;247;land;false;plains;1
8237;90;30;228;land;false;forest;1
8238;239;128;194;land;false;forest;1
8239;141;251;192;land;false;forest;1
8240;214;253;208;land;false;forest;1
8241;125;96;241;land;false;forest;1
8242;218;254;213;land;true;urban;1
8243;77;106;238;land;false;forest;1
8244;252;201;241;land;false;forest;1
8245;253;240;255;land;true;plains;1
8246;252;255;251;land;false;hills;1
8247;231;47;212;land;false;forest;1
8248;201;253;241;land;false;forest;1
8249;243;136;215;land;true;plains;1
8250;215;254;208;land;true;forest;1
8251;233;117;187;land;false;plains;1
8252;231;254;225;land;false;forest;1
8253;254;238;183;land;false;hills;1
8254;247;61;25;land;false;forest;1
8255;156;175;253;land;false;forest;1
8256;164;254;214;land;false;forest;1
8257;251;222;155;land;false;plains;1
8258;247;202;130;land;false;forest;1
8259;146;239;136;land;true;marsh;1
8260;255;234;253;land;false;forest;1
8261;173;192;249;land;false;plains;1
8262;238;42;52;land;false;urban;1
8263;237;255;217;land;false;forest;1
8264;176;253;199;land;false;forest;1
8265;235;122;254;land;false;forest;1
8266;253;121;176;land;false;marsh;1
8267;161;252;240;land;false;hills;1
8268;85;70;252;land;false;forest;1
8269;255;230;213;land;false;forest;1
8270;241;226;135;land;false;forest;1
8271;61;74;249;land;false;forest;1
8272;236;81;243;land;false;forest;1
8273;232;205;252;land;false;hills;1
8274;80;213;103;land;false;hills;1
8275;238;177;116;land;false;forest;1
8276;178;113;254;land;true;forest;1
8277;250;185;229;land;false;forest;1
8278;239;83;107;land;false;urban;1
8279;207;253;250;land;false;hills;1
8280;253;86;65;land;false;forest;1
8281;237;255;242;land;true;marsh;1
8282;213;254;139;land;false;forest;1
8283;124;244;185;land;false;marsh;1
8284;233;234;255;land;false;marsh;1
8285;254;253;231;land;false;forest;1
8286;225;114;254;land;false;forest;1
8287;254;226;210;land;false;forest;1
8288;149;17;248;land;false;hills;1
8289;123;48;226;land;false;urban;1
8290;106;213;77;land;false;forest;1
8291;181;254;183;land;false;forest;1
8292;242;43;201;land;false;plains;1
8293;115;245;89;land;false;forest;1
8294;206;254;220;land;false;plains;1
8295;94;254;11;land;false;forest;1
8296;235;205;255;land;false;forest;1
8297;147;246;240;land;false;hills;1
8298;224;146;245;land;false;forest;1
8299;255;243;253;land;false;forest;1
8300;253;147;146;land;true;forest;1
8301;253;204;249;land;false;forest;1
8302;82;66;248;land;false;hills;1
8303;101;226;96;land;false;hills;1
8304;113;250;187;land;false;forest;1
8305;70;230;178;land;false;forest;1
8306;246;72;76;land;false;forest;1
8307;229;182;99;land;false;forest;1
8308;253;216;61;land;false;plains;1
8309;188;200;251;land;true;marsh;1
8310;102;238;241;land;false;forest;1
8311;212;63;78;land;false;plains;1
8312;108;47;210;land;false;forest;1
8313;64;224;240;land;true;forest;1
8314;251;142;196;land;false;forest;1
8315;123;237;228;land;false;plains;1
8316;46;231;169;land;false;plains;1
8317;111;136;239;land;false;forest;1
8318;201;252;198;land;false;forest;1
8319;232;150;84;land;false;urban;1
8320;161;249;255;land;false;plains;1
8321;228;173;251;land;false;forest;1
8322;160;95;235;land;false;forest;1
8323;99;253;218;land;false;forest;1
8324;254;196;251;land;false;forest;1
8325;155;205;57;land;false;forest;1
8326;246;131;125;land;false;forest;1
8327;248;130;161;land;false;forest;1
8328;250;249;166;land;false;forest;1
8329;108;77;224;land;false;forest;1
8330;158;251;61;land;false;forest;1
8331;251;194;209;land;false;hills;1
8332;51;218;134;land;false;forest;1
8333;255;231;241;land;false;forest;1
8334;252;221;159;land;false;forest;1
8335;166;253;177;land;false;forest;1
8336;250;196;123;land;false;forest;1
8337;96;245;226;land;false;urban;1
8338;252;223;200;land;false;forest;1
8339;83;166;235;land;false;forest;1
8340;173;74;222;land;false;hills;1
8341;152;240;250;land;false;hills;1
8342;254;214;230;land;false;marsh;1
8343;154;245;137;land;false;forest;1
8344;206;230;75;land;false;forest;1
8345;177;250;253;land;false;forest;1
8346;94;174;251;land;false;forest;1
8347;38;236;75;land;false;hills;1
8348;72;97;220;land;false;forest;1
8349;128;237;135;land;false;plains;1
8350;255;255;248;land;false;forest;1
8351;76;233;100;land;false;forest;1
8352;255;239;253;land;false;forest;1
8353;251;251;190;land;false;forest;1
8354;85;48;226;land;false;forest;1
8355;6;71;250;land;false;forest;1
8356;61;220;196;land;false;plains;1
8357;248;237;255;land;false;forest;1
8358;231;206;253;land;false;forest;1
8359;191;251;232;land;false;forest;1
8360;65;56;211;land;false;forest;1
8361;251;237;255;land;true;marsh;1
8362;255;255;250;land;false;forest;1
8363;176;247;248;land;false;forest;1
8364;170;226;108;land;false;plains;1
8365;27;233;46;land;false;forest;1
8366;254;218;219;land;true;forest;1
8367;217;160;85;land;false;forest;1
8368;69;99;227;land;false;forest;1
8369;130;138;235;land;false;forest;1
8370;252;252;183;land;false;forest;1
8371;201;139;239;land;false;forest;1
8372;182;254;185;land;false;forest;1
8373;130;251;238;land;true;forest;1
8374;250;229;146;land;false;plains;1
8375;212;250;253;land;false;forest;1
8376;124;138;255;land;false;forest;1
8377;200;148;253;land;false;forest;1
8378;74;252;212;land;false;plains;1
8379;248;253;189;land;false;forest;1
8380;255;238;223;land;false;forest;1
8381;241;251;114;land;false;forest;1
8382;175;21;236;land;false;forest;1
8383;255;251;252;land;false;forest;1
8384;85;119;223;land;false;forest;1
8385;84;98;229;land;false;forest;1
8386;254;210;168;land;false;plains;1
8387;101;228;152;land;false;forest;1
8388;206;254;182;land;false;forest;1
8389;89;81;219;land;false;forest;1
8390;203;252;204;land;false;forest;1
8391;40;144;251;land;false;forest;1
8392;200;76;62;land;false;forest;1
8393;255;239;249;land;false;hills;1
8394;186;254;174;land;false;forest;1
8395;254;206;209;land;false;forest;1
8396;250;217;80;land;true;forest;1
8397;46;229;228;land;true;forest;1
8398;146;42;214;land;false;plains;1
8399;31;186;234;land;false;forest;1
8400;171;251;226;land;false;urban;1
8401;254;206;218;land;false;marsh;1
8402;255;226;239;land;false;forest;1
8403;138;102;239;land;false;plains;1
8404;210;252;194;land;false;forest;1
8405;128;240;154;land;false;plains;1
8406;103;158;240;land;false;forest;1
8407;196;215;253;land;false;forest;1
8408;248;139;141;land;false;forest;1
8409;231;128;247;land;false;forest;1
8410;247;195;105;land;false;hills;1
8411;252;40;37;land;false;forest;1
8412;64;226;49;land;false;forest;1
8413;215;110;84;land;true;forest;1
8414;133;251;116;land;false;forest;1
8415;208;145;244;land;false;forest;1
8416;255;224;241;land;false;forest;1
8417;158;204;69;land;false;forest;1
8418;231;94;214;land;false;marsh;1
8419;104;214;67;land;false;plains;1
8420;246;221;254;land;false;forest;1
8421;219;248;154;land;false;forest;1
8422;254;121;173;land;false;plains;1
8423;180;63;242;land;false;hills;1
8424;177;245;134;land;false;forest;1
8425;197;237;251;land;false;forest;1
8426;253;226;200;land;false;forest;1
8427;241;93;158;land;false;forest;1
8428;204;164;255;land;false;marsh;1
8429;218;206;90;land;false;forest;1
8430;112;171;251;land;false;forest;1
8431;253;144;107;land;false;forest;1
8432;246;68;228;land;false;forest;1
8433;246;253;199;land;false;forest;1
8434;78;226;131;land;false;forest;1
8435;254;238;255;land;false;marsh;1
8436;234;244;160;land;false;forest;1
8437;66;238;177;land;true;forest;1
8438;74;225;103;land;true;marsh;1
8439;187;177;251;land;false;marsh;1
8440;254;222;134;land;false;forest;1
8441;255;250;254;land;false;forest;1
8442;214;254;177;land;false;forest;1
8443;254;107;69;land;true;forest;1
8444;255;236;220;land;false;forest;1
8445;247;213;165;land;false;forest;1
8446;173;251;212;land;false;forest;1
8447;137;217;47;land;false;forest;1
8448;245;168;160;land;false;hills;1
8449;225;250;99;land;false;forest;1
8450;109;251;60;land;false;forest;1
8451;247;112;140;land;false;forest;1
8452;133;197;239;land;false;forest;1
8453;229;97;98;land;false;hills;1
8454;253;186;199;land;false;forest;1
8455;234;246;140;land;false;forest;1
8456;163;246;146;land;false;forest;1
8457;109;201;253;land;false;forest;1
8458;254;177;225;land;false;forest;1
8459;184;202;250;land;false;forest;1
8460;231;255;246;land;true;forest;1
8461;216;171;253;land;false;marsh;1
8462;255;107;104;land;false;forest;1
8463;249;126;119;land;false;hills;1
8464;126;234;250;land;false;marsh;1
8465;123;238;202;land;false;hills;1
8466;210;251;141;land;false;forest;1
8467;210;154;243;land;false;forest;1
8468;231;240;123;land;false;forest;1
8469;247;144;31;land;true;marsh;1
8470;234;226;254;land;true;plains;1
8471;226;125;234;land;false;hills;1
8472;227;246;156;land;true;forest;1
8473;220;124;66;land;false;hills;1
8474;66;241;224;land;false;forest;1
8475;254;189;210;land;false;forest;1
8476;245;255;243;land;false;forest;1
8477;247;184;111;land;false;plains;1
8478;188;205;255;land;false;forest;1
8479;128;254;209;land;false;hills;1
8480;207;176;248;land;false;forest;1
8481;254;165;135;land;false;forest;1
8482;205;216;252;land;false;forest;1
8483;253;235;192;land;false;forest;1
8484;224;44;227;land;false;forest;1
8485;255;173;231;land;false;forest;1
8486;203;173;248;land;false;forest;1
8487;47;225;241;land;false;forest;1
8488;255;235;246;land;false;forest;1
8489;179;252;151;land;false;forest;1
8490;172;248;235;land;false;forest;1
8491;21;251;61;land;false;forest;1
8492;17;116;238;land;false;hills;1
8493;106;131;229;land;false;forest;1
8494;87;235;229;land;true;forest;1
8495;254;125;241;land;false;forest;1
8496;240;181;115;land;false;hills;1
8497;252;180;205;land;false;forest;1
8498;236;127;134;land;false;forest;1
8499;165;252;161;land;true;forest;1
8500;18;133;248;land;false;marsh;1
8501;255;233;246;land;false;plains;1
8502;157;244;235;land;false;forest;1
8503;199;46;255;land;true;forest;1
8504;140;252;197;land;false;forest;1
8505;220;254;190;land;false;forest;1
8506;220;255;207;land;false;marsh;1
8507;231;255;235;land;false;forest;1
8508;232;122;168;land;false;forest;1
8509;167;249;251;land;false;forest;1
8510;101;247;186;land;false;forest;1
8511;147;176;246;land;true;forest;1
8512;164;101;221;land;false;marsh;1
8513;255;251;228;land;false;forest;1
8514;235;123;135;land;true;forest;1
8515;216;254;211;land;false;forest;1
8516;226;254;218;land;false;plains;1
8517;179;117;255;land;false;plains;1
8518;167;232;254;land;false;forest;1
8519;231;101;238;land;false;forest;1
8520;247;162;237;land;false;plains;1
8521;254;214;254;land;false;forest;1
8522;253;125;139;land;false;marsh;1
8523;250;181;174;land;false;forest;1
8524;94;238;146;land;false;forest;1
8525;148;34;233;land;false;plains;1
8526;106;242;153;land;false;plains;1
8527;103;235;233;land;false;forest;1
8528;72;58;215;land;false;forest;1
8529;248;220;146;land;false;forest;1
8530;110;252;248;land;false;forest;1
8531;215;231;58;land;false;urban;1
8532;95;59;245;land;false;plains;1
8533;85;251;239;land;false;plains;1
8534;233;53;137;land;false;forest;1
8535;160;235;252;land;true;forest;1
8536;75;246;50;land;false;forest;1
8537;247;248;255;land;false;forest;1
8538;227;246;148;land;true;forest;1
8539;180;239;132;land;false;forest;1
8540;255;194;223;land;false;forest;1
8541;158;249;213;land;false;forest;1
8542;129;210;252;land;true;marsh;1
8543;253;240;131;land;false;forest;1
8544;253;199;218;land;false;marsh;1
8545;134;81;209;land;false;forest;1
8546;146;224;86;land;false;hills;1
8547;232;254;203;land;false;forest;1
8548;247;121;175;land;false;forest;1
8549;246;165;92;land;false;plains;1
8550;182;251;236;land;false;forest;1
8551;214;221;66;land;true;marsh;1
8552;250;103;231;land;true;marsh;1
8553;246;167;49;land;false;forest;1
8554;161;250;164;land;false;forest;1
8555;228;255;240;land;false;hills;1
8556;250;183;174;land;false;forest;1
8557;139;254;180;land;false;forest;1
8558;215;58;157;land;false;forest;1
8559;236;255;241;land;false;forest;1
8560;234;89;249;land;true;forest;1
8561;104;171;245;land;false;forest;1
8562;194;248;172;land;false;forest;1
8563;207;59;253;land;false;forest;1
8564;255;217;253;land;false;forest;1
8565;67;97;243;land;true;marsh;1
8566;80;61;206;land;false;forest;1
8567;204;187;255;land;true;forest;1
8568;247;157;204;land;true;forest;1
8569;248;106;48;land;false;forest;1
8570;163;199;253;land;false;forest;1
8571;245;255;226;land;false;forest;1
8572;184;137;239;land;false;forest;1
8573;80;98;249;land;false;forest;1
8574;255;234;244;land;false;hills;1
8575;143;241;219;land;false;forest;1
8576;126;242;148;land;false;forest;1
8577;72;134;229;land;false;forest;1
8578;203;254;220;land;false;forest;1
8579;167;42;213;land;false;forest;1
8580;143;129;242;land;false;plains;1
8581;248;134;220;land;false;plains;1
8582;110;82;247;land;false;forest;1
8583;246;85;198;land;false;plains;1
8584;135;29;244;land;false;plains;1
8585;219;227;66;land;false;forest;1
8586;246;247;255;land;false;forest;1
8587;253;208;205;land;false;marsh;1
8588;244;116;108;land;false;forest;1
8589;255;126;246;land;false;forest;1
8590;239;42;18;land;false;marsh;1
8591;188;162;247;land;false;hills;1
8592;252;207;255;land;false;forest;1
8593;54;75;203;land;false;forest;1
8594;67;223;208;land;false;forest;1
8595;248;255;246;land;false;forest;1
8596;253;214;203;land;false;forest;1
8597;251;104;205;land;true;marsh;1
8598;26;179;241;land;false;forest;1
8599;251;195;183;land;false;forest;1
8600;229;254;252;land;true;forest;1
8601;200;255;111;land;false;forest;1
8602;248;252;166;land;false;forest;1
8603;144;62;250;land;false;forest;1
8604;227;173;63;land;false;hills;1
8605;73;72;224;land;false;plains;1
8606;236;179;46;land;false;forest;1
8607;235;118;129;land;false;forest;1
8608;80;229;121;land;false;forest;1
8609;255;232;232;land;false;forest;1
8610;232;218;106;land;false;forest;1
8611;66;245;87;land;true;forest;1
8612;140;222;33;land;true;forest;1
8613;146;246;175;land;false;forest;1
8614;234;43;81;land;false;forest;1
8615;222;182;255;land;false;urban;1
8616;253;101;192;land;false;forest;1
8617;91;229;105;land;false;forest;1
8618;225;167;83;land;false;forest;1
8619;220;246;152;land;false;marsh;1
8620;89;182;217;land;true;forest;1
8621;247;202;169;land;false;forest;1
8622;221;228;254;land;false;forest;1
8623;210;148;249;land;false;forest;1
8624;79;208;230;land;false;forest;1
8625;253;211;75;land;true;urban;1
8626;104;105;251;land;false;forest;1
8627;253;176;188;land;false;forest;1
8628;118;246;121;land;false;forest;1
8629;243;51;99;land;true;plains;1
8630;243;128;241;land;false;forest;1
8631;255;248;255;land;false;forest;1
8632;225;85;87;land;false;forest;1
8633;255;252;254;land;false;forest;1
8634;149;244;198;land;false;forest;1
8635;246;207;101;land;false;plains;1
8636;230;254;225;land;false;hills;1
8637;170;252;156;land;false;forest;1
8638;252;213;100;land;false;forest;1
8639;193;89;230;land;false;forest;1
8640;244;248;161;land;false;forest;1
8641;144;243;133;land;false;forest;1
8642;255;250;243;land;false;marsh;1
8643;164;164;252;land;true;forest;1
8644;244;51;124;land;false;forest;1
8645;254;220;228;land;false;forest;1
8646;254;220;233;land;false;forest;1
8647;96;132;239;land;false;forest;1
8648;245;151;172;land;false;forest;1
8649;252;170;210;land;false;forest;1
8650;223;250;98;land;false;plains;1
8651;107;243;100;land;false;plains;1
8652;182;252;160;land;false;forest;1
8653;227;113;177;land;false;forest;1
8654;101;232;200;land;false;forest;1
8655;224;169;41;land;false;plains;1
8656;240;222;135;land;false;forest;1
8657;251;188;118;land;false;forest;1
8658;196;252;177;land;false;forest;1
8659;234;121;152;land;false;forest;1
8660;209;254;221;land;true;forest;1
8661;224;249;142;land;false;forest;1
8662;164;250;210;land;false;plains;1
8663;169;248;171;land;false;hills;1
8664;237;218;254;land;false;forest;1
8665;166;249;84;land;true;forest;1
8666;219;193;254;land;true;marsh;1
8667;254;143;233;land;false;forest;1
8668;98;222;39;land;false;forest;1
8669;251;104;53;land;false;forest;1
8670;175;255;224;land;false;forest;1
8671;203;78;216;land;false;forest;1
8672;85;120;243;land;false;marsh;1
8673;116;245;135;land;false;marsh;1
8674;83;156;229;land;false;plains;1
8675;255;249;242;land;false;forest;1
8676;55;233;65;land;false;forest;1
8677;81;253;62;land;false;forest;1
8678;239;216;93;land;false;forest;1
8679;217;233;85;land;false;forest;1
8680;107;159;233;land;false;forest;1
8681;164;218;247;land;false;forest;1
8682;138;229;115;land;false;plains;1
8683;172;254;98;land;false;marsh;1
8684;76;174;236;land;false;forest;1
8685;174;251;142;land;false;forest;1
8686;223;225;254;land;false;marsh;1
8687;255;227;221;land;false;forest;1
8688;199;253;212;land;false;forest;1
8689;79;152;251;land;false;forest;1
8690;189;253;56;land;false;forest;1
8691;253;215;98;land;false;hills;1
8692;160;252;107;land;false;forest;1
8693;247;166;144;land;false;forest;1
8694;157;250;236;land;false;forest;1
8695;190;207;251;land;false;forest;1
8696;164;212;253;land;false;forest;1
8697;134;243;224;land;true;urban;1
8698;40;32;245;land;false;forest;1
8699;169;73;204;land;false;forest;1
8700;245;119;59;land;false;forest;1
8701;252;255;252;land;false;forest;1
8702;184;85;237;land;false;forest;1
8703;103;96;243;land;false;forest;1
8704;146;249;134;land;true;forest;1
8705;251;251;255;land;false;forest;1
8706;255;248;248;land;false;forest;1
8707;142;250;188;land;false;forest;1
8708;90;147;241;land;false;forest;1
8709;253;204;242;land;false;forest;1
8710;27;215;245;land;false;forest;1
8711;170;249;204;land;true;marsh;1
8712;253;110;188;land;true;forest;1
8713;163;246;136;land;false;forest;1
8714;242;255;239;land;false;forest;1
8715;185;251;253;land;false;marsh;1
8716;252;166;179;land;false;forest;1
8717;255;252;247;land;false;hills;1
8718;254;214;197;land;false;plains;1
8719;70;181;234;land;false;forest;1
8720;116;229;111;land;false;forest;1
8721;254;241;182;land;false;forest;1
8722;131;248;144;land;false;forest;1
8723;247;157;189;land;true;forest;1
8724;222;183;253;land;true;forest;1
8725;239;216;255;land;true;urban;1
8726;235;255;216;land;false;forest;1
8727;192;226;253;land;true;forest;1
8728;172;236;253;land;false;forest;1
8729;215;148;92;land;false;forest;1
8730;228;159;109;land;false;forest;1
8731;255;125;192;land;false;forest;1
8732;171;250;111;land;false;forest;1
8733;254;225;213;land;false;marsh;1
8734;211;226;55;land;false;forest;1
8735;254;243;222;land;false;forest;1
8736;43;213;196;land;false;marsh;1
8737;181;240;250;land;false;forest;1
8738;110;233;57;land;false;forest;1
8739;70;217;230;land;false;hills;1
8740;76;192;249;land;false;forest;1
8741;38;87;237;land;false;forest;1
8742;236;254;210;land;false;forest;1
8743;239;123;211;land;false;forest;1
8744;195;211;252;land;false;hills;1
8745;196;224;254;land;false;forest;1
8746;249;254;223;land;false;forest;1
8747;241;140;210;land;false;forest;1
8748;217;226;254;land;false;forest;1
8749;137;246;223;land;false;forest;1
8750;244;143;201;land;false;plains;1
8751;152;237;111;land;false;forest;1
8752;232;119;223;land;false;forest;1
8753;95;235;197;land;false;forest;1
8754;105;229;137;land;false;forest;1
8755;232;78;36;land;false;forest;1
8756;253;182;152;land;false;forest;1
8757;222;254;247;land;false;plains;1
8758;165;246;199;land;false;forest;1
8759;218;165;84;land;true;plains;1
8760;194;166;253;land;true;forest;1
8761;228;88;204;land;false;forest;1
8762;216;248;146;land;false;forest;1
8763;184;230;253;land;false;marsh;1
8764;53;99;227;land;false;forest;1
8765;53;240;67;land;false;forest;1
8766;165;253;195;land;true;plains;1
8767;248;220;254;land;true;forest;1
8768;248;240;127;land;false;forest;1
8769;241;146;227;land;false;forest;1
8770;246;255;245;land;false;forest;1
8771;168;252;202;land;false;forest;1
8772;219;253;208;land;false;forest;1
8773;194;252;153;land;false;forest;1
8774;43;245;80;land;false;forest;1
8775;250;158;162;land;true;forest;1
8776;233;188;85;land;false;forest;1
8777;151;131;247;land;false;forest;1
8778;186;126;251;land;false;marsh;1
8779;149;250;69;land;false;forest;1
8780;220;38;107;land;false;forest;1
8781;237;138;94;land;false;forest;1
8782;112;190;236;land;false;forest;1
8783;238;223;55;land;false;urban;1
8784;172;250;214;land;true;marsh;1
8785;235;161;101;land;true;forest;1
8786;255;169;194;land;false;forest;1
8787;124;251;203;land;false;forest;1
8788;207;158;250;land;true;forest;1
8789;247;229;173;land;false;plains;1
8790;55;232;114;land;true;forest;1
8791;160;143;251;land;true;marsh;1
8792;72;228;51;land;false;forest;1
8793;82;243;64;land;false;forest;1
8794;192;254;198;land;false;forest;1
8795;239;121;101;land;false;forest;1
8796;209;244;79;land;false;marsh;1
8797;135;251;234;land;false;forest;1
8798;255;205;240;land;false;forest;1
8799;252;114;100;land;false;forest;1
8800;238;238;132;land;false;forest;1
8801;251;110;204;land;true;plains;1
8802;230;187;250;land;false;forest;1
8803;63;236;129;land;false;forest;1
8804;210;250;180;land;false;forest;1
8805;201;243;144;land;false;forest;1
8806;255;212;248;land;false;marsh;1
8807;244;76;36;land;false;forest;1
8808;119;62;242;land;true;forest;1
8809;203;110;242;land;false;forest;1
8810;208;254;130;land;true;marsh;1
8811;153;126;235;land;false;forest;1
8812;75;82;223;land;false;forest;1
8813;104;238;254;land;false;forest;1
8814;247;234;88;land;true;forest;1
8815;184;245;158;land;false;forest;1
8816;234;212;254;land;false;hills;1
8817;224;248;254;land;true;marsh;1
8818;167;228;110;land;false;forest;1
8819;140;145;242;land;false;forest;1
8820;105;232;160;land;false;plains;1
8821;230;239;255;land;false;forest;1
8822;207;143;241;land;false;forest;1
8823;246;32;153;land;false;forest;1
8824;246;222;154;land;false;forest;1
8825;234;242;144;land;false;marsh;1
8826;145;186;239;land;false;forest;1
8827;96;227;81;land;false;forest;1
8828;202;177;249;land;false;forest;1
8829;249;168;74;land;false;forest;1
8830;164;247;120;land;true;marsh;1
8831;117;201;254;land;false;forest;1
8832;252;168;237;land;false;forest;1
8833;255;247;178;land;false;forest;1
8834;233;115;242;land;false;forest;1
8835;134;204;255;land;false;forest;1
8836;229;224;254;land;true;marsh;1
8837;246;230;255;land;false;forest;1
8838;126;240;193;land;true;forest;1
8839;215;136;80;land;false;forest;1
8840;46;247;238;land;false;forest;1
8841;255;236;246;land;false;forest;1
8842;133;205;251;land;false;forest;1
8843;178;192;254;land;true;urban;1
8844;218;249;100;land;true;marsh;1
8845;130;249;246;land;false;forest;1
8846;238;218;255;land;false;marsh;1
8847;63;246;193;land;false;forest;1
8848;236;204;253;land;false;forest;1
8849;235;110;83;land;false;forest;1
8850;121;231;141;land;false;plains;1
8851;249;120;190;land;false;forest;1
8852;254;50;9;land;false;forest;1
8853;236;45;130;land;false;forest;1
8854;229;240;105;land;false;forest;1
8855;176;245;251;land;false;forest;1
8856;236;179;110;land;true;plains;1
8857;254;254;213;land;false;marsh;1
8858;244;237;255;land;false;forest;1
8859;219;94;82;land;true;forest;1
8860;254;232;230;land;false;forest;1
8861;164;155;246;land;false;forest;1
8862;145;248;247;land;false;forest;1
8863;48;210;77;land;false;plains;1
8864;205;252;154;land;false;forest;1
8865;107;227;92;land;false;forest;1
8866;254;222;222;land;true;forest;1
8867;248;182;252;land;false;forest;1
8868;234;246;255;land;false;forest;1
8869;234;69;227;land;false;forest;1
8870;206;149;75;land;true;forest;1
8871;212;249;172;land;false;forest;1
8872;155;240;252;land;true;forest;1
8873;252;216;194;land;false;forest;1
8874;245;176;251;land;true;marsh;1
8875;77;220;252;land;false;forest;1
8876;255;251;247;land;false;forest;1
8877;159;232;249;land;false;forest;1
8878;193;174;251;land;false;urban;1
8879;187;217;250;land;false;forest;1
8880;254;231;218;land;false;forest;1
8881;231;250;180;land;false;forest;1
8882;188;207;68;land;false;forest;1
8883;210;255;245;land;false;forest;1
8884;100;120;252;land;false;forest;1
8885;44;86;237;land;false;forest;1
8886;169;244;130;land;false;marsh;1
8887;214;242;119;land;false;forest;1
8888;244;255;240;land;true;urban;1
8889;223;134;245;land;false;forest;1
8890;130;193;253;land;false;forest;1
8891;250;160;217;land;false;plains;1
8892;87;91;250;land;false;forest;1
8893;233;219;43;land;false;forest;1
8894;247;169;174;land;false;forest;1
8895;223;89;179;land;false;forest;1
8896;229;65;160;land;true;forest;1
8897;252;255;206;land;true;forest;1
8898;252;185;123;land;false;plains;1
8899;111;235;253;land;false;marsh;1
8900;250;219;184;land;false;urban;1
8901;243;94;125;land;false;forest;1
8902;255;186;247;land;false;forest;1
8903;251;160;126;land;true;forest;1
8904;211;118;52;land;false;forest;1
8905;129;190;238;land;false;forest;1
8906;131;175;248;land;false;marsh;1
8907;234;173;74;land;false;forest;1
8908;216;228;253;land;false;forest;1
8909;250;118;211;land;true;plains;1
8910;245;132;177;land;false;forest;1
8911;254;217;199;land;true;urban;1
8912;218;254;227;land;false;forest;1
8913;181;178;251;land;false;plains;1
8914;105;246;202;land;false;forest;1
8915;240;131;144;land;false;forest;1
8916;149;54;251;land;false;forest;1
8917;254;24;207;land;false;forest;1
8918;237;135;224;land;false;forest;1
8919;215;236;120;land;true;forest;1
8920;89;221;98;land;true;plains;1
8921;224;78;199;land;true;plains;1
8922;242;198;116;land;true;forest;1
8923;248;251;255;land;false;forest;1
8924;81;37;233;land;false;forest;1
8925;255;196;146;land;false;forest;1
8926;100;156;227;land;true;forest;1
8927;216;248;175;land;false;forest;1
8928;245;254;217;land;false;forest;1
8929;226;255;248;land;false;plains;1
8930;250;173;253;land;false;forest;1
8931;246;85;88;land;false;forest;1
8932;92;86;238;land;false;forest;1
8933;83;207;230;land;false;marsh;1
8934;201;229;107;land;false;forest;1
8935;164;238;85;land;false;forest;1
8936;228;141;243;land;false;forest;1
8937;252;189;225;land;false;marsh;1
8938;166;248;159;land;false;forest;1
8939;119;222;86;land;false;forest;1
8940;211;254;134;land;true;forest;1
8941;251;249;188;land;true;plains;1
8942;75;232;34;land;false;forest;1
8943;249;134;93;land;false;forest;1
8944;79;244;152;land;true;forest;1
8945;240;147;144;land;false;plains;1
8946;106;241;135;land;false;forest;1
8947;148;242;160;land;true;forest;1
8948;93;247;172;land;true;forest;1
8949;231;242;90;land;false;forest;1
8950;145;249;129;land;false;marsh;1
8951;216;255;218;land;true;forest;1
8952;230;155;54;land;false;forest;1
8953;228;254;253;land;true;marsh;1
8954;157;253;163;land;false;forest;1
8955;106;238;227;land;false;forest;1
8956;194;86;250;land;false;forest;1
8957;242;197;146;land;false;forest;1
8958;233;170;93;land;false;marsh;1
8959;160;110;235;land;false;forest;1
8960;192;250;158;land;true;plains;1
8961;242;241;255;land;false;plains;1
8962;179;155;244;land;false;plains;1
8963;250;251;32;land;true;marsh;1
8964;51;241;66;land;false;forest;1
8965;239;85;240;land;false;forest;1
8966;252;199;185;land;true;plains;1
8967;60;223;209;land;false;forest;1
8968;197;242;255;land;true;plains;1
8969;255;253;244;land;true;forest;1
8970;254;201;175;land;false;forest;1
8971;230;176;97;land;false;forest;1
8972;219;73;196;land;false;plains;1
8973;195;139;250;land;true;forest;1
8974;223;183;252;land;false;plains;1
8975;70;138;230;land;false;forest;1
8976;250;214;157;land;false;forest;1
8977;254;218;226;land;true;marsh;1
8978;159;250;175;land;true;plains;1
8979;243;255;235;land;false;marsh;1
8980;241;134;212;land;false;forest;1
8981;214;76;204;land;true;forest;1
8982;241;139;221;land;false;forest;1
8983;222;192;253;land;true;marsh;1
8984;131;146;251;land;false;plains;1
8985;253;196;194;land;false;forest;1
8986;253;194;17;land;false;forest;1
8987;253;252;171;land;false;plains;1
8988;250;220;254;land;false;forest;1
8989;245;154;148;land;false;forest;1
8990;99;247;92;land;false;plains;1
8991;118;104;254;land;false;forest;1
8992;250;244;108;land;true;forest;1
8993;142;239;239;land;false;forest;1
8994;156;250;144;land;false;forest;1
8995;220;248;254;land;false;forest;1
8996;235;158;46;land;false;forest;1
8997;166;254;193;land;false;marsh;1
8998;242;212;142;land;false;marsh;1
8999;143;233;244;land;false;forest;1
9000;253;244;203;land;false;forest;1
9001;213;229;68;land;false;plains;1
9002;253;232;255;land;true;plains;1
9003;137;253;198;land;false;forest;1
9004;183;250;217;land;false;forest;1
9005;245;160;204;land;false;forest;1
9006;149;238;246;land;false;forest;1
9007;213;72;144;land;false;urban;1
9008;253;242;173;land;true;plains;1
9009;228;84;52;land;false;plains;1
9010;251;232;190;land;false;marsh;1
9011;103;239;192;land;false;forest;1
9012;45;120;248;land;false;forest;1
9013;252;249;255;land;false;plains;1
9014;129;76;243;land;true;plains;1
9015;204;105;57;land;false;plains;1
9016;210;49;226;land;false;forest;1
9017;48;212;190;land;false;plains;1
9018;199;164;248;land;true;marsh;1
9019;220;246;110;land;false;marsh;1
9020;250;186;170;land;false;forest;1
9021;253;110;201;land;false;forest;1
9022;59;115;248;land;true;forest;1
9023;234;121;114;land;true;forest;1
9024;249;255;231;land;false;forest;1
9025;245;115;133;land;false;forest;1
9026;223;218;255;land;false;forest;1
9027;123;239;30;land;true;forest;1
9028;253;247;125;land;false;marsh;1
9029;108;148;250;land;false;forest;1
9030;130;232;62;land;false;marsh;1
9031;143;226;251;land;true;forest;1
9032;151;249;150;land;true;plains;1
9033;145;251;219;land;false;plains;1
9034;216;52;73;land;true;marsh;1
9035;66;84;240;land;false;forest;1
9036;86;129;240;land;false;plains;1
9037;249;255;240;land;false;forest;1
9038;255;207;163;land;false;forest;1
9039;218;213;253;land;false;forest;1
9040;238;96;82;land;false;forest;1
9041;136;248;150;land;false;marsh;1
9042;248;116;165;land;false;forest;1
9043;42;214;104;land;true;forest;1
9044;236;239;255;land;true;forest;1
9045;41;254;142;land;false;plains;1
9046;213;243;254;land;false;forest;1
9047;203;254;236;land;false;forest;1
9048;121;247;178;land;false;plains;1
9049;171;254;162;land;true;forest;1
9050;252;209;190;land;true;forest;1
9051;231;186;253;land;true;plains;1
9052;137;252;43;land;true;forest;1
9053;128;169;239;land;false;marsh;1
9054;142;242;181;land;false;forest;1
9055;254;203;175;land;true;marsh;1
9056;217;254;238;land;false;plains;1
9057;253;202;254;land;false;plains;1
9058;242;100;30;land;false;forest;1
9059;164;157;246;land;true;forest;1
9060;247;78;199;land;false;forest;1
9061;181;250;189;land;false;forest;1
9062;214;185;255;land;false;forest;1
9063;84;177;232;land;true;forest;1
9064;241;157;253;land;true;marsh;1
9065;45;90;237;land;true;forest;1
9066;255;254;255;land;false;forest;1
9067;183;130;248;land;false;plains;1
9068;241;17;106;land;false;forest;1
9069;231;94;204;land;true;plains;1
9070;254;138;214;land;true;forest;1
9071;117;239;172;land;false;plains;1
9072;251;10;142;land;true;forest;1
9073;237;233;51;land;false;marsh;1
9074;233;200;100;land;false;forest;1
9075;48;41;224;land;false;forest;1
9076;253;187;208;land;false;forest;1
9077;249;208;161;land;true;forest;1
9078;183;251;182;land;false;forest;1
9079;254;219;185;land;false;forest;1
9080;251;144;245;land;true;marsh;1
9081;233;239;111;land;false;forest;1
9082;211;251;171;land;false;forest;1
9083;187;166;247;land;false;plains;1
9084;166;57;246;land;true;forest;1
9085;189;216;254;land;false;plains;1
9086;248;251;91;land;true;forest;1
9087;229;70;161;land;true;forest;1
9088;255;253;255;land;true;forest;1
9089;77;40;234;land;true;forest;1
9090;76;156;235;land;false;forest;1
9091;207;255;228;land;true;plains;1
9092;250;248;186;land;false;forest;1
9093;110;98;221;land;false;forest;1
9094;242;247;255;land;false;forest;1
9095;153;254;112;land;false;plains;1
9096;180;251;194;land;true;marsh;1
9097;245;90;62;land;false;forest;1
9098;204;217;253;land;true;forest;1
9099;111;150;250;land;true;plains;1
9100;247;105;183;land;true;plains;1
9101;179;126;250;land;false;plains;1
9102;168;254;245;land;false;plains;1
9103;255;248;250;land;false;forest;1
9104;190;140;254;land;false;forest;1
9105;200;223;254;land;false;marsh;1
9106;30;115;228;land;true;forest;1
9107;227;207;106;land;false;forest;1
9108;226;254;234;land;true;marsh;1
9109;58;243;30;land;false;plains;1
9110;254;223;253;land;true;forest;1
9111;125;225;102;land;true;forest;1
9112;252;177;174;land;true;forest;1
9113;255;238;229;land;true;forest;1
9114;249;255;239;land;false;forest;1
9115;209;254;141;land;true;plains;1
9116;81;248;254;land;true;marsh;1
9117;175;249;243;land;false;forest;1
9118;189;116;229;land;true;forest;1
9119;180;255;255;land;true;plains;1
9120;218;147;249;land;true;marsh;1
9121;254;254;214;land;false;forest;1
9122;253;240;197;land;true;marsh;1
9123;76;232;186;land;false;plains;1
9124;229;94;104;land;false;forest;1
9125;58;251;237;land;false;plains;1
9126;167;251;32;land;false;forest;1
9127;101;240;184;land;false;plains;1
9128;188;254;220;land;false;forest;1
9129;234;152;247;land;true;plains;1
9130;64;164;204;land;true;forest;1
9131;230;117;156;land;true;forest;1
9132;141;249;197;land;false;forest;1
9133;84;110;254;land;false;forest;1
9134;223;183;249;land;false;plains;1
9135;170;233;92;land;false;urban;1
9136;252;26;86;land;true;marsh;1
9137;181;252;199;land;true;plains;1
9138;98;80;219;land;false;forest;1
9139;177;108;247;land;true;plains;1
9140;213;244;118;land;true;forest;1
9141;86;227;189;land;false;plains;1
9142;105;196;248;land;false;forest;1
9143;224;255;184;land;false;plains;1
9144;204;250;120;land;false;plains;1
9145;162;252;97;land;true;forest;1
9146;57;252;206;land;false;forest;1
9147;246;188;250;land;false;plains;1
9148;226;52;42;land;true;plains;1
9149;243;63;44;land;true;plains;1
9150;214;239;254;land;true;forest;1
9151;130;116;252;land;true;plains;1
9152;180;218;70;land;true;forest;1
9153;205;245;252;land;false;forest;1
9154;255;254;166;land;false;plains;1
9155;99;221;216;land;false;forest;1
9156;217;133;252;land;false;plains;1
9157;59;205;246;land;false;plains;1
9158;159;250;60;land;true;plains;1
9159;203;221;96;land;true;plains;1
9160;254;195;200;land;true;forest;1
9161;217;64;132;land;true;plains;1
9162;80;70;244;land;true;plains;1
9163;108;223;52;land;true;marsh;1
9164;110;124;234;land;true;plains;1
9165;133;102;221;land;false;forest;1
9166;254;252;222;land;false;plains;1
9167;141;250;91;land;true;forest;1
9168;246;151;215;land;false;forest;1
9169;133;121;243;land;false;forest;1
9170;242;111;238;land;false;forest;1
9171;205;208;253;land;true;plains;1
9172;255;241;254;land;true;forest;1
9173;224;254;248;land;true;marsh;1
9174;212;239;53;land;false;forest;1
9175;196;246;44;land;false;marsh;1
9176;126;233;233;land;true;forest;1
9177;104;27;237;land;true;forest;1
9178;71;231;43;land;true;forest;1
9179;86;245;69;land;true;plains;1
9180;164;219;248;land;false;marsh;1
9181;200;166;246;land;false;plains;1
9182;254;246;216;land;false;forest;1
9183;251;255;235;land;false;forest;1
9184;168;248;204;land;false;forest;1
9185;128;225;248;land;true;marsh;1
9186;53;132;223;land;true;marsh;1
9187;238;255;216;land;false;marsh;1
9188;119;232;149;land;false;plains;1
9189;255;166;216;land;false;forest;1
9190;141;250;7;land;true;forest;1
9191;152;248;173;land;true;plains;1
9192;254;106;232;land;true;forest;1
9193;112;116;228;land;true;forest;1
9194;131;231;245;land;false;forest;1
9195;231;30;61;land;false;plains;1
9196;255;249;250;land;true;plains;1
9197;177;253;254;land;true;marsh;1
9198;250;218;189;land;false;forest;1
9199;245;236;255;land;false;forest;1
9200;155;177;250;land;true;plains;1
9201;128;250;229;land;true;plains;1
9202;187;252;212;land;true;plains;1
9203;201;250;84;land;false;forest;1
9204;250;255;246;land;true;forest;1
9205;163;237;252;land;true;plains;1
9206;244;138;194;land;true;plains;1
9207;121;240;78;land;false;forest;1
9208;94;242;199;land;true;plains;1
9209;240;91;207;land;false;forest;1
9210;154;253;184;land;false;forest;1
9211;207;232;253;land;false;forest;1
9212;230;186;254;land;true;forest;1
9213;123;118;251;land;false;marsh;1
9214;223;255;197;land;false;forest;1
9215;97;253;115;land;false;plains;1
9216;236;191;58;land;true;forest;1
9217;212;209;55;land;false;marsh;1
9218;185;244;89;land;true;marsh;1
9219;249;180;121;land;false;plains;1
9220;169;245;56;land;true;forest;1
9221;64;191;156;land;true;marsh;1
9222;85;166;217;land;true;marsh;1
9223;237;255;254;land;false;marsh;1
9224;255;234;238;land;true;marsh;1
9225;239;144;44;land;true;forest;1
9226;41;97;243;land;false;forest;1
9227;85;213;60;land;false;forest;1
9228;221;222;254;land;false;forest;1
9229;242;255;234;land;true;marsh;1
9230;202;136;245;land;false;forest;1
9231;246;90;192;land;false;plains;1
9232;170;255;220;land;false;forest;1
9233;47;245;77;land;false;plains;1
9234;233;245;117;land;false;forest;1
9235;159;234;49;land;false;marsh;1
9236;102;224;207;land;false;marsh;1
9237;253;254;228;land;true;marsh;1
9238;100;114;241;land;false;forest;1
9239;254;140;72;land;false;marsh;1
9240;255;242;239;land;true;marsh;1
9241;195;84;218;land;false;plains;1
9242;155;205;245;land;false;forest;1
9243;234;102;110;land;false;forest;1
9244;252;132;211;land;false;marsh;1
9245;252;171;211;land;false;marsh;1
9246;83;81;219;land;true;plains;1
9247;254;218;220;land;true;marsh;1
9248;226;117;102;land;true;forest;1
9249;98;238;161;land;false;plains;1
9250;157;119;252;land;true;plains;1
9251;255;247;211;land;true;plains;1
9252;255;254;232;land;false;marsh;1
9253;253;187;219;land;false;forest;1
9254;253;242;144;land;false;forest;1
9255;255;237;253;land;true;marsh;1
9256;208;211;80;land;true;forest;1
9257;253;203;248;land;false;forest;1
9258;243;124;204;land;false;forest;1
9259;161;172;249;land;false;plains;1
9260;65;163;229;land;false;marsh;1
9261;19;22;246;land;false;marsh;1
9262;232;182;254;land;false;forest;1
9263;246;203;134;land;true;plains;1
9264;179;213;255;land;false;plains;1
9265;252;195;216;land;false;marsh;1
9266;42;108;247;land;false;marsh;1
9267;231;206;254;land;false;marsh;1
9268;144;124;254;land;true;plains;1
9269;170;221;72;land;false;marsh;1
9270;210;155;63;land;true;plains;1
9271;244;222;124;land;true;plains;1
9272;81;154;227;land;true;plains;1
9273;161;44;247;land;false;marsh;1
9274;235;129;233;land;false;plains;1
9275;243;222;254;land;true;marsh;1
9276;213;254;176;land;false;marsh;1
9277;164;180;254;land;false;forest;1
9278;130;223;255;land;false;hills;1
9279;255;125;218;land;false;forest;1
9280;136;253;225;land;false;forest;1
9281;74;209;97;land;false;plains;1
9282;253;255;240;land;true;marsh;1
9283;224;94;164;land;true;plains;1
9284;254;224;255;land;true;plains;1
9285;117;243;243;land;true;plains;1
9286;174;130;252;land;false;forest;1
9287;142;241;194;land;false;plains;1
9288;253;192;224;land;false;plains;1
9289;73;211;84;land;true;plains;1
9290;244;255;245;land;true;forest;1
9291;47;250;142;land;true;urban;1
9292;176;243;129;land;true;marsh;1
9293;206;89;230;land;false;forest;1
9294;89;97;217;land;false;forest;1
9295;254;244;224;land;true;marsh;1
9296;254;61;36;land;false;forest;1
9297;245;71;106;land;true;forest;1
9298;237;208;134;land;true;plains;1
9299;187;253;220;land;true;plains;1
9300;251;157;176;land;false;hills;1
9301;171;210;81;land;false;plains;1
9302;248;255;248;land;false;forest;1
9303;249;250;255;land;false;forest;1
9304;140;190;241;land;true;plains;1
9305;33;215;241;land;true;plains;1
9306;231;102;208;land;true;forest;1
9307;206;146;244;land;false;forest;1
9308;197;189;252;land;false;plains;1
9309;135;247;179;land;true;forest;1
9310;227;255;223;land;true;plains;1
9311;183;233;87;land;true;forest;1
9312;24;241;18;land;false;forest;1
9313;248;178;164;land;false;forest;1
9314;245;253;255;land;false;hills;1
9315;253;250;255;land;true;plains;1
9316;160;244;252;land;true;urban;1
9317;250;200;190;land;false;forest;1
9318;250;222;189;land;true;marsh;1
9319;174;101;243;land;false;plains;1
9320;253;193;242;land;true;marsh;1
9321;234;252;183;land;false;forest;1
9322;247;202;253;land;true;plains;1
9323;245;214;254;land;true;forest;1
9324;255;231;205;land;true;plains;1
9325;77;232;33;land;false;forest;1
9326;213;238;113;land;true;plains;1
9327;220;253;254;land;true;forest;1
9328;194;233;101;land;true;forest;1
9329;68;193;64;land;false;plains;1
9330;255;236;229;land;false;plains;1
9331;246;249;170;land;false;forest;1
9332;250;123;114;land;false;forest;1
9333;251;250;190;land;true;marsh;1
9334;87;221;90;land;false;hills;1
9335;123;134;241;land;true;forest;1
9336;150;230;82;land;true;marsh;1
9337;87;233;152;land;true;marsh;1
9338;254;169;238;land;true;plains;1
9339;139;238;157;land;true;plains;1
9340;18;223;248;land;false;plains;1
9341;246;48;50;land;false;plains;1
9342;204;130;52;land;false;forest;1
9343;250;195;187;land;true;plains;1
9344;250;39;187;land;true;forest;1
9345;140;198;68;land;true;forest;1
9346;232;75;245;land;false;plains;1
9347;253;161;144;land;true;plains;1
9348;164;246;240;land;true;plains;1
9349;253;18;228;land;true;marsh;1
9350;255;234;232;land;false;forest;1
9351;116;253;178;land;false;forest;1
9352;179;81;212;land;false;plains;1
9353;245;254;230;land;false;forest;1
9354;199;61;122;land;true;plains;1
9355;112;192;252;land;false;plains;1
9356;133;218;253;land;true;marsh;1
9357;230;255;222;land;true;marsh;1
9358;96;222;220;land;false;forest;1
9359;53;236;184;land;false;forest;1
9360;211;216;83;land;false;plains;1
9361;117;153;246;land;true;marsh;1
9362;220;205;83;land;false;hills;1
9363;242;195;254;land;false;forest;1
9364;126;242;63;land;true;plains;1
9365;217;254;233;land;true;plains;1
9366;248;110;138;land;true;marsh;1
9367;184;244;117;land;false;forest;1
9368;123;227;84;land;true;forest;1
9369;190;252;167;land;true;forest;1
9370;254;239;182;land;true;plains;1
9371;253;201;147;land;false;urban;1
9372;233;89;206;land;false;forest;1
9373;237;95;236;land;true;plains;1
9374;58;207;165;land;false;plains;1
9375;202;254;225;land;true;plains;1
9376;123;61;201;land;false;marsh;1
9377;178;241;114;land;false;plains;1
9378;102;240;240;land;false;marsh;1
9379;255;252;248;land;false;plains;1
9380;195;52;212;land;true;plains;1
9381;86;144;250;land;false;hills;1
9382;254;177;158;land;false;urban;1
9383;89;241;252;land;true;forest;1
9384;225;110;77;land;false;forest;1
9385;253;255;236;land;false;forest;1
9386;225;235;127;land;true;plains;1
9387;163;252;240;land;false;forest;1
9388;98;64;213;land;false;plains;1
9389;216;225;255;land;false;marsh;1
9390;254;239;221;land;true;plains;1
9391;150;77;222;land;false;forest;1
9392;241;234;255;land;false;plains;1
9393;152;248;154;land;true;marsh;1
9394;245;125;137;land;true;plains;1
9395;85;221;151;land;false;marsh;1
9396;246;135;209;land;false;marsh;1
9397;74;158;244;land;false;forest;1
9398;251;240;255;land;false;plains;1
9399;251;62;220;land;false;plains;1
9400;125;133;238;land;false;urban;1
9401;228;71;82;land;true;forest;1
9402;221;218;255;land;true;forest;1
9403;67;244;120;land;true;plains;1
9404;246;255;239;land;true;plains;1
9405;218;225;78;land;true;marsh;1
9406;250;197;71;land;true;plains;1
9407;253;251;255;land;true;marsh;1
9408;243;229;150;land;true;plains;1
9409;68;186;224;land;false;plains;1
9410;253;212;233;land;true;plains;1
9411;254;165;247;land;false;plains;1
9412;255;246;234;land;true;marsh;1
9413;252;236;255;land;true;forest;1
9414;96;249;250;land;true;forest;1
9415;226;234;255;land;true;marsh;1
9416;244;155;236;land;true;plains;1
9417;183;253;234;land;true;plains;1
9418;224;254;215;land;false;forest;1
9419;62;66;221;land;false;forest;1
9420;217;255;231;land;true;marsh;1
9421;138;84;240;land;true;plains;1
9422;250;136;42;land;true;marsh;1
9423;133;197;61;land;true;forest;1
9424;252;192;13;land;true;marsh;1
9425;95;124;221;land;true;plains;1
9426;229;89;145;land;false;plains;1
9427;223;90;156;land;false;forest;1
9428;255;234;230;land;true;urban;1
9429;247;48;39;land;true;marsh;1
9430;246;247;86;land;true;marsh;1
9431;252;227;192;land;true;plains;1
9432;255;237;184;land;false;forest;1
9433;70;253;223;land;false;forest;1
9434;189;220;255;land;true;plains;1
9435;247;49;82;land;true;marsh;1
9436;61;74;219;land;true;marsh;1
9437;255;170;151;land;false;marsh;1
9438;150;200;65;land;true;marsh;1
9439;122;138;255;land;true;plains;1
9440;222;155;250;land;true;marsh;1
9441;249;213;167;land;false;plains;1
9442;250;34;254;land;true;forest;1
9443;94;240;134;land;false;forest;1
9444;248;95;177;land;false;marsh;1
9445;67;197;241;land;false;plains;1
9446;196;70;233;land;true;plains;1
9447;221;255;217;land;true;urban;1
9448;54;228;30;land;false;forest;1
9449;219;254;219;land;false;marsh;1
9450;230;102;231;land;true;plains;1
9451;249;109;112;land;true;plains;1
9452;56;132;200;land;true;marsh;1
9453;76;63;233;land;true;forest;1
9454;247;254;220;land;true;plains;1
9455;246;146;253;land;true;plains;1
9456;220;188;253;land;false;forest;1
9457;155;244;137;land;true;plains;1
9458;252;238;170;land;false;forest;1
9459;228;110;102;land;false;plains;1
9460;74;73;229;land;true;plains;1
9461;234;130;141;land;true;plains;1
9462;220;254;220;land;false;forest;1
9463;156;253;111;land;true;plains;1
9464;230;252;128;land;true;plains;1
9465;247;160;103;land;false;plains;1
9466;242;139;215;land;true;plains;1
9467;89;236;99;land;false;plains;1
9468;198;250;254;land;false;forest;1
9469;195;252;248;land;true;plains;1
9470;116;240;163;land;false;forest;1
9471;253;242;211;land;true;plains;1
9472;147;109;250;land;true;plains;1
9473;255;241;250;land;true;plains;1
9474;255;220;203;land;false;hills;1
9475;193;235;252;land;false;hills;1
9476;247;175;159;land;false;hills;1
9477;141;177;254;land;false;hills;1
9478;254;255;232;land;false;hills;1
9479;253;158;152;land;true;plains;1
9480;255;246;227;land;false;hills;1
9481;254;240;165;land;true;plains;1
9482;84;246;231;land;true;plains;1
9483;66;245;65;land;true;plains;1
9484;240;143;70;land;true;plains;1
9485;159;247;211;land;true;plains;1
9486;131;223;248;land;true;plains;1
9487;223;255;230;land;true;plains;1
9488;240;162;119;land;true;plains;1
9489;104;249;71;land;true;forest;1
9490;249;250;168;land;true;plains;1
9491;231;106;174;land;true;forest;1
9492;185;249;177;land;true;forest;1
9493;253;255;253;land;true;plains;1
9494;192;112;245;land;true;marsh;1
9495;255;252;235;land;true;marsh;1
9496;81;254;66;land;true;plains;1
9497;235;223;67;land;true;plains;1
9498;255;230;233;land;true;plains;1
9499;52;143;211;land;true;marsh;1
9500;3;89;39;sea;false;ocean;0
9501;0;37;19;sea;false;ocean;0
9502;26;29;0;sea;false;ocean;0
9503;2;53;76;sea;false;ocean;0
9504;65;62;2;sea;false;ocean;0
9505;1;35;29;sea;false;ocean;0
9506;46;79;5;sea;false;ocean;0
9507;1;91;40;sea;false;ocean;0
9508;0;11;34;sea;false;ocean;0
9509;29;38;1;sea;false;ocean;0
9510;4;5;75;sea;false;ocean;0
9511;83;3;63;sea;false;ocean;0
9512;0;33;17;sea;false;ocean;0
9513;0;22;8;sea;false;ocean;0
9514;51;54;1;sea;false;ocean;0
9515;61;48;2;sea;false;ocean;0
9516;1;24;30;sea;false;ocean;0
9517;9;74;92;sea;false;ocean;0
9518;52;32;1;sea;false;ocean;0
9519;55;46;1;sea;false;ocean;0
9520;32;0;25;sea;false;ocean;0
9521;7;27;0;sea;false;ocean;0
9522;36;1;19;sea;true;ocean;0
9523;15;48;2;sea;false;ocean;0
9524;7;75;91;sea;true;ocean;0
9525;75;11;5;sea;false;ocean;0
9526;38;1;61;sea;false;ocean;0
9527;46;2;28;sea;false;ocean;0
9528;7;25;1;sea;false;ocean;0
9529;21;66;4;sea;false;ocean;0
9530;27;8;1;sea;false;ocean;0
9531;93;7;34;sea;false;ocean;0
9532;31;2;76;sea;false;ocean;0
9533;1;40;13;sea;false;ocean;0
9534;1;17;53;sea;false;ocean;0
9535;57;60;2;sea;false;ocean;0
9536;63;47;0;sea;false;ocean;0
9537;0;28;40;sea;false;ocean;0
9538;57;30;2;sea;false;ocean;0
9539;1;25;30;sea;false;ocean;0
9540;89;82;7;sea;false;ocean;0
9541;26;2;44;sea;false;ocean;0
9542;63;1;4;sea;false;ocean;0
9543;67;24;3;sea;false;ocean;0
9544;44;37;1;sea;false;ocean;0
9545;56;2;31;sea;false;ocean;0
9546;9;24;0;sea;true;ocean;0
9547;1;33;31;sea;false;ocean;0
9548;63;1;1;sea;false;ocean;0
9549;64;4;61;sea;false;ocean;0
9550;1;17;45;sea;false;ocean;0
9551;1;37;19;sea;false;ocean;0
9552;20;0;39;sea;false;ocean;0
9553;31;1;34;sea;false;ocean;0
9554;5;0;25;sea;false;ocean;0
9555;3;97;69;sea;false;ocean;0
9556;58;92;7;sea;false;ocean;0
9557;9;76;89;sea;false;ocean;0
9558;13;21;0;sea;true;ocean;0
9559;48;1;77;sea;false;ocean;0
9560;1;40;11;sea;false;ocean;0
9561;27;2;66;sea;false;ocean;0
9562;56;1;70;sea;false;ocean;0
9563;57;3;22;sea;false;ocean;0
9564;5;93;17;sea;false;ocean;0
9565;69;61;4;sea;false;ocean;0
9566;5;25;0;sea;false;ocean;0
9567;47;92;4;sea;true;ocean;0
9568;22;63;4;sea;false;ocean;0
9569;5;67;92;sea;false;ocean;0
9570;2;72;1;sea;false;ocean;0
9571;50;3;40;sea;false;ocean;0
9572;28;1;33;sea;false;ocean;0
9573;27;68;1;sea;false;ocean;0
9574;81;75;1;sea;false;ocean;0
9575;3;64;62;sea;false;ocean;0
9576;60;2;29;sea;false;ocean;0
9577;1;19;42;sea;false;ocean;0
9578;0;44;42;sea;false;ocean;0
9579;4;80;2;sea;true;ocean;0
9580;0;34;4;sea;false;ocean;0
9581;70;28;5;sea;false;ocean;0
9582;8;39;1;sea;false;ocean;0
9583;79;82;4;sea;false;ocean;0
9584;92;91;9;sea;false;ocean;0
9585;23;2;55;sea;false;ocean;0
9586;58;0;84;sea;false;ocean;0
9587;21;4;87;sea;false;ocean;0
9588;33;4;62;sea;false;ocean;0
9589;71;36;4;sea;false;ocean;0
9590;1;6;50;sea;false;ocean;0
9591;17;90;3;sea;false;ocean;0
9592;90;4;67;sea;false;ocean;0
9593;30;0;25;sea;false;ocean;0
9594;51;3;62;sea;false;ocean;0
9595;16;28;1;sea;false;ocean;0
9596;0;16;29;sea;false;ocean;0
9597;33;0;11;sea;false;ocean;0
9598;14;75;5;sea;false;ocean;0
9599;1;25;64;sea;true;ocean;0
9600;0;28;21;sea;false;ocean;0
9601;25;1;44;sea;false;ocean;0
9602;49;0;9;sea;false;ocean;0
9603;33;0;19;sea;false;ocean;0
9604;2;36;52;sea;true;ocean;0
9605;43;92;0;sea;false;ocean;0
9606;37;33;1;sea;false;ocean;0
9607;1;17;57;sea;false;ocean;0
9608;1;37;11;sea;false;ocean;0
9609;65;57;2;sea;false;ocean;0
9610;3;84;46;sea;false;ocean;0
9611;94;72;7;sea;false;ocean;0
9612;5;5;75;sea;false;ocean;0
9613;3;38;54;sea;false;ocean;0
9614;1;52;39;sea;false;ocean;0
9615;0;53;21;sea;false;ocean;0
9616;1;24;26;sea;false;ocean;0
9617;39;2;5;sea;false;ocean;0
9618;5;69;32;sea;false;ocean;0
9619;52;47;0;sea;false;ocean;0
9620;51;2;3;sea;false;ocean;0
9621;2;21;0;sea;false;ocean;0
9622;57;2;9;sea;false;ocean;0
9623;93;6;82;sea;false;ocean;0
9624;56;29;1;sea;false;ocean;0
9625;56;3;32;sea;false;ocean;0
9626;0;20;30;sea;true;ocean;0
9627;49;1;47;sea;false;ocean;0
9628;15;4;62;sea;true;ocean;0
9629;48;0;4;sea;false;ocean;0
9630;11;7;80;sea;false;ocean;0
9631;2;50;28;sea;false;ocean;0
9632;40;2;46;sea;false;ocean;0
9633;47;43;2;sea;false;ocean;0
9634;40;9;1;sea;false;ocean;0
9635;4;80;85;sea;false;ocean;0
9636;36;14;1;sea;false;ocean;0
9637;6;73;13;sea;false;ocean;0
9638;21;5;0;sea;false;ocean;0
9639;3;93;82;sea;false;ocean;0
9640;2;16;51;sea;false;ocean;0
9641;1;1;33;sea;false;ocean;0
9642;70;82;2;sea;false;ocean;0
9643;0;24;25;sea;false;ocean;0
9644;30;3;88;sea;false;ocean;0
9645;22;31;1;sea;true;ocean;0
9646;24;32;0;sea;true;ocean;0
9647;28;1;66;sea;false;ocean;0
9648;2;7;67;sea;false;ocean;0
9649;68;0;58;sea;false;ocean;0
9650;91;2;48;sea;false;ocean;0
9651;71;2;88;sea;false;ocean;0
9652;0;23;4;sea;false;ocean;0
9653;55;52;2;sea;false;ocean;0
9654;3;59;49;sea;false;ocean;0
9655;32;8;88;sea;false;ocean;0
9656;51;54;0;sea;false;ocean;0
9657;3;70;6;sea;false;ocean;0
9658;0;15;29;sea;false;ocean;0
9659;52;2;15;sea;false;ocean;0
9660;89;44;3;sea;false;ocean;0
9661;82;3;61;sea;false;ocean;0
9662;6;94;20;sea;false;ocean;0
9663;7;2;54;sea;false;ocean;0
9664;16;44;1;sea;false;ocean;0
9665;68;5;11;sea;false;ocean;0
9666;98;30;1;sea;false;ocean;0
9667;0;62;21;sea;false;ocean;0
9668;36;78;3;sea;false;ocean;0
9669;4;71;73;sea;false;ocean;0
9670;8;84;12;sea;false;ocean;0
9671;42;56;2;sea;false;ocean;0
9672;4;22;73;sea;false;ocean;0
9673;92;3;30;sea;false;ocean;0
9674;95;4;13;sea;false;ocean;0
9675;38;1;14;sea;false;ocean;0
9676;52;35;0;sea;false;ocean;0
9677;5;0;22;sea;false;ocean;0
9678;72;2;6;sea;false;ocean;0
9679;49;78;4;sea;false;ocean;0
9680;43;3;95;sea;false;ocean;0
9681;2;55;79;sea;false;ocean;0
9682;3;48;84;sea;false;ocean;0
9683;27;2;1;sea;false;ocean;0
9684;11;58;2;sea;false;ocean;0
9685;47;48;2;sea;false;ocean;0
9686;79;71;7;sea;false;ocean;0
9687;7;88;38;sea;false;ocean;0
9688;17;3;54;sea;false;ocean;0
9689;4;2;96;sea;false;ocean;0
9690;4;51;74;sea;true;ocean;0
9691;6;77;56;sea;true;ocean;0
9692;2;41;51;sea;false;ocean;0
9693;82;5;12;sea;false;ocean;0
9694;15;0;53;sea;false;ocean;0
9695;63;4;98;sea;false;ocean;0
9696;2;98;89;sea;false;ocean;0
9697;1;61;65;sea;false;ocean;0
9698;58;43;3;sea;false;ocean;0
9699;92;76;4;sea;false;ocean;0
9700;0;19;48;sea;false;ocean;0
9701;35;82;6;sea;false;ocean;0
9702;91;81;6;sea;false;ocean;0
9703;0;22;1;sea;false;ocean;0
9704;13;51;0;sea;false;ocean;0
9705;3;88;8;sea;false;ocean;0
9706;65;47;2;sea;false;ocean;0
9707;64;3;69;sea;false;ocean;0
9708;30;0;26;sea;false;ocean;0
9709;7;93;75;sea;false;ocean;0
9710;71;63;4;sea;false;ocean;0
9711;62;3;51;sea;false;ocean;0
9712;29;39;1;sea;true;ocean;0
9713;72;21;4;sea;true;ocean;0
9714;6;81;22;sea;false;ocean;0
9715;0;26;2;sea;false;ocean;0
9716;21;12;0;sea;false;ocean;0
9717;64;0;63;sea;false;ocean;0
9718;59;2;28;sea;false;ocean;0
9719;38;1;62;sea;false;ocean;0
9720;96;41;2;sea;false;ocean;0
9721;82;88;1;sea;false;ocean;0
9722;60;3;3;sea;false;ocean;0
9723;28;47;1;sea;false;ocean;0
9724;1;31;79;sea;false;ocean;0
9725;93;0;82;sea;false;ocean;0
9726;44;4;77;sea;false;ocean;0
9727;31;0;8;sea;false;ocean;0
9728;0;24;44;sea;true;ocean;0
9729;72;5;32;sea;false;ocean;0
9730;59;77;4;sea;false;ocean;0
9731;41;22;1;sea;false;ocean;0
9732;78;63;2;sea;false;ocean;0
9733;13;0;22;sea;false;ocean;0
9734;20;1;33;sea;false;ocean;0
9735;56;3;30;sea;false;ocean;0
9736;0;26;12;sea;false;ocean;0
9737;24;42;0;sea;false;ocean;0
9738;29;50;1;sea;false;ocean;0
9739;0;7;37;sea;false;ocean;0
9740;95;13;6;sea;false;ocean;0
9741;92;85;8;sea;false;ocean;0
9742;2;38;81;sea;true;ocean;0
9743;1;28;10;sea;false;ocean;0
9744;4;70;8;sea;false;ocean;0
9745;83;1;44;sea;false;ocean;0
9746;45;78;5;sea;false;ocean;0
9747;5;70;32;sea;false;ocean;0
9748;38;79;3;sea;false;ocean;0
9749;1;40;39;sea;false;ocean;0
9750;3;66;35;sea;false;ocean;0
9751;51;0;58;sea;false;ocean;0
9752;0;86;97;sea;false;ocean;0
9753;64;2;46;sea;false;ocean;0
9754;24;22;0;sea;false;ocean;0
9755;74;5;14;sea;false;ocean;0
9756;22;10;0;sea;false;ocean;0
9757;58;3;85;sea;false;ocean;0
9758;50;1;32;sea;false;ocean;0
9759;2;36;84;sea;false;ocean;0
9760;91;3;12;sea;true;ocean;0
9761;0;5;22;sea;false;ocean;0
9762;36;2;62;sea;false;ocean;0
9763;59;3;69;sea;false;ocean;0
9764;1;9;33;sea;false;ocean;0
9765;74;5;30;sea;false;ocean;0
9766;47;2;4;sea;false;ocean;0
9767;4;70;34;sea;false;ocean;0
9768;40;54;2;sea;false;ocean;0
9769;36;38;0;sea;false;ocean;0
9770;11;1;46;sea;false;ocean;0
9771;33;40;1;sea;false;ocean;0
9772;31;1;4;sea;false;ocean;0
9773;2;38;37;sea;false;ocean;0
9774;24;0;39;sea;false;ocean;0
9775;62;17;4;sea;false;ocean;0
9776;0;49;49;sea;false;ocean;0
9777;1;70;79;sea;false;ocean;0
9778;3;51;41;sea;false;ocean;0
9779;45;1;29;sea;false;ocean;0
9780;60;2;55;sea;false;ocean;0
9781;87;27;1;sea;false;ocean;0
9782;23;58;2;sea;false;ocean;0
9783;49;6;74;sea;false;ocean;0
9784;38;1;29;sea;false;ocean;0
9785;65;4;52;sea;false;ocean;0
9786;47;2;73;sea;false;ocean;0
9787;75;31;2;sea;true;ocean;0
9788;2;46;25;sea;false;ocean;0
9789;1;38;51;sea;false;ocean;0
9790;53;2;70;sea;false;ocean;0
9791;26;0;6;sea;false;ocean;0
9792;1;54;24;sea;false;ocean;0
9793;33;6;1;sea;false;ocean;0
9794;1;74;53;sea;false;ocean;0
9795;41;0;69;sea;false;ocean;0
9796;0;47;6;sea;false;ocean;0
9797;0;24;26;sea;false;ocean;0
9798;78;67;1;sea;false;ocean;0
9799;48;1;73;sea;false;ocean;0
9800;1;48;77;sea;false;ocean;0
9801;51;75;3;sea;false;ocean;0
9802;34;1;41;sea;false;ocean;0
9803;17;41;2;sea;false;ocean;0
9804;4;67;10;sea;false;ocean;0
9805;84;1;99;sea;false;ocean;0
9806;27;0;14;sea;false;ocean;0
9807;36;84;2;sea;false;ocean;0
9808;49;1;25;sea;false;ocean;0
9809;12;23;0;sea;false;ocean;0
9810;85;2;9;sea;false;ocean;0
9811;24;2;55;sea;false;ocean;0
9812;53;3;28;sea;false;ocean;0
9813;1;43;32;sea;false;ocean;0
9814;37;1;7;sea;true;ocean;0
9815;40;2;13;sea;false;ocean;0
9816;3;8;51;sea;false;ocean;0
9817;10;1;39;sea;false;ocean;0
9818;1;44;19;sea;false;ocean;0
9819;94;41;4;sea;false;ocean;0
9820;14;1;33;sea;false;ocean;0
9821;0;14;40;sea;false;ocean;0
9822;0;49;2;sea;false;ocean;0
9823;2;75;50;sea;false;ocean;0
9824;2;34;79;sea;false;ocean;0
9825;1;12;50;sea;false;ocean;0
9826;67;3;50;sea;true;ocean;0
9827;1;83;69;sea;false;ocean;0
9828;69;73;3;sea;true;ocean;0
9829;49;5;1;sea;false;ocean;0
9830;63;6;0;sea;false;ocean;0
9831;36;0;13;sea;false;ocean;0
9832;1;10;25;sea;true;ocean;0
9833;1;89;37;sea;false;ocean;0
9834;1;33;64;sea;false;ocean;0
9835;4;88;91;sea;true;ocean;0
9836;19;51;3;sea;false;ocean;0
9837;2;43;40;sea;true;ocean;0
9838;45;60;1;sea;false;ocean;0
9839;1;11;26;sea;false;ocean;0
9840;89;17;7;sea;false;ocean;0
9841;7;2;84;sea;false;ocean;0
9842;24;0;27;sea;false;ocean;0
9843;10;30;0;sea;false;ocean;0
9844;60;43;1;sea;false;ocean;0
9845;65;20;0;sea;false;ocean;0
9846;0;27;4;sea;false;ocean;0
9847;0;3;39;sea;false;ocean;0
9848;0;14;71;sea;false;ocean;0
9849;55;15;3;sea;false;ocean;0
9850;1;6;23;sea;false;ocean;0
9851;2;3;43;sea;false;ocean;0
9852;1;18;76;sea;true;ocean;0
9853;1;63;77;sea;false;ocean;0
9854;40;0;44;sea;false;ocean;0
9855;20;3;71;sea;false;ocean;0
9856;24;1;31;sea;false;ocean;0
9857;44;93;3;sea;false;ocean;0
9858;47;5;89;sea;false;ocean;0
9859;25;35;0;sea;false;ocean;0
9860;1;49;60;sea;false;ocean;0
9861;1;29;13;sea;false;ocean;0
9862;8;57;3;sea;false;ocean;0
9863;30;0;33;sea;false;ocean;0
9864;0;37;40;sea;false;ocean;0
9865;15;93;4;sea;false;ocean;0
9866;3;69;3;sea;false;ocean;0
9867;23;0;30;sea;false;ocean;0
9868;1;1;32;sea;false;ocean;0
9869;30;24;0;sea;false;ocean;0
9870;52;22;2;sea;false;ocean;0
9871;71;0;37;sea;false;ocean;0
9872;89;13;0;sea;false;ocean;0
9873;30;1;29;sea;false;ocean;0
9874;15;95;5;sea;false;ocean;0
9875;14;27;0;sea;false;ocean;0
9876;4;63;40;sea;false;ocean;0
9877;51;6;1;sea;false;ocean;0
9878;0;58;46;sea;false;ocean;0
9879;64;50;3;sea;false;ocean;0
9880;73;83;8;sea;false;ocean;0
9881;29;51;2;sea;false;ocean;0
9882;2;52;27;sea;false;ocean;0
9883;1;23;11;sea;false;ocean;0
9884;30;14;1;sea;false;ocean;0
9885;1;44;25;sea;false;ocean;0
9886;1;55;13;sea;false;ocean;0
9887;2;64;24;sea;false;ocean;0
9888;5;92;83;sea;false;ocean;0
9889;1;97;8;sea;false;ocean;0
9890;1;1;24;sea;false;ocean;0
9891;55;27;3;sea;false;ocean;0
9892;1;88;63;sea;true;ocean;0
9893;2;19;66;sea;false;ocean;0
9894;43;0;20;sea;false;ocean;0
9895;56;5;2;sea;false;ocean;0
9896;71;2;72;sea;false;ocean;0
9897;27;84;8;sea;false;ocean;0
9898;0;28;14;sea;false;ocean;0
9899;43;3;87;sea;false;ocean;0
9900;1;64;25;sea;false;ocean;0
9901;11;60;3;sea;false;ocean;0
9902;4;8;88;sea;false;ocean;0
9903;0;18;25;sea;true;ocean;0
9904;2;74;99;sea;false;ocean;0
9905;80;13;7;sea;false;ocean;0
9906;39;79;7;sea;false;ocean;0
9907;8;13;87;sea;false;ocean;0
9908;4;77;49;sea;false;ocean;0
9909;5;35;1;sea;false;ocean;0
9910;63;3;17;sea;false;ocean;0
9911;0;60;63;sea;false;ocean;0
9912;33;24;1;sea;true;ocean;0
9913;1;44;59;sea;false;ocean;0
9914;31;63;2;sea;false;ocean;0
9915;89;27;4;sea;false;ocean;0
9916;5;64;74;sea;false;ocean;0
9917;17;5;91;sea;false;ocean;0
9918;57;63;0;sea;true;ocean;0
9919;56;2;47;sea;false;ocean;0
9920;5;94;68;sea;false;ocean;0
9921;0;31;27;sea;false;ocean;0
9922;26;22;1;sea;false;ocean;0
9923;2;47;60;sea;false;ocean;0
9924;25;2;75;sea;false;ocean;0
9925;50;17;0;sea;false;ocean;0
9926;33;31;1;sea;false;ocean;0
9927;80;4;47;sea;true;ocean;0
9928;1;14;34;sea;false;ocean;0
9929;1;41;17;sea;false;ocean;0
9930;65;3;36;sea;false;ocean;0
9931;45;46;1;sea;false;ocean;0
9932;0;57;44;sea;false;ocean;0
9933;82;2;58;sea;false;ocean;0
9934;1;12;78;sea;false;ocean;0
9935;19;5;73;sea;false;ocean;0
9936;2;15;96;sea;false;ocean;0
9937;95;91;1;sea;false;ocean;0
9938;79;2;63;sea;false;ocean;0
9939;76;1;69;sea;false;ocean;0
9940;7;1;31;sea;false;ocean;0
9941;0;23;17;sea;false;ocean;0
9942;67;27;0;sea;false;ocean;0
9943;79;52;6;sea;false;ocean;0
9944;9;3;65;sea;false;ocean;0
9945;40;32;1;sea;false;ocean;0
9946;31;24;1;sea;false;ocean;0
9947;34;1;34;sea;true;ocean;0
9948;1;53;46;sea;false;ocean;0
9949;7;2;52;sea;false;ocean;0
9950;10;1;67;sea;false;ocean;0
9951;91;1;35;sea;false;ocean;0
9952;4;88;73;sea;false;ocean;0
9953;6;50;3;sea;false;ocean;0
9954;40;2;51;sea;false;ocean;0
9955;1;58;8;sea;false;ocean;0
9956;41;1;12;sea;false;ocean;0
9957;13;2;62;sea;false;ocean;0
9958;55;3;35;sea;false;ocean;0
9959;3;77;62;sea;false;ocean;0
9960;42;9;89;sea;false;ocean;0
9961;1;67;45;sea;false;ocean;0
9962;7;76;5;sea;false;ocean;0
9963;32;0;34;sea;false;ocean;0
9964;14;0;27;sea;false;ocean;0
9965;47;2;35;sea;false;ocean;0
9966;77;7;29;sea;false;ocean;0
9967;52;5;81;sea;false;ocean;0
9968;35;0;34;sea;false;ocean;0
9969;94;2;19;sea;false;ocean;0
9970;34;42;0;sea;false;ocean;0
9971;0;46;16;sea;false;ocean;0
9972;4;70;59;sea;false;ocean;0
9973;6;79;25;sea;false;ocean;0
9974;0;5;20;sea;true;ocean;0
9975;62;0;70;sea;false;ocean;0
9976;18;27;1;sea;false;ocean;0
9977;71;92;6;sea;false;ocean;0
9978;76;99;2;sea;false;ocean;0
9979;1;44;6;sea;false;ocean;0
9980;61;1;63;sea;false;ocean;0
9981;72;2;65;sea;true;ocean;0
9982;43;28;1;sea;false;ocean;0
9983;2;14;47;sea;false;ocean;0
9984;1;8;52;sea;false;ocean;0
9985;40;27;0;sea;false;ocean;0
9986;2;19;47;sea;false;ocean;0
9987;54;0;22;sea;false;ocean;0
9988;1;42;10;sea;false;ocean;0
9989;33;1;7;sea;true;ocean;0
9990;2;27;43;sea;false;ocean;0
9991;86;1;23;sea;false;ocean;0
9992;76;5;72;sea;false;ocean;0
9993;1;33;1;sea;false;ocean;0
9994;19;0;44;sea;false;ocean;0
9995;30;0;31;sea;false;ocean;0
9996;47;14;2;sea;false;ocean;0
9997;34;27;0;sea;true;ocean;0
9998;28;6;1;sea;false;ocean;0
9999;17;4;66;sea;true;ocean;0
10000;1;53;20;sea;false;ocean;0
10001;1;42;47;sea;false;ocean;0
10002;2;47;54;sea;false;ocean;0
10003;59;45;2;sea;false;ocean;0
10004;18;22;0;sea;false;ocean;0
10005;20;65;1;sea;false;ocean;0
10006;1;43;54;sea;false;ocean;0
10007;69;74;1;sea;false;ocean;0
10008;9;1;33;sea;true;ocean;0
10009;65;3;93;sea;false;ocean;0
10010;2;22;61;sea;false;ocean;0
10011;27;63;2;sea;false;ocean;0
10012;38;3;87;sea;false;ocean;0
10013;1;4;35;sea;false;ocean;0
10014;36;1;36;sea;false;ocean;0
10015;1;42;8;sea;false;ocean;0
10016;81;48;3;sea;false;ocean;0
10017;3;1;65;sea;false;ocean;0
10018;1;23;38;sea;false;ocean;0
10019;28;1;45;sea;false;ocean;0
10020;28;1;32;sea;false;ocean;0
10021;3;46;68;sea;true;ocean;0
10022;45;10;1;sea;false;ocean;0
10023;41;49;1;sea;false;ocean;0
10024;0;31;51;sea;false;ocean;0
10025;29;1;2;sea;false;ocean;0
10026;32;88;8;sea;false;ocean;0
10027;51;51;1;sea;false;ocean;0
10028;7;1;29;sea;false;ocean;0
10029;7;35;82;sea;false;ocean;0
10030;22;84;6;sea;false;ocean;0
10031;76;72;1;sea;false;ocean;0
10032;24;2;0;sea;false;ocean;0
10033;55;2;20;sea;false;ocean;0
10034;1;49;63;sea;true;ocean;0
10035;85;3;24;sea;false;ocean;0
10036;6;64;1;sea;false;ocean;0
10037;3;0;28;sea;true;ocean;0
10038;0;45;35;sea;true;ocean;0
10039;77;0;16;sea;false;ocean;0
10040;20;56;1;sea;false;ocean;0
10041;3;53;82;sea;false;ocean;0
10042;97;35;2;sea;false;ocean;0
10043;69;39;4;sea;false;ocean;0
10044;3;55;46;sea;false;ocean;0
10045;4;78;51;sea;false;ocean;0
10046;58;68;1;sea;false;ocean;0
10047;2;52;50;sea;false;ocean;0
10048;31;22;0;sea;false;ocean;0
10049;7;88;37;sea;false;ocean;0
10050;15;20;0;sea;false;ocean;0
10051;1;40;12;sea;false;ocean;0
10052;90;76;8;sea;false;ocean;0
10053;93;43;1;sea;false;ocean;0
10054;70;40;5;sea;false;ocean;0
10055;75;7;89;sea;false;ocean;0
10056;1;45;43;sea;false;ocean;0
10057;54;1;42;sea;false;ocean;0
10058;0;56;29;sea;false;ocean;0
10059;48;2;45;sea;false;ocean;0
10060;63;69;0;sea;false;ocean;0
10061;3;30;0;sea;false;ocean;0
10062;39;1;71;sea;false;ocean;0
10063;66;4;7;sea;false;ocean;0
10064;6;75;55;sea;false;ocean;0
10065;27;29;1;sea;false;ocean;0
10066;18;1;59;sea;false;ocean;0
10067;87;68;1;sea;false;ocean;0
10068;37;1;41;sea;true;ocean;0
10069;1;50;53;sea;false;ocean;0
10070;1;46;45;sea;false;ocean;0
10071;84;97;3;sea;false;ocean;0
10072;42;22;1;sea;false;ocean;0
10073;86;8;40;sea;false;ocean;0
10074;1;97;15;sea;false;ocean;0
10075;8;34;1;sea;false;ocean;0
10076;21;92;8;sea;false;ocean;0
10077;2;50;45;sea;false;ocean;0
10078;75;42;6;sea;false;ocean;0
10079;29;0;39;sea;false;ocean;0
10080;0;34;5;sea;true;ocean;0
10081;53;2;16;sea;false;ocean;0
10082;7;20;0;sea;false;ocean;0
10083;18;46;2;sea;false;ocean;0
10084;89;4;67;sea;false;ocean;0
10085;39;1;64;sea;false;ocean;0
10086;34;6;0;sea;false;ocean;0
10087;60;2;57;sea;false;ocean;0
10088;82;7;76;sea;false;ocean;0
10089;38;59;2;sea;false;ocean;0
10090;0;48;32;sea;false;ocean;0
10091;1;16;61;sea;false;ocean;0
10092;0;56;47;sea;false;ocean;0
10093;55;3;86;sea;true;ocean;0
10094;41;17;1;sea;false;ocean;0
10095;63;4;18;sea;false;ocean;0
10096;4;81;44;sea;false;ocean;0
10097;1;55;27;sea;false;ocean;0
10098;2;46;7;sea;false;ocean;0
10099;53;1;16;sea;false;ocean;0
10100;42;3;66;sea;false;ocean;0
10101;51;1;95;sea;false;ocean;0
10102;67;3;25;sea;false;ocean;0
10103;42;2;0;sea;false;ocean;0
10104;80;4;95;sea;false;ocean;0
10105;43;24;1;sea;false;ocean;0
10106;3;0;69;sea;false;ocean;0
10107;0;23;11;sea;false;ocean;0
10108;0;11;25;sea;false;ocean;0
10109;26;1;43;sea;true;ocean;0
10110;0;21;44;sea;false;ocean;0
10111;4;90;86;sea;false;ocean;0
10112;48;5;72;sea;false;ocean;0
10113;13;8;81;sea;false;ocean;0
10114;0;28;5;sea;false;ocean;0
10115;0;3;23;sea;false;ocean;0
10116;69;1;18;sea;false;ocean;0
10117;88;3;14;sea;false;ocean;0
10118;31;31;0;sea;false;ocean;0
10119;4;44;2;sea;false;ocean;0
10120;36;1;54;sea;false;ocean;0
10121;48;43;1;sea;false;ocean;0
10122;29;57;2;sea;false;ocean;0
10123;25;62;3;sea;false;ocean;0
10124;2;45;65;sea;false;ocean;0
10125;29;1;8;sea;true;ocean;0
10126;72;7;77;sea;false;ocean;0
10127;2;47;39;sea;true;ocean;0
10128;83;56;5;sea;false;ocean;0
10129;82;16;7;sea;false;ocean;0
10130;53;38;2;sea;false;ocean;0
10131;4;72;82;sea;false;ocean;0
10132;1;46;31;sea;false;ocean;0
10133;5;1;64;sea;false;ocean;0
10134;5;97;84;sea;true;ocean;0
10135;74;73;1;sea;false;ocean;0
10136;30;37;0;sea;false;ocean;0
10137;1;48;80;sea;false;ocean;0
10138;3;57;16;sea;false;ocean;0
10139;2;50;66;sea;false;ocean;0
10140;6;70;83;sea;true;ocean;0
10141;44;0;20;sea;false;ocean;0
10142;69;17;5;sea;false;ocean;0
10143;1;45;8;sea;false;ocean;0
10144;86;16;8;sea;false;ocean;0
10145;100;32;2;sea;false;ocean;0
10146;3;40;60;sea;false;ocean;0
10147;19;22;0;sea;false;ocean;0
10148;3;81;51;sea;false;ocean;0
10149;73;67;2;sea;false;ocean;0
10150;48;73;3;sea;false;ocean;0
10151;0;61;22;sea;false;ocean;0
10152;2;51;25;sea;false;ocean;0
10153;53;31;2;sea;false;ocean;0
10154;4;62;77;sea;false;ocean;0
10155;43;37;2;sea;false;ocean;0
10156;70;2;9;sea;false;ocean;0
10157;23;0;14;sea;false;ocean;0
10158;25;45;2;sea;false;ocean;0
10159;0;74;97;sea;false;ocean;0
10160;27;2;96;sea;false;ocean;0
10161;1;35;17;sea;false;ocean;0
10162;100;73;1;sea;false;ocean;0
10163;1;65;44;sea;false;ocean;0
10164;4;18;65;sea;false;ocean;0
10165;16;1;30;sea;false;ocean;0
10166;0;0;32;sea;false;ocean;0
10167;90;18;0;sea;false;ocean;0
10168;72;5;39;sea;false;ocean;0
10169;23;0;16;sea;false;ocean;0
10170;0;25;36;sea;false;ocean;0
10171;8;94;23;sea;false;ocean;0
10172;77;56;1;sea;false;ocean;0
10173;1;75;46;sea;false;ocean;0
10174;28;92;7;sea;false;ocean;0
10175;1;8;37;sea;false;ocean;0
10176;15;1;36;sea;false;ocean;0
10177;1;47;6;sea;false;ocean;0
10178;1;97;98;sea;false;ocean;0
10179;50;6;89;sea;false;ocean;0
10180;41;62;1;sea;false;ocean;0
10181;0;23;21;sea;false;ocean;0
10182;1;73;93;sea;false;ocean;0
10183;35;66;2;sea;true;ocean;0
10184;89;48;6;sea;true;ocean;0
10185;28;1;2;sea;false;ocean;0
10186;66;1;82;sea;false;ocean;0
10187;2;78;61;sea;false;ocean;0
10188;42;23;2;sea;false;ocean;0
10189;30;20;0;sea;false;ocean;0
10190;39;41;0;sea;false;ocean;0
10191;1;41;37;sea;false;ocean;0
10192;1;1;27;sea;false;ocean;0
10193;3;93;34;sea;false;ocean;0
10194;65;1;45;sea;true;ocean;0
10195;1;10;37;sea;true;ocean;0
10196;85;56;5;sea;false;ocean;0
10197;3;43;54;sea;false;ocean;0
10198;2;74;94;sea;false;ocean;0
10199;19;3;79;sea;false;ocean;0
10200;1;77;52;sea;false;ocean;0
10201;75;2;54;sea;false;ocean;0
10202;1;42;85;sea;false;ocean;0
10203;60;95;3;sea;false;ocean;0
10204;67;71;5;sea;false;ocean;0
10205;2;18;48;sea;false;ocean;0
10206;0;99;39;sea;false;ocean;0
10207;1;7;41;sea;false;ocean;0
10208;5;82;80;sea;false;ocean;0
10209;69;1;2;sea;false;ocean;0
10210;16;48;0;sea;true;ocean;0
10211;2;63;17;sea;true;ocean;0
10212;11;64;2;sea;false;ocean;0
10213;4;56;61;sea;false;ocean;0
10214;36;1;66;sea;false;ocean;0
10215;27;52;0;sea;false;ocean;0
10216;1;49;23;sea;false;ocean;0
10217;41;2;29;sea;false;ocean;0
10218;90;2;29;sea;false;ocean;0
10219;28;17;1;sea;false;ocean;0
10220;22;1;78;sea;false;ocean;0
10221;44;38;0;sea;false;ocean;0
10222;56;1;25;sea;false;ocean;0
10223;24;0;32;sea;false;ocean;0
10224;23;10;0;sea;true;ocean;0
10225;15;0;32;sea;false;ocean;0
10226;4;80;42;sea;false;ocean;0
10227;0;32;1;sea;true;ocean;0
10228;1;7;50;sea;false;ocean;0
10229;75;94;6;sea;false;ocean;0
10230;57;3;68;sea;false;ocean;0
10231;10;39;1;sea;false;ocean;0
10232;9;0;29;sea;false;ocean;0
10233;90;42;3;sea;false;ocean;0
10234;3;60;76;sea;false;ocean;0
10235;91;2;38;sea;false;ocean;0
10236;35;88;2;sea;false;ocean;0
10237;53;2;48;sea;false;ocean;0
10238;5;60;65;sea;false;ocean;0
10239;20;51;2;sea;false;ocean;0
10240;89;7;45;sea;false;ocean;0
10241;2;66;50;sea;false;ocean;0
10242;43;29;2;sea;false;ocean;0
10243;56;1;9;sea;false;ocean;0
10244;92;7;40;sea;false;ocean;0
10245;58;6;91;sea;false;ocean;0
10246;4;62;53;sea;false;ocean;0
10247;3;58;45;sea;false;ocean;0
10248;7;70;82;sea;false;ocean;0
10249;21;1;29;sea;false;ocean;0
10250;26;1;42;sea;false;ocean;0
10251;0;69;14;sea;false;ocean;0
10252;2;75;75;sea;false;ocean;0
10253;13;59;1;sea;false;ocean;0
10254;85;8;14;sea;false;ocean;0
10255;18;54;3;sea;false;ocean;0
10256;85;42;0;sea;false;ocean;0
10257;56;69;2;sea;false;ocean;0
10258;53;36;1;sea;false;ocean;0
10259;9;92;45;sea;true;ocean;0
10260;57;2;2;sea;false;ocean;0
10261;0;22;19;sea;false;ocean;0
10262;22;52;2;sea;false;ocean;0
10263;4;70;38;sea;false;ocean;0
10264;59;19;2;sea;false;ocean;0
10265;25;5;91;sea;false;ocean;0
10266;80;39;5;sea;false;ocean;0
10267;0;6;70;sea;false;ocean;0
10268;0;26;36;sea;false;ocean;0
10269;87;0;70;sea;false;ocean;0
10270;85;2;19;sea;false;ocean;0
10271;1;69;62;sea;false;ocean;0
10272;3;61;64;sea;false;ocean;0
10273;2;1;30;sea;false;ocean;0
10274;0;37;57;sea;false;ocean;0
10275;1;42;39;sea;false;ocean;0
10276;4;76;34;sea;false;ocean;0
10277;14;53;0;sea;false;ocean;0
10278;0;15;87;sea;false;ocean;0
10279;49;44;0;sea;false;ocean;0
10280;1;30;44;sea;false;ocean;0
10281;43;1;48;sea;false;ocean;0
10282;3;3;65;sea;false;ocean;0
10283;62;1;56;sea;false;ocean;0
10284;75;4;32;sea;false;ocean;0
10285;96;4;62;sea;false;ocean;0
10286;87;45;6;sea;false;ocean;0
10287;1;58;76;sea;false;ocean;0
10288;0;34;22;sea;false;ocean;0
10289;0;21;2;sea;true;ocean;0
10290;83;0;4;sea;false;ocean;0
10291;92;62;9;sea;false;ocean;0
10292;56;52;0;sea;false;ocean;0
10293;28;1;8;sea;false;ocean;0
10294;21;0;12;sea;false;ocean;0
10295;36;4;61;sea;true;ocean;0
10296;0;34;35;sea;false;ocean;0
10297;0;28;49;sea;false;ocean;0
10298;5;1;58;sea;false;ocean;0
10299;50;63;1;sea;false;ocean;0
10300;1;57;98;sea;false;ocean;0
10301;62;96;5;sea;false;ocean;0
10302;2;65;22;sea;false;ocean;0
10303;23;0;5;sea;false;ocean;0
10304;3;33;78;sea;false;ocean;0
10305;15;61;4;sea;false;ocean;0
10306;9;0;33;sea;false;ocean;0
10307;1;50;15;sea;false;ocean;0
10308;31;0;20;sea;false;ocean;0
10309;25;2;53;sea;false;ocean;0
10310;65;4;76;sea;false;ocean;0
10311;27;11;1;sea;false;ocean;0
10312;2;42;33;sea;false;ocean;0
10313;9;4;62;sea;false;ocean;0
10314;0;45;39;sea;false;ocean;0
10315;30;15;1;sea;false;ocean;0
10316;37;81;5;sea;false;ocean;0
10317;0;10;24;sea;false;ocean;0
10318;87;65;6;sea;false;ocean;0
10319;2;29;59;sea;false;ocean;0
10320;14;1;39;sea;false;ocean;0
10321;36;5;95;sea;true;ocean;0
10322;26;0;19;sea;false;ocean;0
10323;82;6;36;sea;false;ocean;0
10324;6;2;56;sea;false;ocean;0
10325;5;42;73;sea;false;ocean;0
10326;90;19;6;sea;false;ocean;0
10327;79;6;64;sea;false;ocean;0
10328;39;1;46;sea;false;ocean;0
10329;6;78;66;sea;false;ocean;0
10330;74;47;0;sea;false;ocean;0
10331;1;45;5;sea;false;ocean;0
10332;1;42;45;sea;false;ocean;0
10333;55;1;3;sea;false;ocean;0
10334;94;3;64;sea;false;ocean;0
10335;32;1;6;sea;false;ocean;0
10336;37;46;1;sea;false;ocean;0
10337;1;35;0;sea;false;ocean;0
10338;0;11;26;sea;false;ocean;0
10339;2;59;34;sea;false;ocean;0
10340;1;90;39;sea;false;ocean;0
10341;79;6;3;sea;false;ocean;0
10342;93;69;3;sea;false;ocean;0
10343;0;8;37;sea;false;ocean;0
10344;48;8;0;sea;false;ocean;0
10345;7;95;26;sea;false;ocean;0
10346;76;6;21;sea;false;ocean;0
10347;89;36;8;sea;false;ocean;0
10348;0;46;19;sea;false;ocean;0
10349;44;2;48;sea;false;ocean;0
10350;66;28;1;sea;false;ocean;0
10351;49;47;1;sea;false;ocean;0
10352;1;32;70;sea;false;ocean;0
10353;2;71;9;sea;false;ocean;0
10354;58;56;1;sea;false;ocean;0
10355;87;83;3;sea;false;ocean;0
10356;3;32;62;sea;false;ocean;0
10357;87;57;9;sea;false;ocean;0
10358;92;3;46;sea;false;ocean;0
10359;26;75;0;sea;false;ocean;0
10360;98;40;2;sea;true;ocean;0
10361;24;79;2;sea;false;ocean;0
10362;72;4;21;sea;false;ocean;0
10363;41;59;2;sea;false;ocean;0
10364;69;3;67;sea;false;ocean;0
10365;4;6;91;sea;false;ocean;0
10366;0;21;86;sea;false;ocean;0
10367;1;21;41;sea;false;ocean;0
10368;21;18;0;sea;true;ocean;0
10369;43;95;5;sea;false;ocean;0
10370;29;1;72;sea;true;ocean;0
10371;2;63;22;sea;false;ocean;0
10372;76;4;63;sea;false;ocean;0
10373;27;4;97;sea;false;ocean;0
10374;0;12;23;sea;false;ocean;0
10375;67;3;75;sea;false;ocean;0
10376;99;3;73;sea;false;ocean;0
10377;78;58;2;sea;true;ocean;0
10378;39;1;38;sea;false;ocean;0
10379;21;2;54;sea;true;ocean;0
10380;7;61;91;sea;false;ocean;0
10381;1;14;74;sea;false;ocean;0
10382;0;21;14;sea;false;ocean;0
10383;26;31;0;sea;false;ocean;0
10384;67;3;4;sea;false;ocean;0
10385;1;18;46;sea;false;ocean;0
10386;27;2;46;sea;true;ocean;0
10387;35;3;93;sea;false;ocean;0
10388;8;68;0;sea;false;ocean;0
10389;47;2;16;sea;false;ocean;0
10390;5;4;78;sea;false;ocean;0
10391;57;27;3;sea;false;ocean;0
10392;6;89;22;sea;false;ocean;0
10393;55;2;87;sea;false;ocean;0
10394;86;6;86;sea;false;ocean;0
10395;76;77;1;sea;false;ocean;0
10396;44;11;2;sea;false;ocean;0
10397;1;60;65;sea;true;ocean;0
10398;27;46;1;sea;false;ocean;0
10399;29;73;4;sea;false;ocean;0
10400;0;8;56;sea;false;ocean;0
10401;2;72;65;sea;false;ocean;0
10402;81;3;16;sea;false;ocean;0
10403;27;86;8;sea;false;ocean;0
10404;40;67;2;sea;false;ocean;0
10405;30;1;16;sea;false;ocean;0
10406;17;65;5;sea;false;ocean;0
10407;0;31;13;sea;false;ocean;0
10408;3;68;74;sea;false;ocean;0
10409;76;30;3;sea;false;ocean;0
10410;1;24;0;sea;false;ocean;0
10411;1;2;29;sea;false;ocean;0
10412;98;70;1;sea;false;ocean;0
10413;100;0;40;sea;false;ocean;0
10414;8;87;31;sea;false;ocean;0
10415;48;0;98;sea;false;ocean;0
10416;8;3;66;sea;false;ocean;0
10417;6;65;4;sea;false;ocean;0
10418;1;27;24;sea;false;ocean;0
10419;76;50;5;sea;false;ocean;0
10420;38;1;6;sea;false;ocean;0
10421;2;6;72;sea;false;ocean;0
10422;30;1;20;sea;false;ocean;0
10423;4;37;0;sea;false;ocean;0
10424;1;32;14;sea;false;ocean;0
10425;65;2;51;sea;false;ocean;0
10426;92;1;47;sea;false;ocean;0
10427;29;7;91;sea;false;ocean;0
10428;0;37;14;sea;true;ocean;0
10429;63;1;31;sea;false;ocean;0
10430;52;35;3;sea;false;ocean;0
10431;34;2;62;sea;false;ocean;0
10432;0;43;13;sea;false;ocean;0
10433;9;0;24;sea;false;ocean;0
10434;66;3;57;sea;false;ocean;0
10435;57;38;2;sea;false;ocean;0
10436;1;31;18;sea;false;ocean;0
10437;0;23;8;sea;false;ocean;0
10438;87;34;9;sea;false;ocean;0
10439;1;38;45;sea;false;ocean;0
10440;2;20;76;sea;false;ocean;0
10441;11;2;52;sea;false;ocean;0
10442;2;46;40;sea;false;ocean;0
10443;76;11;4;sea;false;ocean;0
10444;47;0;75;sea;true;ocean;0
10445;34;1;52;sea;false;ocean;0
10446;2;25;63;sea;false;ocean;0
10447;2;43;0;sea;false;ocean;0
10448;10;0;23;sea;true;ocean;0
10449;0;29;28;sea;false;ocean;0
10450;7;23;0;sea;false;ocean;0
10451;3;61;13;sea;false;ocean;0
10452;2;32;64;sea;false;ocean;0
10453;38;4;83;sea;false;ocean;0
10454;83;7;14;sea;false;ocean;0
10455;45;2;39;sea;false;ocean;0
10456;8;1;36;sea;false;ocean;0
10457;36;92;10;sea;true;ocean;0
10458;32;89;3;sea;false;ocean;0
10459;42;8;86;sea;false;ocean;0
10460;2;8;68;sea;false;ocean;0
10461;79;30;5;sea;false;ocean;0
10462;8;90;42;sea;true;ocean;0
10463;3;35;84;sea;false;ocean;0
10464;1;40;6;sea;false;ocean;0
10465;36;69;2;sea;false;ocean;0
10466;6;79;26;sea;false;ocean;0
10467;42;2;49;sea;false;ocean;0
10468;33;67;3;sea;false;ocean;0
10469;2;50;2;sea;true;ocean;0
10470;6;1;33;sea;false;ocean;0
10471;29;0;3;sea;true;ocean;0
10472;32;0;5;sea;false;ocean;0
10473;2;8;75;sea;false;ocean;0
10474;69;5;59;sea;false;ocean;0
10475;1;100;9;sea;false;ocean;0
10476;5;77;19;sea;false;ocean;0
10477;27;5;74;sea;false;ocean;0
10478;76;72;5;sea;false;ocean;0
10479;57;45;2;sea;false;ocean;0
10480;3;69;62;sea;false;ocean;0
10481;1;5;81;sea;false;ocean;0
10482;1;79;74;sea;false;ocean;0
10483;44;3;85;sea;false;ocean;0
10484;1;20;30;sea;false;ocean;0
10485;52;6;1;sea;false;ocean;0
10486;3;20;74;sea;false;ocean;0
10487;2;58;11;sea;true;ocean;0
10488;96;0;51;sea;false;ocean;0
10489;5;47;65;sea;false;ocean;0
10490;1;60;48;sea;false;ocean;0
10491;15;43;2;sea;false;ocean;0
10492;30;4;74;sea;false;ocean;0
10493;1;16;31;sea;false;ocean;0
10494;44;74;2;sea;false;ocean;0
10495;6;64;72;sea;true;ocean;0
10496;49;1;44;sea;false;ocean;0
10497;33;36;1;sea;false;ocean;0
10498;0;47;41;sea;false;ocean;0
10499;37;0;21;sea;false;ocean;0
10500;3;52;8;sea;false;ocean;0
10501;37;36;1;sea;false;ocean;0
10502;0;37;12;sea;true;ocean;0
10503;37;0;6;sea;false;ocean;0
10504;18;56;0;sea;false;ocean;0
10505;67;2;95;sea;false;ocean;0
10506;29;9;0;sea;false;ocean;0
10507;22;0;15;sea;false;ocean;0
10508;59;26;1;sea;true;ocean;0
10509;39;86;6;sea;false;ocean;0
10510;4;81;87;sea;false;ocean;0
10511;7;2;64;sea;false;ocean;0
10512;65;50;2;sea;false;ocean;0
10513;24;20;0;sea;false;ocean;0
10514;51;1;57;sea;false;ocean;0
10515;64;70;1;sea;false;ocean;0
10516;5;43;81;sea;false;ocean;0
10517;31;23;1;sea;true;ocean;0
10518;57;48;2;sea;true;ocean;0
10519;4;86;89;sea;false;ocean;0
10520;70;5;80;sea;false;ocean;0
10521;25;28;0;sea;false;ocean;0
10522;4;49;2;sea;false;ocean;0
10523;2;2;47;sea;false;ocean;0
10524;64;36;1;sea;false;ocean;0
10525;77;6;77;sea;false;ocean;0
10526;33;29;0;sea;false;ocean;0
10527;57;4;89;sea;false;ocean;0
10528;1;43;9;sea;false;ocean;0
10529;26;0;4;sea;false;ocean;0
10530;3;8;73;sea;false;ocean;0
10531;12;64;4;sea;true;ocean;0
10532;39;78;2;sea;false;ocean;0
10533;85;45;5;sea;false;ocean;0
10534;17;38;0;sea;false;ocean;0
10535;0;13;22;sea;false;ocean;0
10536;25;24;0;sea;false;ocean;0
10537;28;0;19;sea;false;ocean;0
10538;9;31;0;sea;false;ocean;0
10539;16;4;60;sea;false;ocean;0
10540;10;4;70;sea;false;ocean;0
10541;7;84;63;sea;false;ocean;0
10542;77;4;77;sea;false;ocean;0
10543;101;20;0;sea;false;ocean;0
10544;9;1;35;sea;false;ocean;0
10545;0;34;0;sea;false;ocean;0
10546;30;2;46;sea;false;ocean;0
10547;82;8;4;sea;false;ocean;0
10548;72;54;2;sea;false;ocean;0
10549;15;26;0;sea;false;ocean;0
10550;96;21;1;sea;false;ocean;0
10551;59;5;87;sea;false;ocean;0
10552;88;5;33;sea;false;ocean;0
10553;69;1;35;sea;false;ocean;0
10554;33;1;20;sea;false;ocean;0
10555;2;27;61;sea;false;ocean;0
10556;4;83;44;sea;false;ocean;0
10557;48;51;2;sea;false;ocean;0
10558;9;80;4;sea;true;ocean;0
10559;44;0;26;sea;false;ocean;0
10560;26;14;0;sea;false;ocean;0
10561;0;15;84;sea;false;ocean;0
10562;1;35;14;sea;false;ocean;0
10563;28;30;1;sea;false;ocean;0
10564;5;26;95;sea;false;ocean;0
10565;33;49;2;sea;false;ocean;0
10566;27;2;0;sea;false;ocean;0
10567;35;1;11;sea;false;ocean;0
10568;32;70;0;sea;false;ocean;0
10569;27;25;0;sea;false;ocean;0
10570;72;57;2;sea;false;ocean;0
10571;60;82;4;sea;false;ocean;0
10572;25;44;0;sea;false;ocean;0
10573;21;0;5;sea;false;ocean;0
10574;31;3;0;sea;false;ocean;0
10575;2;9;72;sea;false;ocean;0
10576;5;51;88;sea;false;ocean;0
10577;5;69;65;sea;false;ocean;0
10578;41;1;13;sea;false;ocean;0
10579;3;40;71;sea;true;ocean;0
10580;75;35;2;sea;false;ocean;0
10581;0;42;25;sea;false;ocean;0
10582;19;86;3;sea;false;ocean;0
10583;1;49;27;sea;true;ocean;0
10584;86;5;29;sea;false;ocean;0
10585;8;32;1;sea;false;ocean;0
10586;0;37;58;sea;false;ocean;0
10587;63;23;3;sea;false;ocean;0
10588;30;1;5;sea;false;ocean;0
10589;37;0;31;sea;false;ocean;0
10590;1;27;10;sea;false;ocean;0
10591;44;2;2;sea;true;ocean;0
10592;9;52;3;sea;false;ocean;0
10593;0;15;23;sea;false;ocean;0
10594;2;1;37;sea;false;ocean;0
10595;13;62;4;sea;false;ocean;0
10596;10;1;33;sea;false;ocean;0
10597;61;33;2;sea;false;ocean;0
10598;2;21;45;sea;false;ocean;0
10599;0;19;31;sea;false;ocean;0
10600;56;2;35;sea;false;ocean;0
10601;19;46;0;sea;false;ocean;0
10602;63;92;7;sea;false;ocean;0
10603;0;54;6;sea;true;ocean;0
10604;1;26;78;sea;false;ocean;0
10605;2;47;31;sea;false;ocean;0
10606;59;88;4;sea;false;ocean;0
10607;1;9;75;sea;false;ocean;0
10608;0;96;97;sea;true;ocean;0
10609;11;5;70;sea;false;ocean;0
10610;15;33;1;sea;false;ocean;0
10611;40;4;91;sea;false;ocean;0
10612;24;0;2;sea;false;ocean;0
10613;28;53;1;sea;false;ocean;0
10614;8;1;92;sea;false;ocean;0
10615;47;35;2;sea;false;ocean;0
10616;53;0;18;sea;false;ocean;0
10617;20;2;43;sea;false;ocean;0
10618;36;90;0;sea;false;ocean;0
10619;36;1;17;sea;false;ocean;0
10620;75;64;4;sea;false;ocean;0
10621;72;6;77;sea;false;ocean;0
10622;35;4;74;sea;false;ocean;0
10623;29;4;70;sea;false;ocean;0
10624;35;0;14;sea;true;ocean;0
10625;6;4;63;sea;false;ocean;0
10626;2;26;59;sea;false;ocean;0
10627;13;0;39;sea;false;ocean;0
10628;21;61;3;sea;false;ocean;0
10629;2;48;43;sea;false;ocean;0
10630;6;91;52;sea;false;ocean;0
10631;10;84;2;sea;false;ocean;0
10632;4;44;63;sea;false;ocean;0
10633;24;57;1;sea;false;ocean;0
10634;0;15;37;sea;false;ocean;0
10635;8;1;59;sea;false;ocean;0
10636;0;38;11;sea;false;ocean;0
10637;8;55;0;sea;false;ocean;0
10638;18;2;71;sea;false;ocean;0
10639;2;40;46;sea;false;ocean;0
10640;88;34;0;sea;true;ocean;0
10641;93;0;91;sea;false;ocean;0
10642;14;50;1;sea;false;ocean;0
10643;1;33;82;sea;false;ocean;0
10644;67;28;2;sea;false;ocean;0
10645;40;1;33;sea;false;ocean;0
10646;5;1;26;sea;false;ocean;0
10647;96;33;5;sea;false;ocean;0
10648;2;6;48;sea;false;ocean;0
10649;20;0;22;sea;false;ocean;0
10650;1;70;74;sea;false;ocean;0
10651;0;65;94;sea;false;ocean;0
10652;14;38;1;sea;false;ocean;0
10653;2;61;86;sea;false;ocean;0
10654;2;27;39;sea;false;ocean;0
10655;8;4;91;sea;false;ocean;0
10656;2;6;82;sea;false;ocean;0
10657;12;3;54;sea;false;ocean;0
10658;92;82;9;sea;false;ocean;0
10659;10;1;41;sea;false;ocean;0
10660;98;20;4;sea;true;ocean;0
10661;36;96;5;sea;false;ocean;0
10662;15;3;82;sea;false;ocean;0
10663;53;39;3;sea;false;ocean;0
10664;6;32;1;sea;false;ocean;0
10665;66;28;3;sea;false;ocean;0
10666;61;47;3;sea;false;ocean;0
10667;40;1;31;sea;true;ocean;0
10668;0;38;12;sea;false;ocean;0
10669;0;32;20;sea;false;ocean;0
10670;92;8;45;sea;false;ocean;0
10671;79;5;18;sea;false;ocean;0
10672;43;24;2;sea;false;ocean;0
10673;1;38;46;sea;true;ocean;0
10674;5;47;72;sea;false;ocean;0
10675;2;71;21;sea;false;ocean;0
10676;24;2;63;sea;false;ocean;0
10677;28;99;1;sea;false;ocean;0
10678;70;45;4;sea;false;ocean;0
10679;90;5;16;sea;false;ocean;0
10680;2;27;73;sea;false;ocean;0
10681;11;21;0;sea;false;ocean;0
10682;87;66;4;sea;false;ocean;0
10683;67;5;3;sea;false;ocean;0
10684;0;59;46;sea;false;ocean;0
10685;21;1;34;sea;false;ocean;0
10686;1;61;50;sea;false;lakes;0
10687;16;1;29;sea;false;ocean;0
10688;0;24;23;sea;false;ocean;0
10689;3;49;35;sea;false;ocean;0
10690;3;54;69;sea;false;ocean;0
10691;36;5;92;sea;false;ocean;0
10692;33;32;1;sea;false;ocean;0
10693;88;35;7;sea;false;ocean;0
10694;21;82;3;sea;false;ocean;0
10695;77;83;1;sea;false;ocean;0
10696;5;32;0;sea;false;ocean;0
10697;1;66;45;sea;false;ocean;0
10698;1;23;36;sea;false;ocean;0
10699;1;56;45;sea;false;ocean;0
10700;36;3;59;sea;false;ocean;0
10701;29;63;4;sea;false;ocean;0
10702;12;0;24;sea;false;ocean;0
10703;19;0;21;sea;false;ocean;0
10704;6;43;77;sea;false;ocean;0
10705;72;5;86;sea;false;ocean;0
10706;0;12;35;sea;false;ocean;0
10707;39;39;1;sea;false;ocean;0
10708;64;5;72;sea;false;ocean;0
10709;0;10;63;sea;false;ocean;0
10710;5;76;32;sea;false;ocean;0
10711;2;28;53;sea;false;ocean;0
10712;68;35;1;sea;false;ocean;0
10713;31;0;39;sea;true;ocean;0
10714;81;95;5;sea;false;ocean;0
10715;4;76;48;sea;false;ocean;0
10716;1;78;1;sea;false;ocean;0
10717;51;26;2;sea;false;ocean;0
10718;4;95;3;sea;false;ocean;0
10719;38;3;53;sea;false;ocean;0
10720;70;4;32;sea;false;ocean;0
10721;26;62;3;sea;false;ocean;0
10722;0;9;31;sea;false;ocean;0
10723;9;23;0;sea;false;ocean;0
10724;13;5;72;sea;true;ocean;0
10725;4;16;92;sea;false;ocean;0
10726;0;33;12;sea;false;ocean;0
10727;84;9;91;sea;false;ocean;0
10728;76;6;25;sea;false;ocean;0
10729;14;30;1;sea;false;ocean;0
10730;1;85;71;sea;false;ocean;0
10731;6;29;95;sea;false;ocean;0
10732;32;1;87;sea;false;ocean;0
10733;49;1;26;sea;false;ocean;0
10734;1;19;27;sea;false;ocean;0
10735;4;70;24;sea;false;ocean;0
10736;1;16;55;sea;false;ocean;0
10737;18;20;0;sea;false;ocean;0
10738;0;21;7;sea;true;ocean;0
10739;7;48;1;sea;false;ocean;0
10740;3;54;75;sea;false;ocean;0
10741;0;2;37;sea;false;ocean;0
10742;77;4;29;sea;false;ocean;0
10743;50;80;6;sea;false;ocean;0
10744;0;22;26;sea;false;ocean;0
10745;8;4;90;sea;false;ocean;0
10746;65;71;5;sea;false;ocean;0
10747;0;23;16;sea;false;ocean;0
10748;28;1;25;sea;true;ocean;0
10749;28;0;23;sea;true;ocean;0
10750;80;2;40;sea;false;ocean;0
10751;3;0;38;sea;false;ocean;0
10752;88;3;73;sea;false;ocean;0
10753;19;49;1;sea;false;ocean;0
10754;33;23;1;sea;false;ocean;0
10755;30;0;10;sea;false;ocean;0
10756;44;29;1;sea;false;ocean;0
10757;23;2;58;sea;false;ocean;0
10758;44;0;72;sea;false;ocean;0
10759;19;1;70;sea;false;ocean;0
10760;6;79;10;sea;false;ocean;0
10761;21;7;0;sea;true;ocean;0
10762;42;59;2;sea;false;ocean;0
10763;62;84;6;sea;false;ocean;0
10764;1;33;41;sea;false;ocean;0
10765;3;54;51;sea;false;ocean;0
10766;3;60;96;sea;false;ocean;0
10767;55;1;17;sea;false;ocean;0
10768;62;1;39;sea;false;ocean;0
10769;55;49;1;sea;true;ocean;0
10770;94;36;0;sea;false;ocean;0
10771;0;17;22;sea;false;ocean;0
10772;3;34;51;sea;true;ocean;0
10773;8;0;21;sea;false;ocean;0
10774;0;87;87;sea;false;ocean;0
10775;0;61;39;sea;false;ocean;0
10776;72;1;74;sea;false;ocean;0
10777;78;92;4;sea;false;ocean;0
10778;15;1;27;sea;false;ocean;0
10779;40;37;0;sea;false;ocean;0
10780;2;84;66;sea;false;ocean;0
10781;79;5;49;sea;true;ocean;0
10782;20;0;30;sea;false;ocean;0
10783;39;0;70;sea;false;ocean;0
10784;80;87;0;sea;false;ocean;0
10785;18;4;62;sea;false;ocean;0
10786;1;44;31;sea;false;ocean;0
10787;1;19;30;sea;false;ocean;0
10788;26;5;82;sea;true;ocean;0
10789;64;1;75;sea;false;ocean;0
10790;0;35;27;sea;false;ocean;0
10791;54;2;59;sea;false;ocean;0
10792;73;4;82;sea;false;ocean;0
10793;7;84;62;sea;false;ocean;0
10794;3;50;19;sea;false;ocean;0
10795;28;0;2;sea;false;ocean;0
10796;77;5;9;sea;false;ocean;0
10797;38;30;1;sea;false;ocean;0
10798;57;74;4;sea;true;ocean;0
10799;66;7;80;sea;false;ocean;0
10800;11;3;94;sea;false;ocean;0
10801;2;41;16;sea;false;ocean;0
10802;4;93;21;sea;false;ocean;0
10803;42;73;4;sea;false;ocean;0
10804;71;6;6;sea;false;ocean;0
10805;17;0;35;sea;false;ocean;0
10806;37;52;2;sea;false;ocean;0
10807;14;75;4;sea;true;ocean;0
10808;2;33;93;sea;true;ocean;0
10809;13;43;1;sea;false;ocean;0
10810;31;1;7;sea;false;ocean;0
10811;41;3;83;sea;false;ocean;0
10812;3;57;6;sea;false;ocean;0
10813;69;78;5;sea;false;ocean;0
10814;1;39;21;sea;true;ocean;0
10815;9;1;51;sea;false;ocean;0
10816;22;55;1;sea;false;ocean;0
10817;0;27;25;sea;false;ocean;0
10818;46;19;1;sea;false;ocean;0
10819;1;19;31;sea;false;ocean;0
10820;87;81;5;sea;false;ocean;0
10821;3;13;59;sea;false;ocean;0
10822;0;4;25;sea;false;ocean;0
10823;1;50;83;sea;false;ocean;0
10824;14;0;59;sea;true;ocean;0
10825;1;56;48;sea;true;ocean;0
10826;22;11;0;sea;true;ocean;0
10827;0;23;0;sea;false;ocean;0
10828;0;101;36;sea;true;ocean;0
10829;63;3;40;sea;false;ocean;0
10830;88;2;14;sea;false;ocean;0
10831;71;3;72;sea;false;ocean;0
10832;1;33;21;sea;false;ocean;0
10833;7;39;1;sea;false;ocean;0
10834;0;62;41;sea;false;ocean;0
10835;74;1;69;sea;true;ocean;0
10836;36;41;1;sea;false;ocean;0
10837;2;31;66;sea;false;ocean;0
10838;53;24;3;sea;false;ocean;0
10839;25;0;22;sea;false;ocean;0
10840;51;4;76;sea;false;ocean;0
10841;62;64;3;sea;false;ocean;0
10842;1;31;10;sea;false;ocean;0
10843;75;0;46;sea;false;ocean;0
10844;21;3;0;sea;false;ocean;0
10845;1;40;23;sea;false;ocean;0
10846;24;3;1;sea;true;ocean;0
10847;62;17;2;sea;false;ocean;0
10848;13;2;58;sea;false;ocean;0
10849;21;1;31;sea;false;ocean;0
10850;1;30;27;sea;false;ocean;0
10851;64;3;71;sea;false;ocean;0
10852;1;11;37;sea;false;ocean;0
10853;1;34;59;sea;false;ocean;0
10854;30;93;4;sea;false;ocean;0
10855;35;0;12;sea;false;ocean;0
10856;64;68;2;sea;true;ocean;0
10857;1;14;26;sea;false;ocean;0
10858;42;23;0;sea;false;ocean;0
10859;32;0;6;sea;false;ocean;0
10860;23;2;42;sea;false;ocean;0
10861;25;0;23;sea;false;ocean;0
10862;27;40;1;sea;false;ocean;0
10863;25;1;26;sea;false;ocean;0
10864;67;94;5;sea;true;ocean;0
10865;4;78;68;sea;true;ocean;0
10866;22;4;95;sea;false;ocean;0
10867;58;1;9;sea;false;ocean;0
10868;41;0;18;sea;false;ocean;0
10869;95;6;44;sea;false;ocean;0
10870;7;52;79;sea;false;ocean;0
10871;31;1;42;sea;false;ocean;0
10872;1;81;6;sea;true;ocean;0
10873;9;10;89;sea;false;ocean;0
10874;0;25;13;sea;true;ocean;0
10875;37;35;1;sea;false;ocean;0
10876;33;1;41;sea;false;ocean;0
10877;35;53;2;sea;false;ocean;0
10878;11;0;22;sea;false;ocean;0
10879;2;33;48;sea;false;ocean;0
10880;22;9;0;sea;false;ocean;0
10881;7;29;0;sea;false;ocean;0
10882;57;43;1;sea;false;ocean;0
10883;1;36;47;sea;false;ocean;0
10884;1;52;10;sea;false;ocean;0
10885;94;7;46;sea;false;ocean;0
10886;0;14;47;sea;false;ocean;0
10887;0;32;10;sea;false;ocean;0
10888;0;5;30;sea;false;ocean;0
10889;96;30;5;sea;false;ocean;0
10890;35;0;1;sea;false;ocean;0
10891;18;1;37;sea;false;ocean;0
10892;0;86;29;sea;false;ocean;0
10893;91;5;95;sea;false;ocean;0
10894;31;2;50;sea;false;ocean;0
10895;67;45;3;sea;false;ocean;0
10896;78;0;41;sea;false;ocean;0
10897;44;0;25;sea;false;ocean;0
10898;11;75;3;sea;false;ocean;0
10899;4;61;22;sea;false;ocean;0
10900;68;56;2;sea;false;ocean;0
10901;91;61;5;sea;false;ocean;0
10902;20;1;29;sea;false;ocean;0
10903;26;90;0;sea;false;ocean;0
10904;63;1;18;sea;false;ocean;0
10905;13;5;76;sea;false;ocean;0
10906;34;38;1;sea;false;ocean;0
10907;3;62;13;sea;false;ocean;0
10908;1;26;0;sea;true;ocean;0
10909;32;4;84;sea;false;ocean;0
10910;3;9;73;sea;true;ocean;0
10911;84;59;2;sea;false;ocean;0
10912;16;5;76;sea;false;ocean;0
10913;4;38;64;sea;false;ocean;0
10914;87;37;7;sea;true;ocean;0
10915;0;22;15;sea;false;ocean;0
10916;70;4;40;sea;true;ocean;0
10917;61;80;2;sea;false;ocean;0
10918;95;62;3;sea;false;ocean;0
10919;13;28;0;sea;false;ocean;0
10920;13;0;34;sea;true;ocean;0
10921;62;80;2;sea;false;ocean;0
10922;30;0;24;sea;false;ocean;0
10923;23;1;57;sea;false;ocean;0
10924;31;3;1;sea;false;ocean;0
10925;4;62;7;sea;false;ocean;0
10926;78;7;85;sea;true;ocean;0
10927;39;44;2;sea;false;ocean;0
10928;1;20;56;sea;false;ocean;0
10929;1;32;12;sea;false;ocean;0
10930;6;1;52;sea;true;ocean;0
10931;82;6;29;sea;true;ocean;0
10932;45;3;53;sea;false;ocean;0
10933;24;0;10;sea;true;ocean;0
10934;1;34;20;sea;false;ocean;0
10935;46;39;1;sea;false;ocean;0
10936;3;18;71;sea;false;ocean;0
10937;26;68;4;sea;false;ocean;0
10938;33;29;1;sea;true;ocean;0
10939;1;57;28;sea;false;ocean;0
10940;1;88;57;sea;false;ocean;0
10941;8;0;27;sea;false;ocean;0
10942;27;1;43;sea;false;ocean;0
10943;40;2;58;sea;false;ocean;0
10944;20;5;82;sea;false;ocean;0
10945;44;2;56;sea;false;ocean;0
10946;0;46;20;sea;false;ocean;0
10947;2;50;31;sea;false;ocean;0
10948;12;0;22;sea;false;ocean;0
10949;29;3;94;sea;false;ocean;0
10950;60;3;26;sea;false;ocean;0
10951;53;86;8;sea;false;ocean;0
10952;0;89;37;sea;false;ocean;0
10953;1;22;38;sea;false;ocean;0
10954;61;33;3;sea;false;ocean;0
10955;80;83;7;sea;false;ocean;0
10956;2;46;4;sea;false;ocean;0
10957;43;32;1;sea;false;ocean;0
10958;3;61;11;sea;false;ocean;0
10959;59;64;1;sea;false;ocean;0
10960;46;3;1;sea;false;ocean;0
10961;1;46;44;sea;false;ocean;0
10962;56;3;25;sea;false;ocean;0
10963;4;30;86;sea;false;ocean;0
10964;2;16;63;sea;false;ocean;0
10965;36;1;0;sea;false;ocean;0
10966;1;30;3;sea;false;ocean;0
10967;53;25;1;sea;true;ocean;0
10968;3;7;62;sea;false;ocean;0
10969;29;70;5;sea;false;ocean;0
10970;1;35;22;sea;false;ocean;0
10971;40;1;19;sea;false;ocean;0
10972;45;26;1;sea;false;ocean;0
10973;35;73;4;sea;false;ocean;0
10974;2;42;61;sea;false;ocean;0
10975;60;2;2;sea;false;ocean;0
10976;82;20;2;sea;false;ocean;0
10977;63;62;1;sea;false;ocean;0
10978;26;53;2;sea;false;ocean;0
10979;3;33;94;sea;false;ocean;0
10980;1;30;31;sea;false;ocean;0
10981;55;50;2;sea;false;ocean;0
10982;63;2;23;sea;false;ocean;0
10983;87;96;6;sea;false;ocean;0
10984;9;52;2;sea;false;ocean;0
10985;8;0;55;sea;false;ocean;0
10986;48;2;18;sea;false;ocean;0
10987;2;67;87;sea;false;ocean;0
10988;0;18;21;sea;true;ocean;0
10989;76;69;1;sea;false;ocean;0
10990;17;0;32;sea;false;ocean;0
10991;4;5;85;sea;false;ocean;0
10992;1;8;62;sea;false;ocean;0
10993;74;3;5;sea;false;ocean;0
10994;2;14;84;sea;false;ocean;0
10995;77;27;4;sea;true;ocean;0
10996;36;33;0;sea;false;ocean;0
10997;41;1;5;sea;false;ocean;0
10998;17;85;7;sea;false;ocean;0
10999;49;40;2;sea;true;ocean;0
11000;23;1;52;sea;true;ocean;0
11001;40;21;2;sea;false;ocean;0
11002;1;44;45;sea;false;ocean;0
11003;1;30;58;sea;false;ocean;0
11004;0;26;59;sea;false;ocean;0
11005;1;32;1;sea;true;ocean;0
11006;21;67;5;sea;false;ocean;0
11007;35;1;1;sea;false;ocean;0
11008;6;89;44;sea;false;ocean;0
11009;61;4;96;sea;false;ocean;0
11010;7;24;0;sea;false;ocean;0
11011;74;57;5;sea;false;ocean;0
11012;8;30;83;sea;false;ocean;0
11013;3;98;67;sea;false;ocean;0
11014;0;14;24;sea;false;ocean;0
11015;31;1;5;sea;false;ocean;0
11016;10;25;0;sea;false;ocean;0
11017;33;2;50;sea;false;ocean;0
11018;0;10;25;sea;false;ocean;0
11019;0;13;36;sea;true;ocean;0
11020;21;74;5;sea;false;ocean;0
11021;5;46;91;sea;false;ocean;0
11022;2;83;54;sea;false;ocean;0
11023;10;6;77;sea;true;ocean;0
11024;0;40;30;sea;true;ocean;0
11025;45;65;2;sea;false;ocean;0
11026;20;6;0;sea;false;ocean;0
11027;65;5;77;sea;false;ocean;0
11028;26;87;7;sea;false;ocean;0
11029;76;3;77;sea;false;ocean;0
11030;13;4;84;sea;false;ocean;0
11031;0;3;27;sea;false;ocean;0
11032;31;58;2;sea;false;ocean;0
11033;99;78;0;sea;false;ocean;0
11034;1;29;39;sea;false;ocean;0
11035;72;5;59;sea;true;ocean;0
11036;7;44;81;sea;false;ocean;0
11037;54;16;2;sea;false;ocean;0
11038;70;78;5;sea;false;ocean;0
11039;8;89;21;sea;false;ocean;0
11040;51;56;1;sea;false;ocean;0
11041;39;0;0;sea;false;ocean;0
11042;8;59;2;sea;false;ocean;0
11043;43;2;4;sea;false;ocean;0
11044;3;57;47;sea;false;ocean;0
11045;0;15;44;sea;false;ocean;0
11046;1;12;51;sea;false;ocean;0
11047;1;79;16;sea;false;ocean;0
11048;51;12;2;sea;true;ocean;0
11049;23;86;0;sea;false;ocean;0
11050;63;3;41;sea;false;ocean;0
11051;1;41;24;sea;false;ocean;0
11052;81;84;8;sea;false;ocean;0
11053;30;1;30;sea;false;ocean;0
11054;60;1;2;sea;false;ocean;0
11055;63;31;3;sea;false;ocean;0
11056;83;1;10;sea;false;ocean;0
11057;7;1;33;sea;false;ocean;0
11058;33;26;0;sea;false;ocean;0
11059;1;24;31;sea;false;ocean;0
11060;55;19;0;sea;false;ocean;0
11061;2;81;17;sea;false;ocean;0
11062;1;34;61;sea;false;ocean;0
11063;30;1;62;sea;false;ocean;0
11064;0;12;39;sea;false;ocean;0
11065;46;61;1;sea;false;ocean;0
11066;36;4;73;sea;false;ocean;0
11067;1;24;44;sea;false;ocean;0
11068;2;27;47;sea;false;ocean;0
11069;12;0;26;sea;false;ocean;0
11070;22;12;0;sea;false;ocean;0
11071;4;36;65;sea;true;ocean;0
11072;1;46;38;sea;false;ocean;0
11073;59;69;1;sea;false;ocean;0
11074;64;1;85;sea;false;ocean;0
11075;37;26;1;sea;false;ocean;0
11076;37;53;1;sea;true;ocean;0
11077;79;57;2;sea;false;ocean;0
11078;2;60;27;sea;false;ocean;0
11079;23;6;89;sea;false;ocean;0
11080;4;50;3;sea;false;ocean;0
11081;4;92;35;sea;false;ocean;0
11082;96;2;38;sea;false;ocean;0
11083;17;1;43;sea;false;ocean;0
11084;0;29;5;sea;false;ocean;0
11085;35;37;0;sea;false;ocean;0
11086;58;35;2;sea;false;ocean;0
11087;62;2;27;sea;false;ocean;0
11088;84;1;16;sea;true;ocean;0
11089;23;25;0;sea;false;ocean;0
11090;0;49;31;sea;false;ocean;0
11091;73;3;29;sea;false;ocean;0
11092;7;32;0;sea;false;ocean;0
11093;38;7;1;sea;false;ocean;0
11094;25;92;0;sea;false;ocean;0
11095;6;85;87;sea;false;ocean;0
11096;5;93;54;sea;false;ocean;0
11097;42;8;1;sea;false;ocean;0
11098;12;1;50;sea;false;ocean;0
11099;36;29;1;sea;false;ocean;0
11100;6;76;29;sea;false;ocean;0
11101;21;14;0;sea;false;ocean;0
11102;39;0;28;sea;true;ocean;0
11103;25;33;1;sea;false;ocean;0
11104;56;22;1;sea;false;ocean;0
11105;6;83;56;sea;true;ocean;0
11106;4;43;65;sea;false;ocean;0
11107;29;2;51;sea;false;ocean;0
11108;67;1;43;sea;false;ocean;0
11109;3;98;14;sea;false;ocean;0
11110;1;27;3;sea;false;ocean;0
11111;2;14;43;sea;false;ocean;0
11112;48;38;1;sea;false;ocean;0
11113;100;17;2;sea;false;ocean;0
11114;0;24;2;sea;false;ocean;0
11115;0;4;24;sea;false;ocean;0
11116;10;90;36;sea;false;ocean;0
11117;91;44;6;sea;false;ocean;0
11118;0;59;35;sea;false;ocean;0
11119;0;78;79;sea;true;ocean;0
11120;45;41;1;sea;false;ocean;0
11121;79;7;3;sea;false;ocean;0
11122;12;1;46;sea;false;ocean;0
11123;33;30;1;sea;false;ocean;0
11124;26;1;1;sea;true;ocean;0
11125;50;7;79;sea;false;ocean;0
11126;26;0;10;sea;false;ocean;0
11127;47;24;2;sea;false;ocean;0
11128;8;51;1;sea;false;ocean;0
11129;77;0;83;sea;false;ocean;0
11130;98;220;165;land;false;plains;1
11131;34;3;69;sea;false;ocean;0
11132;0;31;25;sea;true;ocean;0
11133;28;6;89;sea;false;ocean;0
11134;1;61;12;sea;false;ocean;0
11135;79;2;65;sea;false;ocean;0
11136;15;1;26;sea;true;ocean;0
11137;9;50;2;sea;false;ocean;0
11138;51;3;72;sea;true;ocean;0
11139;0;2;25;sea;false;ocean;0
11140;89;7;81;sea;false;ocean;0
11141;81;3;73;sea;false;ocean;0
11142;5;22;75;sea;true;ocean;0
11143;19;2;91;sea;false;ocean;0
11144;0;39;32;sea;true;ocean;0
11145;87;1;61;sea;false;ocean;0
11146;15;4;93;sea;true;ocean;0
11147;54;4;87;sea;false;ocean;0
11148;16;0;55;sea;false;ocean;0
11149;82;2;11;sea;false;ocean;0
11150;87;38;5;sea;false;ocean;0
11151;0;54;5;sea;true;ocean;0
11152;23;0;28;sea;false;ocean;0
11153;70;2;35;sea;true;ocean;0
11154;42;27;1;sea;false;ocean;0
11155;4;51;65;sea;true;ocean;0
11156;1;17;46;sea;false;ocean;0
11157;81;57;5;sea;false;ocean;0
11158;88;83;1;sea;false;ocean;0
11159;21;26;0;sea;false;ocean;0
11160;33;0;52;sea;false;ocean;0
11161;58;3;71;sea;false;ocean;0
11162;38;36;1;sea;false;ocean;0
11163;46;73;5;sea;false;ocean;0
11164;0;45;16;sea;false;ocean;0
11165;20;0;42;sea;false;ocean;0
11166;2;14;52;sea;false;ocean;0
11167;16;67;2;sea;false;ocean;0
11168;1;39;13;sea;false;ocean;0
11169;65;12;4;sea;false;ocean;0
11170;92;36;1;sea;true;ocean;0
11171;44;15;2;sea;false;ocean;0
11172;4;54;3;sea;true;ocean;0
11173;65;0;70;sea;false;ocean;0
11174;2;99;2;sea;false;ocean;0
11175;4;6;59;sea;false;ocean;0
11176;37;28;1;sea;false;ocean;0
11177;3;72;1;sea;false;ocean;0
11178;48;46;1;sea;false;ocean;0
11179;3;1;48;sea;false;ocean;0
11180;55;1;76;sea;false;ocean;0
11181;27;1;36;sea;false;ocean;0
11182;2;64;28;sea;false;ocean;0
11183;49;5;83;sea;false;ocean;0
11184;4;39;88;sea;true;ocean;0
11185;1;0;27;sea;false;ocean;0
11186;0;63;49;sea;false;ocean;0
11187;12;50;1;sea;false;ocean;0
11188;75;99;2;sea;false;ocean;0
11189;2;56;2;sea;false;ocean;0
11190;4;0;21;sea;false;ocean;0
11191;32;0;20;sea;false;ocean;0
11192;86;6;7;sea;false;ocean;0
11193;6;83;69;sea;false;ocean;0
11194;56;13;1;sea;false;ocean;0
11195;83;7;12;sea;false;ocean;0
11196;10;2;48;sea;false;ocean;0
11197;42;0;28;sea;false;ocean;0
11198;98;2;33;sea;false;ocean;0
11199;2;79;11;sea;false;ocean;0
11200;7;30;87;sea;false;ocean;0
11201;61;91;4;sea;false;ocean;0
11202;5;97;49;sea;false;ocean;0
11203;80;2;61;sea;true;ocean;0
11204;3;81;52;sea;false;ocean;0
11205;7;77;34;sea;true;ocean;0
11206;38;0;21;sea;false;ocean;0
11207;0;50;1;sea;true;ocean;0
11208;52;72;2;sea;false;ocean;0
11209;3;60;54;sea;false;ocean;0
11210;33;0;13;sea;false;ocean;0
11211;1;3;54;sea;false;ocean;0
11212;30;0;23;sea;true;ocean;0
11213;43;13;1;sea;false;ocean;0
11214;0;36;6;sea;false;ocean;0
11215;1;34;15;sea;false;ocean;0
11216;1;33;12;sea;false;ocean;0
11217;5;76;7;sea;false;ocean;0
11218;57;1;41;sea;false;ocean;0
11219;24;37;1;sea;false;ocean;0
11220;34;0;37;sea;false;ocean;0
11221;21;2;83;sea;false;ocean;0
11222;57;18;3;sea;false;ocean;0
11223;8;93;42;sea;false;ocean;0
11224;77;6;39;sea;true;ocean;0
11225;3;4;62;sea;false;ocean;0
11226;26;0;3;sea;false;ocean;0
11227;0;2;39;sea;false;ocean;0
11228;3;58;93;sea;false;ocean;0
11229;34;88;4;sea;false;ocean;0
11230;27;0;72;sea;false;ocean;0
11231;92;7;84;sea;false;ocean;0
11232;15;0;75;sea;true;ocean;0
11233;3;33;65;sea;false;ocean;0
11234;5;26;73;sea;true;ocean;0
11235;2;82;51;sea;false;ocean;0
11236;32;0;7;sea;false;ocean;0
11237;0;9;51;sea;false;ocean;0
11238;60;58;0;sea;false;ocean;0
11239;86;50;2;sea;false;ocean;0
11240;84;3;33;sea;false;ocean;0
11241;1;19;43;sea;false;ocean;0
11242;28;9;0;sea;false;ocean;0
11243;0;23;26;sea;false;ocean;0
11244;3;61;35;sea;false;ocean;0
11245;5;71;54;sea;false;ocean;0
11246;62;23;4;sea;false;ocean;0
11247;7;84;38;sea;false;ocean;0
11248;60;70;0;sea;false;ocean;0
11249;5;2;61;sea;false;ocean;0
11250;71;8;85;sea;true;ocean;0
11251;72;3;44;sea;false;ocean;0
11252;39;1;9;sea;false;ocean;0
11253;75;7;6;sea;false;ocean;0
11254;7;76;92;sea;false;ocean;0
11255;67;3;12;sea;false;ocean;0
11256;0;80;30;sea;false;ocean;0
11257;6;83;40;sea;false;ocean;0
11258;0;42;50;sea;false;ocean;0
11259;64;5;68;sea;false;ocean;0
11260;56;5;3;sea;false;ocean;0
11261;102;0;88;sea;false;ocean;0
11262;82;79;1;sea;false;ocean;0
11263;36;87;3;sea;false;ocean;0
11264;50;51;2;sea;true;ocean;0
11265;48;0;52;sea;false;ocean;0
11266;5;72;48;sea;false;ocean;0
11267;36;2;66;sea;true;ocean;0
11268;1;16;26;sea;false;ocean;0
11269;2;3;79;sea;false;ocean;0
11270;1;45;36;sea;false;ocean;0
11271;3;55;43;sea;true;ocean;0
11272;23;2;0;sea;false;ocean;0
11273;1;71;11;sea;false;ocean;0
11274;10;0;37;sea;false;ocean;0
11275;26;1;6;sea;false;ocean;0
11276;1;43;20;sea;false;ocean;0
11277;65;2;59;sea;false;ocean;0
11278;1;95;23;sea;false;ocean;0
11279;0;17;24;sea;false;ocean;0
11280;45;0;15;sea;false;ocean;0
11281;53;2;29;sea;false;ocean;0
11282;53;1;52;sea;false;ocean;0
11283;30;18;0;sea;false;ocean;0
11284;54;1;63;sea;false;ocean;0
11285;1;32;22;sea;false;ocean;0
11286;90;1;88;sea;true;ocean;0
11287;59;1;16;sea;false;ocean;0
11288;23;0;46;sea;false;ocean;0
11289;80;40;6;sea;false;ocean;0
11290;4;80;48;sea;false;ocean;0
11291;42;3;82;sea;true;ocean;0
11292;1;63;19;sea;false;ocean;0
11293;1;49;61;sea;false;ocean;0
11294;32;93;1;sea;false;ocean;0
11295;30;5;0;sea;false;ocean;0
11296;86;39;4;sea;false;ocean;0
11297;91;2;36;sea;false;ocean;0
11298;57;1;12;sea;false;ocean;0
11299;92;13;5;sea;false;ocean;0
11300;34;8;0;sea;false;ocean;0
11301;6;20;90;sea;false;ocean;0
11302;2;15;76;sea;false;ocean;0
11303;37;2;44;sea;true;ocean;0
11304;59;86;3;sea;false;ocean;0
11305;59;78;1;sea;true;ocean;0
11306;78;4;34;sea;false;ocean;0
11307;61;35;2;sea;false;ocean;0
11308;6;7;75;sea;false;ocean;0
11309;1;25;15;sea;false;ocean;0
11310;5;76;9;sea;false;ocean;0
11311;2;36;71;sea;false;ocean;0
11312;91;8;7;sea;true;ocean;0
11313;7;20;85;sea;true;ocean;0
11314;0;21;1;sea;true;ocean;0
11315;37;50;3;sea;false;ocean;0
11316;51;0;46;sea;true;ocean;0
11317;79;50;7;sea;false;ocean;0
11318;1;34;5;sea;false;ocean;0
11319;1;40;34;sea;false;ocean;0
11320;19;5;68;sea;false;ocean;0
11321;24;0;18;sea;false;ocean;0
11322;2;54;23;sea;false;ocean;0
11323;82;94;7;sea;false;ocean;0
11324;15;31;0;sea;false;ocean;0
11325;1;19;41;sea;false;ocean;0
11326;26;1;52;sea;false;ocean;0
11327;2;47;53;sea;false;ocean;0
11328;88;8;91;sea;false;ocean;0
11329;0;80;40;sea;false;ocean;0
11330;13;2;54;sea;false;ocean;0
11331;94;55;2;sea;false;ocean;0
11332;12;1;34;sea;false;ocean;0
11333;28;1;1;sea;true;ocean;0
11334;2;80;32;sea;false;ocean;0
11335;46;67;4;sea;false;ocean;0
11336;2;54;24;sea;false;ocean;0
11337;50;1;26;sea;false;ocean;0
11338;37;2;87;sea;false;ocean;0
11339;1;39;9;sea;false;ocean;0
11340;3;51;6;sea;false;ocean;0
11341;9;44;2;sea;false;ocean;0
11342;5;58;69;sea;false;ocean;0
11343;77;10;2;sea;false;ocean;0
11344;82;41;8;sea;false;ocean;0
11345;6;4;64;sea;false;ocean;0
11346;15;0;23;sea;false;ocean;0
11347;3;57;5;sea;false;ocean;0
11348;56;0;65;sea;false;ocean;0
11349;229;176;250;land;false;hills;1
11350;62;2;82;sea;false;ocean;0
11351;3;58;10;sea;true;ocean;0
11352;16;70;5;sea;false;ocean;0
11353;31;1;30;sea;true;ocean;0
11354;25;1;42;sea;false;ocean;0
11355;73;10;4;sea;false;ocean;0
11356;0;30;12;sea;false;ocean;0
11357;3;61;23;sea;false;ocean;0
11358;36;1;29;sea;true;ocean;0
11359;27;1;37;sea;false;ocean;0
11360;0;35;26;sea;false;ocean;0
11361;2;57;25;sea;false;ocean;0
11362;37;1;58;sea;false;ocean;0
11363;78;6;24;sea;false;ocean;0
11364;0;78;54;sea;false;ocean;0
11365;4;12;76;sea;false;ocean;0
11366;32;3;91;sea;false;ocean;0
11367;65;20;4;sea;false;ocean;0
11368;0;69;42;sea;false;ocean;0
11369;66;2;66;sea;false;ocean;0
11370;4;60;20;sea;false;ocean;0
11371;58;77;1;sea;false;ocean;0
11372;40;0;31;sea;false;ocean;0
11373;6;73;45;sea;true;ocean;0
11374;1;44;13;sea;false;ocean;0
11375;65;28;3;sea;false;ocean;0
11376;9;30;1;sea;false;ocean;0
11377;17;0;24;sea;false;ocean;0
11378;28;31;1;sea;false;ocean;0
11379;33;98;1;sea;false;ocean;0
11380;54;74;2;sea;false;ocean;0
11381;1;32;8;sea;false;ocean;0
11382;0;34;3;sea;false;ocean;0
11383;42;20;1;sea;false;ocean;0
11384;17;44;1;sea;false;ocean;0
11385;3;62;71;sea;false;ocean;0
11386;1;14;45;sea;false;ocean;0
11387;28;84;7;sea;false;ocean;0
11388;14;0;25;sea;false;ocean;0
11389;31;3;60;sea;false;ocean;0
11390;0;28;64;sea;true;ocean;0
11391;48;62;1;sea;false;ocean;0
11392;60;1;52;sea;false;ocean;0
11393;27;0;34;sea;false;ocean;0
11394;7;78;86;sea;false;ocean;0
11395;26;23;0;sea;false;ocean;0
11396;49;0;21;sea;false;ocean;0
11397;94;60;6;sea;false;ocean;0
11398;1;25;2;sea;false;ocean;0
11399;33;0;1;sea;false;ocean;0
11400;1;75;34;sea;false;ocean;0
11401;2;57;77;sea;true;ocean;0
11402;3;68;80;sea;false;ocean;0
11403;40;1;5;sea;false;ocean;0
11404;1;26;98;sea;false;ocean;0
11405;98;15;3;sea;false;ocean;0
11406;66;2;13;sea;true;ocean;0
11407;1;33;32;sea;false;ocean;0
11408;3;63;0;sea;true;ocean;0
11409;59;60;2;sea;false;ocean;0
11410;78;60;0;sea;false;ocean;0
11411;3;71;86;sea;false;ocean;0
11412;35;1;98;sea;false;ocean;0
11413;39;58;2;sea;false;ocean;0
11414;20;1;72;sea;false;ocean;0
11415;1;27;26;sea;false;ocean;0
11416;3;61;15;sea;false;ocean;0
11417;39;0;6;sea;false;ocean;0
11418;2;25;58;sea;false;ocean;0
11419;6;66;80;sea;false;ocean;0
11420;32;61;4;sea;false;ocean;0
11421;74;32;5;sea;false;ocean;0
11422;0;13;26;sea;false;ocean;0
11423;74;68;0;sea;false;ocean;0
11424;44;5;0;sea;false;ocean;0
11425;76;57;3;sea;false;ocean;0
11426;68;1;82;sea;false;ocean;0
11427;11;0;23;sea;false;ocean;0
11428;75;0;1;sea;false;ocean;0
11429;34;44;1;sea;false;ocean;0
11430;0;25;9;sea;false;ocean;0
11431;1;82;53;sea;false;ocean;0
11432;4;42;1;sea;false;ocean;0
11433;92;69;3;sea;true;ocean;0
11434;3;91;46;sea;false;ocean;0
11435;1;14;48;sea;false;ocean;0
11436;1;80;4;sea;false;ocean;0
11437;48;59;1;sea;false;ocean;0
11438;6;9;92;sea;false;ocean;0
11439;72;86;7;sea;true;ocean;0
11440;51;2;0;sea;true;ocean;0
11441;32;13;1;sea;false;ocean;0
11442;0;40;9;sea;false;ocean;0
11443;86;2;33;sea;false;ocean;0
11444;0;41;34;sea;false;ocean;0
11445;11;38;0;sea;false;ocean;0
11446;3;6;58;sea;false;ocean;0
11447;33;0;15;sea;false;ocean;0
11448;2;63;20;sea;false;ocean;0
11449;19;62;4;sea;false;ocean;0
11450;26;29;1;sea;false;ocean;0
11451;95;4;86;sea;false;ocean;0
11452;98;95;3;sea;false;ocean;0
11453;20;8;90;sea;false;ocean;0
11454;3;66;8;sea;false;ocean;0
11455;63;3;51;sea;false;ocean;0
11456;12;71;5;sea;false;ocean;0
11457;80;0;5;sea;false;ocean;0
11458;4;21;63;sea;false;ocean;0
11459;38;0;42;sea;true;ocean;0
11460;12;2;66;sea;true;ocean;0
11461;54;71;6;sea;false;ocean;0
11462;6;29;1;sea;false;ocean;0
11463;40;24;0;sea;false;ocean;0
11464;55;3;74;sea;true;ocean;0
11465;15;50;2;sea;false;ocean;0
11466;1;52;20;sea;false;ocean;0
11467;67;7;1;sea;false;ocean;0
11468;2;45;41;sea;false;ocean;0
11469;84;5;43;sea;true;ocean;0
11470;81;7;85;sea;false;ocean;0
11471;50;3;46;sea;false;ocean;0
11472;20;45;1;sea;true;ocean;0
11473;51;57;3;sea;false;ocean;0
11474;1;30;57;sea;false;ocean;0
11475;21;0;47;sea;false;ocean;0
11476;3;23;78;sea;false;ocean;0
11477;62;4;57;sea;false;ocean;0
11478;82;86;3;sea;false;ocean;0
11479;1;33;37;sea;false;ocean;0
11480;6;22;85;sea;false;ocean;0
11481;19;3;60;sea;false;ocean;0
11482;46;34;0;sea;false;ocean;0
11483;2;35;55;sea;false;ocean;0
11484;24;1;33;sea;false;ocean;0
11485;17;0;23;sea;false;ocean;0
11486;20;36;0;sea;false;ocean;0
11487;14;49;1;sea;false;ocean;0
11488;2;53;1;sea;false;ocean;0
11489;1;13;35;sea;false;ocean;0
11490;60;1;68;sea;false;ocean;0
11491;23;47;2;sea;true;ocean;0
11492;34;1;24;sea;false;ocean;0
11493;51;1;46;sea;false;ocean;0
11494;84;77;4;sea;false;ocean;0
11495;0;43;43;sea;false;ocean;0
11496;7;69;90;sea;false;ocean;0
11497;3;17;72;sea;false;ocean;0
11498;45;29;2;sea;false;ocean;0
11499;52;0;38;sea;false;ocean;0
11500;31;39;1;sea;false;ocean;0
11501;23;14;0;sea;false;ocean;0
11502;2;0;51;sea;false;ocean;0
11503;2;30;54;sea;false;ocean;0
11504;45;0;16;sea;false;ocean;0
11505;71;76;0;sea;false;ocean;0
11506;2;52;57;sea;false;ocean;0
11507;2;17;65;sea;false;ocean;0
11508;56;88;3;sea;false;ocean;0
11509;75;3;25;sea;false;ocean;0
11510;1;12;37;sea;false;ocean;0
11511;93;5;88;sea;false;ocean;0
11512;18;0;43;sea;false;ocean;0
11513;5;74;54;sea;false;ocean;0
11514;26;1;11;sea;false;ocean;0
11515;19;6;84;sea;false;ocean;0
11516;35;3;94;sea;false;ocean;0
11517;17;1;93;sea;false;ocean;0
11518;12;67;1;sea;false;ocean;0
11519;23;3;65;sea;false;ocean;0
11520;6;94;27;sea;false;ocean;0
11521;59;41;2;sea;true;ocean;0
11522;13;0;58;sea;false;ocean;0
11523;54;1;20;sea;true;ocean;0
11524;1;10;42;sea;false;ocean;0
11525;36;1;14;sea;false;ocean;0
11526;73;0;10;sea;false;ocean;0
11527;3;18;77;sea;false;ocean;0
11528;1;61;61;sea;false;ocean;0
11529;73;2;34;sea;false;ocean;0
11530;86;12;7;sea;false;ocean;0
11531;1;15;32;sea;false;ocean;0
11532;80;6;71;sea;false;ocean;0
11533;1;65;71;sea;false;ocean;0
11534;29;22;0;sea;false;ocean;0
11535;4;1;47;sea;false;ocean;0
11536;0;35;42;sea;false;ocean;0
11537;60;2;38;sea;false;ocean;0
11538;1;26;20;sea;false;ocean;0
11539;1;33;51;sea;false;ocean;0
11540;61;68;5;sea;false;ocean;0
11541;78;94;4;sea;false;ocean;0
11542;27;58;2;sea;false;ocean;0
11543;52;0;26;sea;false;ocean;0
11544;7;81;36;sea;false;ocean;0
11545;11;0;26;sea;false;ocean;0
11546;30;31;0;sea;false;ocean;0
11547;58;33;2;sea;true;ocean;0
11548;0;14;51;sea;false;ocean;0
11549;7;79;75;sea;false;ocean;0
11550;25;0;31;sea;true;ocean;0
11551;48;2;16;sea;false;ocean;0
11552;0;28;30;sea;false;ocean;0
11553;57;3;35;sea;false;ocean;0
11554;42;70;1;sea;false;ocean;0
11555;5;72;63;sea;false;ocean;0
11556;1;68;21;sea;false;ocean;0
11557;72;1;69;sea;false;ocean;0
11558;11;1;35;sea;false;ocean;0
11559;7;37;80;sea;false;ocean;0
11560;6;63;2;sea;false;ocean;0
11561;0;21;6;sea;false;ocean;0
11562;0;23;40;sea;false;ocean;0
11563;91;5;53;sea;false;ocean;0
11564;5;90;54;sea;false;ocean;0
11565;1;16;23;sea;false;ocean;0
11566;87;39;6;sea;true;ocean;0
11567;41;14;0;sea;false;ocean;0
11568;1;7;39;sea;false;ocean;0
11569;25;2;48;sea;false;ocean;0
11570;89;25;3;sea;false;ocean;0
11571;50;4;87;sea;true;ocean;0
11572;11;0;52;sea;false;ocean;0
11573;2;100;58;sea;false;ocean;0
11574;35;51;1;sea;false;ocean;0
11575;1;21;37;sea;false;ocean;0
11576;48;69;4;sea;false;ocean;0
11577;1;58;34;sea;false;ocean;0
11578;34;1;8;sea;false;ocean;0
11579;1;3;80;sea;false;ocean;0
11580;78;50;1;sea;false;ocean;0
11581;3;0;21;sea;false;ocean;0
11582;3;25;93;sea;false;ocean;0
11583;9;53;91;sea;false;ocean;0
11584;35;3;67;sea;false;ocean;0
11585;6;21;0;sea;false;ocean;0
11586;6;25;77;sea;false;ocean;0
11587;1;8;83;sea;false;ocean;0
11588;0;18;40;sea;false;ocean;0
11589;2;76;6;sea;false;ocean;0
11590;44;0;0;sea;true;ocean;0
11591;11;44;2;sea;false;ocean;0
11592;23;53;3;sea;false;ocean;0
11593;54;1;92;sea;false;ocean;0
11594;38;1;21;sea;true;ocean;0
11595;36;19;1;sea;false;ocean;0
11596;26;4;64;sea;false;ocean;0
11597;36;0;74;sea;true;ocean;0
11598;92;1;63;sea;false;ocean;0
11599;0;21;23;sea;false;ocean;0
11600;89;59;9;sea;true;ocean;0
11601;28;67;3;sea;false;ocean;0
11602;0;32;71;sea;false;ocean;0
11603;2;45;28;sea;false;ocean;0
11604;47;60;3;sea;false;ocean;0
11605;126;243;135;land;true;forest;1
11606;5;65;37;sea;false;ocean;0
11607;0;22;16;sea;false;ocean;0
11608;50;1;47;sea;false;ocean;0
11609;5;11;76;sea;false;ocean;0
11610;13;45;1;sea;false;ocean;0
11611;83;4;84;sea;false;ocean;0
11612;3;87;84;sea;false;ocean;0
11613;0;24;7;sea;false;ocean;0
11614;39;4;80;sea;false;ocean;0
11615;89;0;75;sea;false;ocean;0
11616;0;26;18;sea;false;ocean;0
11617;55;48;2;sea;false;ocean;0
11618;6;63;79;sea;true;ocean;0
11619;3;58;65;sea;false;ocean;0
11620;10;0;20;sea;false;ocean;0
11621;71;1;14;sea;true;ocean;0
11622;87;35;7;sea;false;ocean;0
11623;97;36;2;sea;false;ocean;0
11624;2;26;61;sea;false;ocean;0
11625;80;79;0;sea;false;ocean;0
11626;1;36;15;sea;false;ocean;0
11627;71;65;4;sea;false;ocean;0
11628;49;2;19;sea;false;ocean;0
11629;32;44;1;sea;false;ocean;0
11630;72;61;5;sea;false;ocean;0
11631;39;92;9;sea;false;ocean;0
11632;56;74;3;sea;false;ocean;0
11633;46;71;1;sea;false;ocean;0
11634;12;91;0;sea;false;ocean;0
11635;58;88;4;sea;false;ocean;0
11636;91;4;28;sea;false;ocean;0
11637;3;66;71;sea;false;ocean;0
11638;85;79;1;sea;true;ocean;0
11639;25;0;20;sea;false;ocean;0
11640;68;81;4;sea;false;ocean;0
11641;7;81;70;sea;false;ocean;0
11642;31;4;86;sea;false;ocean;0
11643;95;6;27;sea;true;ocean;0
11644;0;50;32;sea;false;ocean;0
11645;28;4;68;sea;false;ocean;0
11646;38;2;60;sea;true;ocean;0
11647;1;11;34;sea;false;ocean;0
11648;93;22;8;sea;false;ocean;0
11649;3;28;82;sea;false;ocean;0
11650;74;4;10;sea;false;ocean;0
11651;1;53;44;sea;false;ocean;0
11652;60;73;4;sea;true;ocean;0
11653;24;33;1;sea;false;ocean;0
11654;11;3;58;sea;false;ocean;0
11655;2;44;44;sea;false;ocean;0
11656;21;74;2;sea;false;ocean;0
11657;1;53;52;sea;false;ocean;0
11658;1;42;61;sea;false;ocean;0
11659;2;10;72;sea;false;ocean;0
11660;90;3;83;sea;false;ocean;0
11661;68;61;5;sea;false;ocean;0
11662;2;52;48;sea;false;ocean;0
11663;1;26;13;sea;false;ocean;0
11664;73;91;5;sea;false;ocean;0
11665;73;92;1;sea;false;ocean;0
11666;65;3;7;sea;false;ocean;0
11667;80;25;0;sea;false;ocean;0
11668;1;84;5;sea;false;ocean;0
11669;14;73;6;sea;false;ocean;0
11670;7;54;0;sea;false;ocean;0
11671;6;82;52;sea;false;ocean;0
11672;38;0;9;sea;false;ocean;0
11673;22;1;40;sea;false;ocean;0
11674;1;48;1;sea;false;ocean;0
11675;1;29;34;sea;false;ocean;0
11676;14;1;64;sea;false;ocean;0
11677;11;3;66;sea;false;ocean;0
11678;29;32;1;sea;false;ocean;0
11679;66;29;1;sea;false;ocean;0
11680;32;6;0;sea;false;ocean;0
11681;32;33;0;sea;false;ocean;0
11682;3;68;4;sea;false;ocean;0
11683;1;34;6;sea;false;ocean;0
11684;27;29;0;sea;false;ocean;0
11685;22;0;16;sea;false;ocean;0
11686;33;37;0;sea;false;ocean;0
11687;53;1;58;sea;false;ocean;0
11688;8;23;0;sea;false;ocean;0
11689;78;6;6;sea;false;ocean;0
11690;81;2;38;sea;true;ocean;0
11691;3;46;1;sea;true;ocean;0
11692;17;61;4;sea;false;ocean;0
11693;8;100;1;sea;false;ocean;0
11694;6;43;83;sea;false;ocean;0
11695;32;36;1;sea;false;ocean;0
11696;57;0;68;sea;false;ocean;0
11697;26;90;4;sea;false;ocean;0
11698;1;31;5;sea;false;ocean;0
11699;92;71;3;sea;false;ocean;0
11700;59;2;6;sea;false;ocean;0
11701;73;51;3;sea;false;ocean;0
11702;68;5;10;sea;true;ocean;0
11703;100;1;51;sea;false;ocean;0
11704;3;96;75;sea;false;ocean;0
11705;54;38;0;sea;false;ocean;0
11706;100;1;27;sea;false;ocean;0
11707;53;43;1;sea;false;ocean;0
11708;51;2;20;sea;false;ocean;0
11709;1;48;17;sea;false;ocean;0
11710;8;3;59;sea;false;ocean;0
11711;96;2;99;sea;false;ocean;0
11712;3;65;21;sea;false;ocean;0
11713;51;19;0;sea;true;ocean;0
11714;1;40;62;sea;true;ocean;0
11715;3;40;59;sea;false;ocean;0
11716;5;3;58;sea;true;ocean;0
11717;2;36;55;sea;false;ocean;0
11718;60;33;3;sea;true;ocean;0
11719;0;37;9;sea;false;ocean;0
11720;65;44;1;sea;false;ocean;0
11721;0;44;40;sea;false;ocean;0
11722;37;31;0;sea;false;ocean;0
11723;90;8;34;sea;false;ocean;0
11724;7;83;59;sea;false;ocean;0
11725;2;82;55;sea;false;ocean;0
11726;0;21;29;sea;false;ocean;0
11727;85;3;86;sea;false;ocean;0
11728;0;32;27;sea;false;ocean;0
11729;5;69;85;sea;false;ocean;0
11730;0;39;27;sea;false;ocean;0
11731;0;30;3;sea;false;ocean;0
11732;1;48;42;sea;false;ocean;0
11733;1;50;57;sea;false;ocean;0
11734;65;91;2;sea;false;ocean;0
11735;54;3;83;sea;true;ocean;0
11736;3;1;38;sea;false;ocean;0
11737;90;5;96;sea;true;ocean;0
11738;2;74;13;sea;true;ocean;0
11739;45;0;20;sea;false;ocean;0
11740;7;3;95;sea;false;ocean;0
11741;2;34;46;sea;false;ocean;0
11742;43;1;41;sea;false;ocean;0
11743;13;0;46;sea;false;ocean;0
11744;75;14;3;sea;false;ocean;0
11745;35;33;0;sea;true;ocean;0
11746;0;24;35;sea;false;ocean;0
11747;0;62;6;sea;false;ocean;0
11748;19;68;5;sea;false;ocean;0
11749;78;40;5;sea;false;ocean;0
11750;5;79;95;sea;false;ocean;0
11751;12;1;32;sea;false;ocean;0
11752;8;29;0;sea;true;ocean;0
11753;67;5;11;sea;false;ocean;0
11754;11;78;5;sea;false;ocean;0
11755;55;16;2;sea;false;ocean;0
11756;1;14;28;sea;false;ocean;0
11757;46;2;62;sea;false;ocean;0
11758;85;25;8;sea;false;ocean;0
11759;30;1;60;sea;false;ocean;0
11760;1;16;43;sea;false;ocean;0
11761;78;87;4;sea;false;ocean;0
11762;74;40;0;sea;false;ocean;0
11763;66;0;26;sea;false;ocean;0
11764;3;68;17;sea;false;ocean;0
11765;16;1;39;sea;false;ocean;0
11766;5;71;23;sea;false;ocean;0
11767;36;39;0;sea;false;ocean;0
11768;29;96;0;sea;false;ocean;0
11769;59;88;8;sea;false;ocean;0
11770;1;23;45;sea;false;ocean;0
11771;3;66;39;sea;false;ocean;0
11772;93;74;6;sea;false;ocean;0
11773;33;1;2;sea;false;ocean;0
11774;56;2;55;sea;true;ocean;0
11775;90;74;5;sea;false;ocean;0
11776;17;34;0;sea;false;ocean;0
11777;62;48;3;sea;false;ocean;0
11778;54;1;38;sea;false;ocean;0
11779;0;26;31;sea;false;ocean;0
11780;5;1;45;sea;false;ocean;0
11781;65;11;1;sea;false;ocean;0
11782;36;26;0;sea;false;ocean;0
11783;51;2;33;sea;false;ocean;0
11784;15;0;51;sea;false;ocean;0
11785;0;78;27;sea;false;ocean;0
11786;3;62;41;sea;false;ocean;0
11787;87;12;8;sea;false;ocean;0
11788;22;16;0;sea;false;ocean;0
11789;18;1;55;sea;false;ocean;0
11790;5;61;73;sea;true;ocean;0
11791;51;34;1;sea;true;ocean;0
11792;33;0;48;sea;false;ocean;0
11793;16;23;0;sea;false;ocean;0
11794;39;0;42;sea;true;ocean;0
11795;21;44;2;sea;false;ocean;0
11796;8;81;5;sea;true;ocean;0
11797;79;97;1;sea;false;ocean;0
11798;38;85;3;sea;true;ocean;0
11799;74;13;3;sea;true;ocean;0
11800;46;3;59;sea;true;ocean;0
11801;3;36;56;sea;false;ocean;0
11802;48;73;0;sea;false;ocean;0
11803;3;49;1;sea;false;ocean;0
11804;45;81;0;sea;false;ocean;0
11805;22;60;2;sea;true;ocean;0
11806;34;65;4;sea;true;ocean;0
11807;44;23;0;sea;false;ocean;0
11808;1;39;3;sea;true;ocean;0
11809;3;52;21;sea;false;ocean;0
11810;88;8;31;sea;false;ocean;0
11811;40;43;0;sea;false;ocean;0
11812;42;3;83;sea;false;ocean;0
11813;10;1;44;sea;false;ocean;0
11814;1;30;6;sea;false;ocean;0
11815;59;5;93;sea;true;ocean;0
11816;99;94;3;sea;false;ocean;0
11817;28;5;69;sea;false;ocean;0
11818;35;16;1;sea;false;ocean;0
11819;33;58;1;sea;false;ocean;0
11820;38;1;7;sea;true;ocean;0
11821;33;22;0;sea;false;ocean;0
11822;1;82;40;sea;false;ocean;0
11823;3;52;62;sea;false;ocean;0
11824;81;29;6;sea;false;ocean;0
11825;3;50;6;sea;true;ocean;0
11826;41;1;51;sea;false;ocean;0
11827;53;54;3;sea;false;ocean;0
11828;28;29;0;sea;true;ocean;0
11829;2;51;66;sea;false;ocean;0
11830;35;43;1;sea;false;ocean;0
11831;40;68;5;sea;true;ocean;0
11832;85;8;89;sea;true;ocean;0
11833;5;84;74;sea;false;ocean;0
11834;27;3;51;sea;true;ocean;0
11835;27;6;85;sea;false;ocean;0
11836;30;5;83;sea;false;ocean;0
11837;42;1;49;sea;false;ocean;0
11838;1;30;92;sea;false;ocean;0
11839;1;35;74;sea;false;ocean;0
11840;48;3;52;sea;false;ocean;0
11841;1;60;33;sea;false;ocean;0
11842;38;21;1;sea;false;ocean;0
11843;24;0;25;sea;false;ocean;0
11844;47;1;14;sea;false;ocean;0
11845;85;25;3;sea;false;ocean;0
11846;41;8;93;sea;false;ocean;0
11847;1;89;78;sea;false;ocean;0
11848;0;5;26;sea;false;ocean;0
11849;66;1;19;sea;true;ocean;0
11850;3;9;93;sea;false;ocean;0
11851;5;19;74;sea;true;ocean;0
11852;67;69;5;sea;false;ocean;0
11853;0;5;49;sea;false;ocean;0
11854;71;5;71;sea;false;ocean;0
11855;73;90;5;sea;false;ocean;0
11856;14;0;24;sea;false;ocean;0
11857;2;77;70;sea;false;ocean;0
11858;2;16;96;sea;false;ocean;0
11859;22;0;6;sea;false;ocean;0
11860;60;1;79;sea;false;ocean;0
11861;7;84;78;sea;false;ocean;0
11862;33;27;1;sea;false;ocean;0
11863;41;89;7;sea;false;ocean;0
11864;0;23;10;sea;false;ocean;0
11865;5;75;66;sea;false;ocean;0
11866;75;50;2;sea;false;ocean;0
11867;0;47;31;sea;false;ocean;0
11868;1;78;16;sea;false;ocean;0
11869;45;2;4;sea;false;ocean;0
11870;28;0;4;sea;false;ocean;0
11871;65;4;12;sea;false;ocean;0
11872;83;2;53;sea;false;ocean;0
11873;3;34;87;sea;false;ocean;0
11874;40;1;13;sea;false;ocean;0
11875;90;73;5;sea;false;ocean;0
11876;97;2;39;sea;true;ocean;0
11877;36;1;16;sea;false;ocean;0
11878;1;7;55;sea;false;ocean;0
11879;67;36;4;sea;false;ocean;0
11880;20;1;43;sea;false;ocean;0
11881;2;30;52;sea;false;ocean;0
11882;3;97;2;sea;false;ocean;0
11883;59;63;2;sea;true;ocean;0
11884;92;4;68;sea;true;ocean;0
11885;1;11;59;sea;false;ocean;0
11886;1;62;33;sea;false;ocean;0
11887;2;23;47;sea;false;ocean;0
11888;71;59;5;sea;false;ocean;0
11889;6;80;63;sea;false;ocean;0
11890;79;53;7;sea;false;ocean;0
11891;70;49;1;sea;false;ocean;0
11892;24;52;3;sea;false;ocean;0
11893;10;0;24;sea;false;ocean;0
11894;27;0;24;sea;false;ocean;0
11895;4;8;64;sea;true;ocean;0
11896;3;57;11;sea;false;ocean;0
11897;7;72;95;sea;false;ocean;0
11898;36;15;1;sea;false;ocean;0
11899;81;0;56;sea;false;ocean;0
11900;5;75;91;sea;false;ocean;0
11901;69;2;6;sea;false;ocean;0
11902;94;6;95;sea;false;ocean;0
11903;52;2;44;sea;false;ocean;0
11904;20;1;73;sea;false;ocean;0
11905;16;28;0;sea;false;ocean;0
11906;13;1;50;sea;false;ocean;0
11907;42;62;4;sea;false;ocean;0
11908;2;68;1;sea;true;ocean;0
11909;0;18;30;sea;false;ocean;0
11910;25;61;3;sea;false;ocean;0
11911;44;6;80;sea;false;ocean;0
11912;49;2;8;sea;false;ocean;0
11913;32;37;0;sea;false;ocean;0
11914;6;82;94;sea;false;ocean;0
11915;55;13;2;sea;false;ocean;0
11916;16;8;90;sea;false;ocean;0
11917;30;2;1;sea;false;ocean;0
11918;22;1;52;sea;false;ocean;0
11919;1;15;24;sea;false;ocean;0
11920;0;32;34;sea;false;ocean;0
11921;69;4;50;sea;false;ocean;0
11922;16;0;25;sea;false;ocean;0
11923;44;6;90;sea;false;ocean;0
11924;2;43;22;sea;false;ocean;0
11925;57;7;81;sea;false;ocean;0
11926;59;86;6;sea;false;ocean;0
11927;16;89;3;sea;false;ocean;0
11928;5;26;83;sea;true;ocean;0
11929;23;32;0;sea;false;ocean;0
11930;52;3;97;sea;false;ocean;0
11931;90;97;1;sea;false;ocean;0
11932;65;37;1;sea;false;ocean;0
11933;3;34;49;sea;true;ocean;0
11934;72;5;53;sea;false;ocean;0
11935;1;16;37;sea;false;ocean;0
11936;5;66;74;sea;false;ocean;0
11937;24;0;19;sea;false;ocean;0
11938;1;67;15;sea;false;ocean;0
11939;2;5;54;sea;false;ocean;0
11940;1;1;36;sea;false;ocean;0
11941;1;1;30;sea;false;ocean;0
11942;3;29;60;sea;true;ocean;0
11943;40;89;3;sea;false;ocean;0
11944;1;59;44;sea;false;ocean;0
11945;5;69;36;sea;false;ocean;0
11946;5;4;80;sea;true;ocean;0
11947;45;2;38;sea;false;ocean;0
11948;82;30;7;sea;false;ocean;0
11949;93;4;43;sea;false;ocean;0
11950;42;0;13;sea;false;ocean;0
11951;0;47;33;sea;false;ocean;0
11952;54;37;1;sea;false;ocean;0
11953;51;1;44;sea;false;ocean;0
11954;82;31;6;sea;false;ocean;0
11955;71;63;3;sea;false;ocean;0
11956;1;47;81;sea;true;ocean;0
11957;36;16;0;sea;false;ocean;0
11958;33;64;2;sea;false;ocean;0
11959;76;2;73;sea;false;ocean;0
11960;14;51;1;sea;false;ocean;0
11961;55;0;19;sea;false;ocean;0
11962;45;1;51;sea;false;ocean;0
11963;1;99;47;sea;false;lakes;0
11964;61;65;2;sea;false;ocean;0
11965;48;3;2;sea;false;ocean;0
11966;0;45;40;sea;false;ocean;0
11967;0;39;30;sea;false;ocean;0
11968;41;4;62;sea;false;ocean;0
11969;8;1;38;sea;false;ocean;0
11970;0;41;21;sea;false;ocean;0
11971;29;1;80;sea;false;ocean;0
11972;0;31;15;sea;false;ocean;0
11973;51;4;60;sea;true;ocean;0
11974;2;43;58;sea;false;ocean;0
11975;4;30;71;sea;true;ocean;0
11976;3;61;22;sea;false;ocean;0
11977;2;57;18;sea;false;ocean;0
11978;1;35;26;sea;false;ocean;0
11979;86;70;2;sea;false;ocean;0
11980;39;91;2;sea;false;ocean;0
11981;89;7;56;sea;true;ocean;0
11982;41;11;1;sea;true;ocean;0
11983;30;37;1;sea;false;ocean;0
11984;5;33;70;sea;false;ocean;0
11985;1;30;34;sea;false;ocean;0
11986;2;3;63;sea;false;ocean;0
11987;1;24;46;sea;false;ocean;0
11988;73;89;9;sea;false;ocean;0
11989;67;93;0;sea;false;ocean;0
11990;19;6;85;sea;false;ocean;0
11991;0;8;21;sea;false;ocean;0
11992;2;56;77;sea;false;ocean;0
11993;71;7;0;sea;false;ocean;0
11994;66;2;41;sea;false;ocean;0
11995;48;9;1;sea;false;ocean;0
11996;65;52;0;sea;true;ocean;0
11997;79;1;68;sea;false;ocean;0
11998;39;46;0;sea;false;ocean;0
11999;54;2;3;sea;true;ocean;0
12000;0;11;52;sea;false;ocean;0
12001;56;3;1;sea;false;ocean;0
12002;0;52;47;sea;false;ocean;0
12003;0;26;34;sea;false;ocean;0
12004;30;1;17;sea;false;ocean;0
12005;0;100;20;sea;false;ocean;0
12006;1;50;42;sea;false;ocean;0
12007;55;9;0;sea;false;ocean;0
12008;70;21;4;sea;false;ocean;0
12009;11;4;81;sea;false;ocean;0
12010;21;9;89;sea;false;ocean;0
12011;9;0;26;sea;false;ocean;0
12012;1;47;24;sea;false;ocean;0
12013;31;1;14;sea;false;ocean;0
12014;2;44;13;sea;false;ocean;0
12015;23;3;81;sea;true;ocean;0
12016;23;0;2;sea;false;ocean;0
12017;35;0;4;sea;false;ocean;0
12018;2;42;27;sea;false;ocean;0
12019;0;16;26;sea;false;ocean;0
12020;2;27;48;sea;false;ocean;0
12021;3;51;44;sea;false;ocean;0
12022;18;1;28;sea;false;ocean;0
12023;39;27;1;sea;false;ocean;0
12024;6;72;8;sea;true;ocean;0
12025;0;40;7;sea;true;ocean;0
12026;1;28;43;sea;false;ocean;0
12027;62;4;9;sea;false;ocean;0
12028;32;52;2;sea;false;ocean;0
12029;1;55;92;sea;false;ocean;0
12030;62;3;30;sea;false;ocean;0
12031;35;94;6;sea;false;ocean;0
12032;59;85;7;sea;false;ocean;0
12033;34;69;3;sea;false;ocean;0
12034;48;1;27;sea;false;ocean;0
12035;76;68;4;sea;false;ocean;0
12036;2;43;35;sea;false;ocean;0
12037;63;13;1;sea;false;ocean;0
12038;97;4;31;sea;false;ocean;0
12039;95;2;10;sea;false;ocean;0
12040;37;21;1;sea;false;ocean;0
12041;27;0;33;sea;false;ocean;0
12042;86;7;80;sea;false;ocean;0
12043;26;65;4;sea;true;ocean;0
12044;1;34;44;sea;false;ocean;0
12045;4;20;77;sea;true;ocean;0
12046;49;56;1;sea;false;ocean;0
12047;72;22;4;sea;false;ocean;0
12048;50;0;46;sea;false;ocean;0
12049;3;98;5;sea;false;ocean;0
12050;9;20;0;sea;false;ocean;0
12051;1;58;58;sea;false;ocean;0
12052;4;97;31;sea;false;ocean;0
12053;49;34;2;sea;false;ocean;0
12054;64;0;19;sea;false;ocean;0
12055;46;81;3;sea;true;ocean;0
12056;12;72;3;sea;false;ocean;0
12057;0;42;31;sea;false;ocean;0
12058;4;0;32;sea;false;ocean;0
12059;38;74;0;sea;false;ocean;0
12060;1;33;39;sea;true;ocean;0
12061;82;68;3;sea;false;ocean;0
12062;65;1;40;sea;false;ocean;0
12063;87;0;91;sea;false;ocean;0
12064;23;0;17;sea;false;ocean;0
12065;85;4;43;sea;false;ocean;0
12066;19;66;2;sea;false;ocean;0
12067;88;25;5;sea;true;ocean;0
12068;52;3;20;sea;false;ocean;0
12069;59;6;84;sea;false;ocean;0
12070;44;23;2;sea;false;ocean;0
12071;21;3;56;sea;false;ocean;0
12072;60;3;14;sea;false;ocean;0
12073;15;1;31;sea;true;ocean;0
12074;70;60;5;sea;false;ocean;0
12075;35;2;42;sea;false;ocean;0
12076;6;77;18;sea;false;ocean;0
12077;67;1;51;sea;false;ocean;0
12078;15;0;28;sea;false;ocean;0
12079;87;23;0;sea;false;ocean;0
12080;3;68;84;sea;false;ocean;0
12081;34;0;30;sea;false;ocean;0
12082;70;54;3;sea;true;ocean;0
12083;16;39;0;sea;false;ocean;0
12084;16;0;38;sea;true;ocean;0
12085;6;70;3;sea;false;ocean;0
12086;0;29;21;sea;false;ocean;0
12087;26;2;1;sea;false;ocean;0
12088;43;84;0;sea;true;ocean;0
12089;68;24;3;sea;false;ocean;0
12090;70;2;64;sea;false;ocean;0
12091;23;24;0;sea;false;ocean;0
12092;28;3;97;sea;false;ocean;0
12093;0;47;51;sea;false;ocean;0
12094;39;47;0;sea;false;ocean;0
12095;56;19;3;sea;false;ocean;0
12096;26;4;1;sea;false;ocean;0
12097;27;1;39;sea;false;ocean;0
12098;1;51;55;sea;false;ocean;0
12099;42;29;0;sea;false;ocean;0
12100;3;78;59;sea;false;ocean;0
12101;20;0;3;sea;false;ocean;0
12102;2;3;44;sea;false;ocean;0
12103;17;4;57;sea;false;ocean;0
12104;30;0;42;sea;false;ocean;0
12105;10;6;90;sea;true;ocean;0
12106;38;57;2;sea;false;ocean;0
12107;13;47;2;sea;false;ocean;0
12108;87;95;7;sea;false;ocean;0
12109;6;4;71;sea;false;ocean;0
12110;46;1;95;sea;false;ocean;0
12111;63;2;51;sea;false;ocean;0
12112;4;21;95;sea;false;ocean;0
12113;41;44;2;sea;true;ocean;0
12114;1;26;58;sea;false;ocean;0
12115;1;42;2;sea;false;ocean;0
12116;42;32;1;sea;false;ocean;0
12117;61;68;3;sea;false;ocean;0
12118;64;4;83;sea;false;ocean;0
12119;2;63;46;sea;false;ocean;0
12120;8;90;0;sea;true;ocean;0
12121;3;57;43;sea;false;ocean;0
12122;18;21;0;sea;false;ocean;0
12123;45;2;50;sea;false;ocean;0
12124;8;88;85;sea;false;ocean;0
12125;54;3;54;sea;false;ocean;0
12126;6;81;77;sea;false;ocean;0
12127;3;12;54;sea;false;ocean;0
12128;19;1;48;sea;false;ocean;0
12129;40;88;5;sea;false;ocean;0
12130;0;18;46;sea;false;ocean;0
12131;21;0;9;sea;true;ocean;0
12132;22;0;73;sea;false;ocean;0
12133;2;41;34;sea;true;ocean;0
12134;26;27;1;sea;false;ocean;0
12135;15;42;1;sea;false;ocean;0
12136;1;32;31;sea;true;ocean;0
12137;57;83;3;sea;false;ocean;0
12138;32;16;1;sea;false;ocean;0
12139;6;11;91;sea;false;ocean;0
12140;0;21;31;sea;false;ocean;0
12141;1;13;31;sea;false;ocean;0
12142;25;1;51;sea;false;ocean;0
12143;3;28;93;sea;true;ocean;0
12144;61;75;0;sea;false;ocean;0
12145;35;5;0;sea;true;ocean;0
12146;3;18;64;sea;false;ocean;0
12147;96;94;2;sea;false;ocean;0
12148;0;61;6;sea;true;ocean;0
12149;14;1;36;sea;false;ocean;0
12150;79;6;15;sea;false;ocean;0
12151;73;31;5;sea;false;ocean;0
12152;18;84;5;sea;false;ocean;0
12153;4;27;92;sea;false;ocean;0
12154;27;81;3;sea;false;ocean;0
12155;81;36;6;sea;false;ocean;0
12156;64;16;4;sea;false;ocean;0
12157;76;19;1;sea;false;ocean;0
12158;20;33;1;sea;false;ocean;0
12159;27;30;1;sea;false;ocean;0
12160;3;79;72;sea;true;ocean;0
12161;0;0;24;sea;false;ocean;0
12162;7;93;71;sea;false;ocean;0
12163;7;94;79;sea;true;ocean;0
12164;0;3;30;sea;false;ocean;0
12165;49;11;1;sea;false;ocean;0
12166;4;68;8;sea;false;ocean;0
12167;84;7;55;sea;false;ocean;0
12168;86;7;16;sea;false;ocean;0
12169;6;45;85;sea;true;ocean;0
12170;52;2;76;sea;false;ocean;0
12171;3;7;58;sea;true;ocean;0
12172;91;4;98;sea;false;ocean;0
12173;1;35;23;sea;false;ocean;0
12174;21;28;1;sea;false;ocean;0
12175;31;0;31;sea;false;ocean;0
12176;15;54;3;sea;false;ocean;0
12177;2;76;78;sea;false;ocean;0
12178;68;1;58;sea;false;ocean;0
12179;41;16;1;sea;false;ocean;0
12180;1;29;43;sea;false;ocean;0
12181;1;59;31;sea;false;ocean;0
12182;37;22;1;sea;false;ocean;0
12183;14;71;3;sea;false;ocean;0
12184;92;44;1;sea;false;ocean;0
12185;85;86;4;sea;false;ocean;0
12186;92;2;14;sea;true;ocean;0
12187;75;1;2;sea;false;ocean;0
12188;37;38;0;sea;false;ocean;0
12189;99;75;1;sea;false;ocean;0
12190;7;21;0;sea;false;ocean;0
12191;0;32;12;sea;false;ocean;0
12192;5;82;3;sea;true;ocean;0
12193;2;45;32;sea;false;ocean;0
12194;35;83;1;sea;false;ocean;0
12195;32;69;4;sea;true;ocean;0
12196;72;2;87;sea;false;ocean;0
12197;6;45;75;sea;false;ocean;0
12198;5;72;64;sea;false;ocean;0
12199;5;69;46;sea;false;ocean;0
12200;2;8;91;sea;false;ocean;0
12201;13;0;28;sea;true;ocean;0
12202;0;31;1;sea;false;ocean;0
12203;21;2;41;sea;true;ocean;0
12204;2;7;80;sea;false;ocean;0
12205;57;3;13;sea;false;ocean;0
12206;34;44;2;sea;false;ocean;0
12207;90;61;5;sea;false;ocean;0
12208;2;9;49;sea;false;ocean;0
12209;69;18;2;sea;false;ocean;0
12210;11;26;1;sea;true;ocean;0
12211;21;38;0;sea;false;ocean;0
12212;1;51;9;sea;true;ocean;0
12213;46;46;1;sea;false;ocean;0
12214;89;54;9;sea;true;ocean;0
12215;0;22;43;sea;false;ocean;0
12216;0;19;43;sea;false;ocean;0
12217;43;2;47;sea;false;ocean;0
12218;24;29;1;sea;false;ocean;0
12219;16;46;0;sea;true;ocean;0
12220;83;20;3;sea;false;ocean;0
12221;77;5;3;sea;false;ocean;0
12222;62;0;22;sea;false;ocean;0
12223;2;57;32;sea;true;ocean;0
12224;34;9;1;sea;false;ocean;0
12225;3;89;28;sea;false;ocean;0
12226;24;1;47;sea;false;ocean;0
12227;1;30;9;sea;false;ocean;0
12228;56;65;2;sea;true;ocean;0
12229;42;72;3;sea;false;ocean;0
12230;0;54;35;sea;false;ocean;0
12231;4;15;62;sea;false;ocean;0
12232;20;0;11;sea;false;ocean;0
12233;6;27;0;sea;false;ocean;0
12234;5;17;75;sea;false;ocean;0
12235;57;3;70;sea;false;ocean;0
12236;65;53;1;sea;false;ocean;0
12237;86;7;28;sea;true;ocean;0
12238;2;55;1;sea;false;ocean;0
12239;46;1;75;sea;false;ocean;0
12240;69;5;62;sea;false;ocean;0
12241;76;57;6;sea;false;ocean;0
12242;61;19;0;sea;false;ocean;0
12243;99;3;69;sea;true;ocean;0
12244;23;0;11;sea;true;ocean;0
12245;41;0;37;sea;false;ocean;0
12246;60;58;3;sea;false;ocean;0
12247;0;2;34;sea;false;ocean;0
12248;1;17;37;sea;false;ocean;0
12249;79;4;37;sea;false;ocean;0
12250;59;2;33;sea;false;ocean;0
12251;2;17;52;sea;false;ocean;0
12252;30;3;95;sea;true;ocean;0
12253;57;25;0;sea;false;ocean;0
12254;33;87;3;sea;false;ocean;0
12255;34;32;0;sea;false;ocean;0
12256;42;3;68;sea;false;ocean;0
12257;11;0;61;sea;false;ocean;0
12258;37;68;2;sea;false;ocean;0
12259;76;46;5;sea;false;ocean;0
12260;0;8;23;sea;false;ocean;0
12261;6;0;36;sea;false;ocean;0
12262;69;33;1;sea;false;ocean;0
12263;44;2;20;sea;false;ocean;0
12264;61;4;57;sea;false;ocean;0
12265;13;80;6;sea;true;ocean;0
12266;18;67;2;sea;false;ocean;0
12267;33;45;0;sea;false;ocean;0
12268;24;15;0;sea;false;ocean;0
12269;39;1;12;sea;false;ocean;0
12270;48;16;2;sea;false;ocean;0
12271;2;20;78;sea;false;ocean;0
12272;21;1;0;sea;false;ocean;0
12273;4;10;59;sea;true;ocean;0
12274;33;1;44;sea;false;ocean;0
12275;45;42;2;sea;false;ocean;0
12276;74;2;74;sea;true;ocean;0
12277;0;48;7;sea;false;ocean;0
12278;70;3;39;sea;false;ocean;0
12279;5;95;79;sea;false;ocean;0
12280;64;1;30;sea;true;ocean;0
12281;70;2;15;sea;false;ocean;0
12282;56;59;4;sea;false;ocean;0
12283;72;2;54;sea;false;ocean;0
12284;1;26;48;sea;false;ocean;0
12285;18;88;6;sea;false;ocean;0
12286;53;79;0;sea;false;ocean;0
12287;41;5;80;sea;false;ocean;0
12288;94;6;80;sea;false;ocean;0
12289;9;6;81;sea;true;ocean;0
12290;2;36;45;sea;false;ocean;0
12291;0;29;11;sea;false;ocean;0
12292;83;37;4;sea;false;ocean;0
12293;1;33;20;sea;false;ocean;0
12294;30;21;1;sea;false;ocean;0
12295;40;2;22;sea;false;ocean;0
12296;58;0;35;sea;true;ocean;0
12297;45;56;3;sea;false;ocean;0
12298;65;2;10;sea;false;ocean;0
12299;63;63;0;sea;false;ocean;0
12300;4;54;78;sea;false;ocean;0
12301;66;80;4;sea;false;ocean;0
12302;7;90;31;sea;false;ocean;0
12303;57;39;1;sea;false;ocean;0
12304;1;3;59;sea;false;ocean;0
12305;44;59;2;sea;true;ocean;0
12306;1;43;24;sea;false;ocean;0
12307;1;18;48;sea;false;ocean;0
12308;31;0;12;sea;false;ocean;0
12309;55;41;3;sea;false;ocean;0
12310;13;27;1;sea;false;ocean;0
12311;92;1;54;sea;false;ocean;0
12312;7;0;24;sea;false;ocean;0
12313;1;51;23;sea;true;ocean;0
12314;24;21;0;sea;false;ocean;0
12315;55;12;2;sea;true;ocean;0
12316;94;2;46;sea;false;ocean;0
12317;97;4;46;sea;false;ocean;0
12318;20;5;91;sea;false;ocean;0
12319;1;7;46;sea;false;ocean;0
12320;18;0;69;sea;false;ocean;0
12321;39;37;0;sea;false;ocean;0
12322;1;39;23;sea;false;ocean;0
12323;2;54;57;sea;false;ocean;0
12324;4;2;69;sea;false;ocean;0
12325;11;68;1;sea;true;ocean;0
12326;32;0;41;sea;false;ocean;0
12327;0;43;47;sea;true;ocean;0
12328;32;86;6;sea;false;ocean;0
12329;0;63;14;sea;false;ocean;0
12330;1;51;41;sea;false;ocean;0
12331;1;47;33;sea;false;ocean;0
12332;16;1;74;sea;false;ocean;0
12333;85;65;4;sea;true;ocean;0
12334;57;8;0;sea;false;ocean;0
12335;25;2;0;sea;true;ocean;0
12336;1;34;30;sea;false;ocean;0
12337;53;1;33;sea;false;ocean;0
12338;35;41;2;sea;false;ocean;0
12339;49;21;2;sea;false;ocean;0
12340;34;24;1;sea;false;ocean;0
12341;52;1;31;sea;false;ocean;0
12342;5;3;76;sea;false;ocean;0
12343;57;93;4;sea;false;ocean;0
12344;2;98;20;sea;false;ocean;0
12345;1;4;44;sea;false;ocean;0
12346;13;81;2;sea;false;ocean;0
12347;49;93;3;sea;false;ocean;0
12348;81;11;3;sea;true;ocean;0
12349;23;3;68;sea;false;ocean;0
12350;1;26;1;sea;true;ocean;0
12351;77;1;80;sea;false;ocean;0
12352;17;0;30;sea;false;ocean;0
12353;0;23;18;sea;false;ocean;0
12354;3;63;32;sea;false;ocean;0
12355;75;12;4;sea;false;ocean;0
12356;46;41;2;sea;false;ocean;0
12357;17;69;0;sea;true;ocean;0
12358;82;4;53;sea;false;ocean;0
12359;6;88;73;sea;false;ocean;0
12360;41;2;68;sea;false;ocean;0
12361;88;6;44;sea;false;ocean;0
12362;7;22;87;sea;false;ocean;0
12363;102;0;5;sea;true;ocean;0
12364;30;38;1;sea;false;ocean;0
12365;2;46;34;sea;false;ocean;0
12366;85;1;64;sea;false;ocean;0
12367;87;27;5;sea;true;ocean;0
12368;1;16;57;sea;false;ocean;0
12369;22;72;4;sea;false;ocean;0
12370;14;1;47;sea;false;ocean;0
12371;5;67;43;sea;false;ocean;0
12372;36;40;1;sea;false;ocean;0
12373;41;78;2;sea;false;ocean;0
12374;0;4;21;sea;false;ocean;0
12375;8;88;1;sea;false;ocean;0
12376;2;24;0;sea;false;ocean;0
12377;32;24;0;sea;true;ocean;0
12378;27;0;7;sea;false;ocean;0
12379;4;10;68;sea;false;ocean;0
12380;5;73;16;sea;false;ocean;0
12381;44;49;1;sea;false;ocean;0
12382;63;75;3;sea;false;ocean;0
12383;0;19;22;sea;false;ocean;0
12384;61;37;4;sea;false;ocean;0
12385;1;2;85;sea;false;ocean;0
12386;74;28;3;sea;false;ocean;0
12387;50;78;2;sea;false;ocean;0
12388;90;57;3;sea;false;ocean;0
12389;1;78;53;sea;false;ocean;0
12390;2;31;61;sea;false;ocean;0
12391;78;0;64;sea;true;ocean;0
12392;19;1;42;sea;false;ocean;0
12393;78;1;5;sea;false;ocean;0
12394;0;14;23;sea;true;ocean;0
12395;4;64;40;sea;false;ocean;0
12396;1;50;13;sea;false;ocean;0
12397;58;81;3;sea;false;ocean;0
12398;8;5;82;sea;false;ocean;0
12399;53;5;96;sea;false;ocean;0
12400;33;25;0;sea;false;ocean;0
12401;1;12;26;sea;false;ocean;0
12402;86;4;24;sea;false;ocean;0
12403;41;1;78;sea;false;ocean;0
12404;1;53;22;sea;false;ocean;0
12405;47;25;0;sea;false;ocean;0
12406;27;51;1;sea;false;ocean;0
12407;6;10;83;sea;false;ocean;0
12408;36;41;0;sea;true;ocean;0
12409;35;1;37;sea;false;ocean;0
12410;7;35;0;sea;false;ocean;0
12411;5;90;65;sea;false;ocean;0
12412;0;38;55;sea;false;ocean;0
12413;28;9;90;sea;false;ocean;0
12414;14;90;7;sea;false;ocean;0
12415;15;0;31;sea;true;ocean;0
12416;22;66;2;sea;true;ocean;0
12417;33;0;41;sea;true;ocean;0
12418;1;45;33;sea;false;ocean;0
12419;23;12;0;sea;false;ocean;0
12420;1;46;15;sea;false;ocean;0
12421;0;6;25;sea;false;ocean;0
12422;47;1;5;sea;false;ocean;0
12423;0;57;49;sea;false;ocean;0
12424;91;8;23;sea;false;ocean;0
12425;86;6;49;sea;true;ocean;0
12426;82;7;73;sea;false;ocean;0
12427;49;1;65;sea;false;ocean;0
12428;26;14;1;sea;false;ocean;0
12429;51;6;87;sea;false;ocean;0
12430;55;76;2;sea;false;ocean;0
12431;1;2;38;sea;true;ocean;0
12432;2;43;61;sea;false;ocean;0
12433;17;0;33;sea;false;ocean;0
12434;2;55;57;sea;false;ocean;0
12435;0;30;6;sea;false;ocean;0
12436;2;31;86;sea;false;ocean;0
12437;2;34;86;sea;false;ocean;0
12438;0;65;49;sea;false;ocean;0
12439;10;28;0;sea;false;ocean;0
12440;5;54;82;sea;false;ocean;0
12441;41;73;3;sea;true;ocean;0
12442;1;44;37;sea;false;ocean;0
12443;9;88;49;sea;false;ocean;0
12444;0;32;45;sea;false;ocean;0
12445;25;91;0;sea;true;ocean;0
12446;0;56;38;sea;false;ocean;0
12447;4;79;62;sea;true;ocean;0
12448;2;35;59;sea;false;ocean;0
12449;0;48;34;sea;false;ocean;0
12450;0;16;22;sea;false;ocean;0
12451;3;25;62;sea;false;ocean;0
12452;39;1;6;sea;false;ocean;0
12453;53;10;0;sea;false;ocean;0
12454;2;47;51;sea;false;ocean;0
12455;36;86;6;sea;false;ocean;0
12456;1;86;49;sea;false;ocean;0
12457;1;73;94;sea;false;ocean;0
12458;2;48;59;sea;false;ocean;0
12459;19;1;46;sea;false;ocean;0
12460;2;48;9;sea;true;ocean;0
12461;5;1;87;sea;true;ocean;0
12462;6;36;1;sea;false;ocean;0
12463;62;4;3;sea;false;ocean;0
12464;84;0;22;sea;false;ocean;0
12465;1;78;50;sea;false;ocean;0
12466;57;2;79;sea;false;ocean;0
12467;37;4;1;sea;false;ocean;0
12468;36;1;32;sea;false;ocean;0
12469;67;48;2;sea;false;ocean;0
12470;6;2;48;sea;false;ocean;0
12471;2;41;65;sea;false;ocean;0
12472;28;2;53;sea;true;ocean;0
12473;42;0;26;sea;false;ocean;0
12474;10;83;91;sea;false;ocean;0
12475;42;14;2;sea;false;ocean;0
12476;10;69;1;sea;false;ocean;0
12477;25;32;1;sea;false;ocean;0
12478;81;47;3;sea;false;ocean;0
12479;51;70;4;sea;false;ocean;0
12480;13;7;77;sea;false;ocean;0
12481;68;79;3;sea;false;ocean;0
12482;38;20;0;sea;false;ocean;0
12483;1;24;33;sea;true;ocean;0
12484;69;5;35;sea;false;ocean;0
12485;81;5;35;sea;false;ocean;0
12486;19;1;39;sea;true;ocean;0
12487;1;82;10;sea;false;ocean;0
12488;8;87;69;sea;false;ocean;0
12489;0;26;28;sea;false;ocean;0
12490;0;83;67;sea;false;ocean;0
12491;2;44;1;sea;false;ocean;0
12492;80;6;52;sea;false;ocean;0
12493;48;35;2;sea;false;ocean;0
12494;3;74;56;sea;false;ocean;0
12495;56;0;15;sea;false;ocean;0
12496;78;4;13;sea;false;ocean;0
12497;43;0;21;sea;false;ocean;0
12498;41;30;0;sea;false;ocean;0
12499;0;23;82;sea;false;ocean;0
12500;2;33;56;sea;false;ocean;0
12501;12;37;0;sea;false;ocean;0
12502;25;36;1;sea;true;ocean;0
12503;54;3;44;sea;false;ocean;0
12504;37;79;3;sea;false;ocean;0
12505;1;12;44;sea;false;ocean;0
12506;59;4;68;sea;false;ocean;0
12507;1;26;17;sea;true;ocean;0
12508;9;2;85;sea;false;ocean;0
12509;72;12;4;sea;false;ocean;0
12510;15;72;3;sea;false;ocean;0
12511;60;38;3;sea;false;ocean;0
12512;29;36;1;sea;false;ocean;0
12513;2;53;34;sea;true;ocean;0
12514;10;4;79;sea;false;ocean;0
12515;91;78;3;sea;false;ocean;0
12516;4;26;0;sea;false;ocean;0
12517;5;81;36;sea;false;ocean;0
12518;1;93;65;sea;false;ocean;0
12519;36;74;3;sea;false;ocean;0
12520;89;35;2;sea;false;ocean;0
12521;86;54;5;sea;false;ocean;0
12522;1;45;17;sea;false;ocean;0
12523;55;3;47;sea;false;ocean;0
12524;1;39;16;sea;false;ocean;0
12525;1;21;75;sea;false;ocean;0
12526;2;45;42;sea;false;ocean;0
12527;4;46;59;sea;false;ocean;0
12528;38;44;0;sea;false;ocean;0
12529;52;3;36;sea;false;ocean;0
12530;39;1;27;sea;false;ocean;0
12531;37;46;0;sea;false;ocean;0
12532;25;0;35;sea;true;ocean;0
12533;0;25;19;sea;false;ocean;0
12534;69;21;4;sea;false;ocean;0
12535;3;47;69;sea;false;ocean;0
12536;56;0;8;sea;false;ocean;0
12537;3;85;31;sea;false;ocean;0
12538;46;4;59;sea;false;ocean;0
12539;15;0;81;sea;false;ocean;0
12540;23;51;1;sea;false;ocean;0
12541;1;50;21;sea;false;ocean;0
12542;3;63;69;sea;true;ocean;0
12543;24;1;22;sea;true;ocean;0
12544;33;1;61;sea;false;ocean;0
12545;0;18;27;sea;false;ocean;0
12546;11;2;45;sea;false;ocean;0
12547;79;0;40;sea;false;ocean;0
12548;30;81;7;sea;true;ocean;0
12549;48;20;0;sea;false;ocean;0
12550;76;17;5;sea;false;ocean;0
12551;1;74;73;sea;false;ocean;0
12552;74;2;84;sea;false;ocean;0
12553;1;18;26;sea;false;ocean;0
12554;2;5;44;sea;false;ocean;0
12555;4;77;7;sea;true;ocean;0
12556;7;76;89;sea;false;ocean;0
12557;40;17;2;sea;true;ocean;0
12558;69;38;3;sea;false;ocean;0
12559;88;8;34;sea;true;ocean;0
12560;75;3;15;sea;false;ocean;0
12561;3;7;55;sea;false;ocean;0
12562;2;47;37;sea;true;ocean;0
12563;79;73;0;sea;false;ocean;0
12564;60;3;25;sea;false;ocean;0
12565;5;30;86;sea;true;ocean;0
12566;2;32;68;sea;false;ocean;0
12567;1;69;17;sea;false;ocean;0
12568;84;86;4;sea;true;ocean;0
12569;0;27;23;sea;false;ocean;0
12570;63;1;11;sea;false;ocean;0
12571;44;96;5;sea;false;ocean;0
12572;55;33;1;sea;true;ocean;0
12573;5;13;75;sea;false;ocean;0
12574;27;26;0;sea;false;ocean;0
12575;0;81;33;sea;true;ocean;0
12576;0;20;19;sea;true;ocean;0
12577;83;8;49;sea;false;ocean;0
12578;90;10;8;sea;false;ocean;0
12579;2;46;55;sea;false;ocean;0
12580;32;39;0;sea;false;ocean;0
12581;21;91;7;sea;false;ocean;0
12582;44;3;1;sea;false;ocean;0
12583;21;1;47;sea;false;ocean;0
12584;9;1;38;sea;false;ocean;0
12585;55;3;25;sea;false;ocean;0
12586;26;0;22;sea;false;ocean;0
12587;8;37;1;sea;false;ocean;0
12588;37;1;45;sea;false;ocean;0
12589;78;9;0;sea;false;ocean;0
12590;0;45;33;sea;false;ocean;0
12591;67;2;45;sea;false;ocean;0
12592;80;34;4;sea;false;ocean;0
12593;13;42;1;sea;true;ocean;0
12594;1;57;51;sea;false;ocean;0
12595;44;1;9;sea;false;ocean;0
12596;92;4;93;sea;false;ocean;0
12597;32;35;1;sea;false;ocean;0
12598;22;1;27;sea;false;ocean;0
12599;49;84;2;sea;false;ocean;0
12600;91;7;18;sea;false;ocean;0
12601;18;0;23;sea;false;ocean;0
12602;225;71;184;land;false;forest;1
12603;3;1;37;sea;true;ocean;0
12604;50;2;38;sea;true;ocean;0
12605;5;0;32;sea;false;ocean;0
12606;45;48;0;sea;false;ocean;0
12607;4;2;74;sea;false;ocean;0
12608;33;23;0;sea;false;ocean;0
12609;5;37;71;sea;false;ocean;0
12610;31;4;67;sea;true;ocean;0
12611;3;11;93;sea;false;ocean;0
12612;0;5;57;sea;false;ocean;0
12613;19;1;40;sea;true;ocean;0
12614;1;66;58;sea;false;ocean;0
12615;49;5;0;sea;false;ocean;0
12616;43;4;1;sea;false;ocean;0
12617;15;2;46;sea;true;ocean;0
12618;47;1;22;sea;false;ocean;0
12619;2;29;70;sea;false;ocean;0
12620;25;19;1;sea;false;ocean;0
12621;101;0;9;sea;false;ocean;0
12622;27;1;23;sea;false;ocean;0
12623;2;54;1;sea;false;ocean;0
12624;57;1;27;sea;false;ocean;0
12625;44;8;1;sea;true;ocean;0
12626;0;3;26;sea;false;ocean;0
12627;1;3;47;sea;false;ocean;0
12628;0;23;7;sea;false;ocean;0
12629;3;41;88;sea;false;ocean;0
12630;17;1;35;sea;false;ocean;0
12631;74;6;77;sea;false;ocean;0
12632;4;80;31;sea;false;ocean;0
12633;8;90;39;sea;false;ocean;0
12634;93;21;4;sea;false;ocean;0
12635;1;80;7;sea;true;ocean;0
12636;89;3;93;sea;false;ocean;0
12637;0;66;8;sea;false;ocean;0
12638;71;42;2;sea;false;ocean;0
12639;68;55;0;sea;false;ocean;0
12640;49;3;54;sea;false;ocean;0
12641;3;63;58;sea;false;ocean;0
12642;93;75;0;sea;false;ocean;0
12643;1;60;9;sea;false;ocean;0
12644;24;85;5;sea;false;ocean;0
12645;21;39;0;sea;false;ocean;0
12646;47;46;2;sea;false;ocean;0
12647;9;0;21;sea;false;ocean;0
12648;2;22;62;sea;false;ocean;0
12649;23;75;5;sea;false;ocean;0
12650;5;87;66;sea;false;ocean;0
12651;30;49;2;sea;false;ocean;0
12652;15;23;0;sea;false;ocean;0
12653;1;83;49;sea;true;ocean;0
12654;80;3;19;sea;false;ocean;0
12655;41;0;19;sea;false;ocean;0
12656;1;2;56;sea;false;ocean;0
12657;0;48;48;sea;true;ocean;0
12658;3;25;83;sea;false;ocean;0
12659;92;1;77;sea;false;ocean;0
12660;0;20;0;sea;false;ocean;0
12661;23;29;0;sea;true;ocean;0
12662;54;1;93;sea;true;ocean;0
12663;8;88;72;sea;false;ocean;0
12664;53;36;0;sea;false;ocean;0
12665;0;3;85;sea;false;ocean;0
12666;55;2;27;sea;true;ocean;0
12667;76;3;30;sea;false;ocean;0
12668;50;4;63;sea;true;ocean;0
12669;90;2;25;sea;false;ocean;0
12670;78;80;5;sea;false;ocean;0
12671;63;2;47;sea;false;ocean;0
12672;0;15;45;sea;false;ocean;0
12673;34;77;5;sea;false;ocean;0
12674;82;86;9;sea;true;ocean;0
12675;37;24;1;sea;true;ocean;0
12676;78;60;2;sea;false;ocean;0
12677;2;55;13;sea;false;ocean;0
12678;46;1;18;sea;false;ocean;0
12679;2;47;24;sea;false;ocean;0
12680;10;0;25;sea;false;ocean;0
12681;62;2;10;sea;true;ocean;0
12682;24;36;0;sea;false;ocean;0
12683;23;2;44;sea;true;ocean;0
12684;4;28;0;sea;false;ocean;0
12685;29;1;36;sea;false;ocean;0
12686;0;22;3;sea;false;ocean;0
12687;67;0;26;sea;true;ocean;0
12688;30;85;2;sea;false;ocean;0
12689;78;57;2;sea;false;ocean;0
12690;32;22;0;sea;false;ocean;0
12691;0;79;46;sea;false;ocean;0
12692;97;2;34;sea;false;ocean;0
12693;31;27;0;sea;true;ocean;0
12694;52;43;1;sea;false;ocean;0
12695;83;6;8;sea;false;ocean;0
12696;4;80;74;sea;true;ocean;0
12697;29;0;20;sea;false;ocean;0
12698;56;1;24;sea;false;ocean;0
12699;4;27;65;sea;true;ocean;0
12700;0;11;24;sea;false;ocean;0
12701;23;31;0;sea;false;ocean;0
12702;48;23;2;sea;true;ocean;0
12703;45;35;1;sea;false;ocean;0
12704;20;64;1;sea;false;ocean;0
12705;39;94;6;sea;false;ocean;0
12706;1;55;45;sea;true;ocean;0
12707;51;8;1;sea;false;ocean;0
12708;1;17;69;sea;false;ocean;0
12709;7;78;9;sea;false;ocean;0
12710;59;97;4;sea;false;ocean;0
12711;75;76;4;sea;false;ocean;0
12712;65;35;3;sea;false;ocean;0
12713;1;42;29;sea;false;ocean;0
12714;6;66;3;sea;false;ocean;0
12715;90;7;49;sea;false;ocean;0
12716;1;46;50;sea;false;ocean;0
12717;65;46;3;sea;false;ocean;0
12718;2;48;70;sea;false;ocean;0
12719;35;40;1;sea;true;ocean;0
12720;4;55;3;sea;false;ocean;0
12721;36;1;38;sea;false;ocean;0
12722;62;2;5;sea;true;ocean;0
12723;66;3;40;sea;false;ocean;0
12724;2;65;36;sea;false;ocean;0
12725;41;1;25;sea;true;ocean;0
12726;48;1;56;sea;false;ocean;0
12727;3;18;60;sea;false;ocean;0
12728;25;56;1;sea;false;ocean;0
12729;42;70;3;sea;true;ocean;0
12730;31;4;1;sea;false;ocean;0
12731;8;25;88;sea;false;ocean;0
12732;13;1;46;sea;false;ocean;0
12733;1;76;84;sea;false;ocean;0
12734;94;4;35;sea;false;ocean;0
12735;1;29;24;sea;false;ocean;0
12736;0;36;14;sea;false;ocean;0
12737;48;4;57;sea;true;ocean;0
12738;53;74;3;sea;true;ocean;0
12739;31;0;38;sea;false;ocean;0
12740;25;46;1;sea;false;ocean;0
12741;59;24;3;sea;false;ocean;0
12742;55;22;1;sea;false;ocean;0
12743;54;79;4;sea;false;ocean;0
12744;61;2;12;sea;false;ocean;0
12745;28;0;6;sea;false;ocean;0
12746;3;11;55;sea;false;ocean;0
12747;46;2;58;sea;false;ocean;0
12748;60;2;45;sea;false;ocean;0
12749;58;38;3;sea;false;ocean;0
12750;3;77;3;sea;true;ocean;0
12751;24;26;0;sea;false;ocean;0
12752;75;0;58;sea;false;ocean;0
12753;76;6;27;sea;false;ocean;0
12754;94;2;94;sea;false;ocean;0
12755;86;77;5;sea;false;ocean;0
12756;0;27;26;sea;false;ocean;0
12757;1;54;13;sea;false;ocean;0
12758;3;2;58;sea;false;ocean;0
12759;54;2;4;sea;false;ocean;0
12760;35;0;10;sea;false;ocean;0
12761;0;38;32;sea;true;ocean;0
12762;73;6;84;sea;false;ocean;0
12763;8;2;41;sea;false;ocean;0
12764;61;3;87;sea;false;ocean;0
12765;0;4;28;sea;false;ocean;0
12766;7;57;83;sea;false;ocean;0
12767;10;29;0;sea;false;ocean;0
12768;46;2;29;sea;false;ocean;0
12769;4;43;1;sea;true;ocean;0
12770;79;5;55;sea;true;ocean;0
12771;14;0;30;sea;false;ocean;0
12772;73;71;5;sea;false;ocean;0
12773;0;17;25;sea;false;ocean;0
12774;0;66;69;sea;false;ocean;0
12775;39;14;0;sea;false;ocean;0
12776;4;14;88;sea;false;ocean;0
12777;96;92;2;sea;true;ocean;0
12778;50;3;37;sea;false;ocean;0
12779;51;0;10;sea;true;ocean;0
12780;72;88;2;sea;true;ocean;0
12781;0;4;30;sea;false;ocean;0
12782;83;1;38;sea;false;ocean;0
12783;54;3;64;sea;false;ocean;0
12784;19;0;43;sea;true;ocean;0
12785;0;57;7;sea;false;ocean;0
12786;87;34;6;sea;true;ocean;0
12787;79;97;2;sea;true;ocean;0
12788;2;83;75;sea;true;ocean;0
12789;35;1;28;sea;true;ocean;0
12790;42;1;38;sea;true;ocean;0
12791;66;0;82;sea;false;ocean;0
12792;17;1;25;sea;false;ocean;0
12793;28;77;4;sea;true;ocean;0
12794;27;0;6;sea;false;ocean;0
12795;39;0;40;sea;false;ocean;0
12796;20;27;1;sea;true;ocean;0
12797;25;0;13;sea;true;ocean;0
12798;32;4;73;sea;false;ocean;0
12799;13;4;96;sea;false;ocean;0
12800;18;0;24;sea;false;ocean;0
12801;83;7;88;sea;true;ocean;0
12802;11;7;87;sea;true;ocean;0
12803;53;29;0;sea;false;ocean;0
12804;53;52;2;sea;false;ocean;0
12805;44;72;4;sea;false;ocean;0
12806;98;0;45;sea;false;ocean;0
12807;22;2;77;sea;false;ocean;0
12808;2;43;48;sea;false;ocean;0
12809;7;64;78;sea;false;ocean;0
12810;3;37;0;sea;false;ocean;0
12811;6;9;74;sea;false;ocean;0
12812;1;9;65;sea;false;ocean;0
12813;8;61;4;sea;false;ocean;0
12814;4;52;60;sea;false;ocean;0
12815;3;57;37;sea;false;ocean;0
12816;29;1;22;sea;false;ocean;0
12817;1;42;13;sea;false;ocean;0
12818;36;30;1;sea;false;ocean;0
12819;13;1;38;sea;false;ocean;0
12820;61;1;81;sea;false;ocean;0
12821;2;0;30;sea;false;ocean;0
12822;63;69;1;sea;false;ocean;0
12823;30;2;53;sea;false;ocean;0
12824;1;28;16;sea;false;ocean;0
12825;68;3;0;sea;true;ocean;0
12826;71;79;5;sea;false;ocean;0
12827;2;57;19;sea;false;ocean;0
12828;0;29;1;sea;false;ocean;0
12829;5;11;85;sea;false;ocean;0
12830;59;0;38;sea;false;ocean;0
12831;0;1;22;sea;true;ocean;0
12832;73;11;5;sea;true;ocean;0
12833;62;6;2;sea;false;ocean;0
12834;87;8;2;sea;false;ocean;0
12835;14;5;74;sea;true;ocean;0
12836;96;3;70;sea;false;ocean;0
12837;43;70;3;sea;false;ocean;0
12838;93;49;2;sea;false;ocean;0
12839;24;0;24;sea;false;ocean;0
12840;3;56;24;sea;false;ocean;0
12841;2;14;54;sea;false;ocean;0
12842;4;68;75;sea;true;ocean;0
12843;41;42;1;sea;true;ocean;0
12844;59;1;4;sea;true;ocean;0
12845;4;71;9;sea;false;ocean;0
12846;5;93;79;sea;false;ocean;0
12847;61;1;84;sea;false;ocean;0
12848;37;1;32;sea;true;ocean;0
12849;21;0;16;sea;true;ocean;0
12850;23;1;13;sea;false;ocean;0
12851;2;57;7;sea;false;ocean;0
12852;1;23;1;sea;false;ocean;0
12853;84;5;15;sea;false;ocean;0
12854;1;71;1;sea;false;ocean;0
12855;0;29;14;sea;false;ocean;0
12856;1;63;24;sea;false;ocean;0
12857;64;5;91;sea;false;ocean;0
12858;1;12;46;sea;false;ocean;0
12859;6;85;71;sea;false;ocean;0
12860;7;63;92;sea;true;ocean;0
12861;1;52;18;sea;false;ocean;0
12862;46;2;10;sea;false;ocean;0
12863;1;41;36;sea;false;ocean;0
12864;38;2;54;sea;false;ocean;0
12865;25;12;0;sea;false;ocean;0
12866;2;16;58;sea;false;ocean;0
12867;3;21;73;sea;false;ocean;0
12868;5;51;77;sea;true;ocean;0
12869;73;70;3;sea;false;ocean;0
12870;13;5;95;sea;false;ocean;0
12871;1;52;69;sea;false;ocean;0
12872;2;61;93;sea;false;ocean;0
12873;85;3;90;sea;false;ocean;0
12874;4;58;51;sea;false;ocean;0
12875;84;91;1;sea;true;ocean;0
12876;79;2;90;sea;false;ocean;0
12877;2;59;25;sea;false;ocean;0
12878;36;7;1;sea;false;ocean;0
12879;21;0;1;sea;false;ocean;0
12880;7;35;79;sea;false;ocean;0
12881;0;40;47;sea;false;ocean;0
12882;0;40;16;sea;false;ocean;0
12883;65;38;1;sea;false;ocean;0
12884;1;0;28;sea;false;ocean;0
12885;2;45;26;sea;false;ocean;0
12886;2;5;43;sea;false;ocean;0
12887;47;2;5;sea;true;ocean;0
12888;1;25;44;sea;false;ocean;0
12889;2;58;17;sea;false;ocean;0
12890;38;3;60;sea;false;ocean;0
12891;84;40;7;sea;false;ocean;0
12892;2;62;25;sea;false;ocean;0
12893;1;26;81;sea;false;ocean;0
12894;2;68;56;sea;false;ocean;0
12895;0;16;35;sea;false;ocean;0
12896;67;0;84;sea;false;ocean;0
12897;16;1;42;sea;false;ocean;0
12898;1;20;98;sea;true;ocean;0
12899;56;28;3;sea;false;ocean;0
12900;3;61;94;sea;false;ocean;0
12901;70;51;0;sea;false;ocean;0
12902;0;33;8;sea;false;ocean;0
12903;3;28;61;sea;false;ocean;0
12904;28;1;44;sea;false;ocean;0
12905;1;12;59;sea;false;ocean;0
12906;28;0;28;sea;false;ocean;0
12907;69;2;12;sea;false;ocean;0
12908;82;3;58;sea;true;ocean;0
12909;5;24;0;sea;false;ocean;0
12910;38;2;53;sea;false;ocean;0
12911;39;9;0;sea;true;ocean;0
12912;30;1;54;sea;true;ocean;0
12913;79;4;32;sea;false;ocean;0
12914;89;54;1;sea;false;ocean;0
12915;80;9;6;sea;false;ocean;0
12916;36;1;39;sea;false;ocean;0
12917;62;36;2;sea;false;ocean;0
12918;22;0;12;sea;false;ocean;0
12919;2;17;51;sea;false;ocean;0
12920;22;6;93;sea;false;ocean;0
12921;75;3;1;sea;false;ocean;0
12922;16;55;3;sea;false;ocean;0
12923;74;3;76;sea;true;ocean;0
12924;1;52;4;sea;false;ocean;0
12925;62;75;3;sea;false;ocean;0
12926;69;0;5;sea;false;ocean;0
12927;7;22;86;sea;false;ocean;0
12928;7;23;1;sea;false;ocean;0
12929;86;93;8;sea;false;ocean;0
12930;32;1;41;sea;false;ocean;0
12931;85;32;8;sea;false;ocean;0
12932;11;0;37;sea;false;ocean;0
12933;33;88;4;sea;false;ocean;0
12934;57;4;76;sea;false;ocean;0
12935;10;6;94;sea;false;ocean;0
12936;1;74;34;sea;false;ocean;0
12937;44;0;5;sea;true;ocean;0
12938;1;42;9;sea;false;ocean;0
12939;42;16;1;sea;true;ocean;0
12940;92;7;60;sea;false;ocean;0
12941;77;74;6;sea;false;ocean;0
12942;35;0;8;sea;false;ocean;0
12943;58;1;21;sea;false;ocean;0
12944;39;35;1;sea;false;ocean;0
12945;26;1;36;sea;false;ocean;0
12946;22;0;29;sea;false;ocean;0
12947;1;29;10;sea;false;ocean;0
12948;51;1;21;sea;false;ocean;0
12949;79;2;16;sea;true;ocean;0
12950;73;5;26;sea;true;ocean;0
12951;0;22;23;sea;false;ocean;0
12952;1;44;21;sea;true;ocean;0
12953;49;11;2;sea;false;ocean;0
12954;94;5;20;sea;false;ocean;0
12955;56;99;3;sea;false;ocean;0
12956;56;3;66;sea;false;ocean;0
12957;43;5;1;sea;false;ocean;0
12958;82;3;60;sea;false;ocean;0
12959;13;5;89;sea;false;ocean;0
12960;72;36;1;sea;true;ocean;0
12961;2;55;10;sea;false;ocean;0
12962;26;47;2;sea;false;ocean;0
12963;71;2;28;sea;false;ocean;0
12964;1;28;27;sea;false;ocean;0
12965;52;55;2;sea;false;ocean;0
12966;8;58;3;sea;true;ocean;0
12967;25;2;66;sea;false;ocean;0
12968;38;2;45;sea;false;ocean;0
12969;69;2;98;sea;false;ocean;0
12970;8;41;2;sea;false;ocean;0
12971;21;0;58;sea;false;ocean;0
12972;33;59;0;sea;false;ocean;0
12973;16;6;80;sea;false;ocean;0
12974;1;36;38;sea;false;ocean;0
12975;10;71;0;sea;false;ocean;0
12976;73;5;0;sea;false;ocean;0
12977;87;57;1;sea;false;ocean;0
12978;21;0;32;sea;false;ocean;0
12979;91;69;2;sea;false;ocean;0
12980;95;67;4;sea;false;ocean;0
12981;30;1;3;sea;false;ocean;0
12982;0;31;26;sea;false;ocean;0
12983;34;55;1;sea;false;ocean;0
12984;77;5;15;sea;false;ocean;0
12985;31;97;1;sea;false;ocean;0
12986;78;97;5;sea;false;ocean;0
12987;79;3;20;sea;false;ocean;0
12988;66;52;4;sea;false;ocean;0
12989;39;0;1;sea;false;ocean;0
12990;2;71;47;sea;false;ocean;0
12991;17;1;57;sea;false;ocean;0
12992;84;61;1;sea;true;ocean;0
12993;2;0;22;sea;false;ocean;0
12994;24;0;16;sea;false;ocean;0
12995;37;0;40;sea;false;ocean;0
12996;74;32;4;sea;false;ocean;0
12997;3;56;34;sea;false;ocean;0
12998;0;27;3;sea;false;ocean;0
12999;1;42;22;sea;false;ocean;0
13000;40;51;2;sea;false;ocean;0
13001;16;26;0;sea;true;ocean;0
13002;31;0;66;sea;false;ocean;0
13003;1;40;85;sea;false;ocean;0
13004;36;1;20;sea;false;ocean;0
13005;10;91;69;sea;true;ocean;0
13006;25;1;29;sea;false;ocean;0
13007;19;6;74;sea;true;ocean;0
13008;1;11;35;sea;false;ocean;0
13009;0;41;43;sea;false;ocean;0
13010;0;1;33;sea;false;ocean;0
13011;95;7;17;sea;true;ocean;0
13012;38;1;13;sea;false;ocean;0
13013;3;56;14;sea;true;ocean;0
13014;33;14;1;sea;false;ocean;0
13015;70;71;4;sea;false;ocean;0
13016;43;1;8;sea;true;ocean;0
13017;5;57;67;sea;false;ocean;0
13018;57;27;2;sea;true;ocean;0
13019;52;1;21;sea;false;ocean;0
13020;25;5;0;sea;true;ocean;0
13021;8;1;63;sea;false;ocean;0
13022;22;1;54;sea;false;ocean;0
13023;35;95;4;sea;false;ocean;0
13024;4;2;47;sea;true;ocean;0
13025;98;1;69;sea;false;ocean;0
13026;18;5;85;sea;false;ocean;0
13027;53;1;94;sea;false;ocean;0
13028;80;43;0;sea;false;ocean;0
13029;0;26;1;sea;false;ocean;0
13030;34;13;1;sea;false;ocean;0
13031;53;2;25;sea;false;ocean;0
13032;35;12;0;sea;false;ocean;0
13033;48;73;2;sea;false;ocean;0
13034;63;3;5;sea;false;ocean;0
13035;49;43;1;sea;false;ocean;0
13036;74;2;98;sea;true;ocean;0
13037;92;4;70;sea;false;ocean;0
13038;95;5;94;sea;false;ocean;0
13039;6;11;83;sea;true;ocean;0
13040;6;0;23;sea;false;ocean;0
13041;63;70;1;sea;false;ocean;0
13042;53;88;7;sea;false;ocean;0
13043;21;26;1;sea;false;ocean;0
13044;29;28;1;sea;false;ocean;0
13045;48;55;1;sea;true;ocean;0
13046;50;0;69;sea;false;ocean;0
13047;31;6;0;sea;false;ocean;0
13048;35;7;81;sea;false;ocean;0
13049;7;43;91;sea;false;ocean;0
13050;38;65;2;sea;false;ocean;0
13051;78;6;7;sea;true;ocean;0
13052;0;55;6;sea;false;ocean;0
13053;67;1;57;sea;false;ocean;0
13054;88;1;94;sea;false;ocean;0
13055;27;0;5;sea;true;ocean;0
13056;1;9;49;sea;false;ocean;0
13057;18;0;63;sea;false;ocean;0
13058;71;4;35;sea;true;ocean;0
13059;12;34;1;sea;false;ocean;0
13060;7;83;40;sea;false;ocean;0
13061;4;23;60;sea;true;ocean;0
13062;4;74;76;sea;false;ocean;0
13063;5;91;74;sea;false;ocean;0
13064;2;21;39;sea;true;ocean;0
13065;28;93;8;sea;false;ocean;0
13066;36;44;1;sea;false;ocean;0
13067;5;59;3;sea;false;ocean;0
13068;73;1;61;sea;false;ocean;0
13069;90;42;8;sea;false;ocean;0
13070;74;8;5;sea;false;ocean;0
13071;3;83;14;sea;false;ocean;0
13072;2;57;76;sea;false;ocean;0
13073;17;42;1;sea;false;ocean;0
13074;1;46;43;sea;false;ocean;0
13075;88;8;27;sea;false;ocean;0
13076;37;76;1;sea;false;ocean;0
13077;237;233;255;land;true;forest;1
13078;71;4;22;sea;true;ocean;0
13079;87;46;3;sea;false;ocean;0
13080;9;87;51;sea;false;ocean;0
13081;89;89;6;sea;false;ocean;0
13082;9;47;1;sea;false;ocean;0
13083;1;29;9;sea;false;ocean;0
13084;2;15;54;sea;false;ocean;0
13085;63;47;4;sea;false;ocean;0
13086;66;3;78;sea;false;ocean;0
13087;1;34;24;sea;false;ocean;0
13088;1;56;28;sea;false;ocean;0
13089;51;44;1;sea;false;ocean;0
13090;4;33;70;sea;false;ocean;0
13091;83;70;5;sea;false;ocean;0
13092;90;69;2;sea;false;ocean;0
13093;38;38;1;sea;false;ocean;0
13094;7;82;57;sea;false;ocean;0
13095;5;4;64;sea;true;ocean;0
13096;59;0;51;sea;false;ocean;0
13097;61;4;85;sea;true;ocean;0
13098;31;16;1;sea;false;ocean;0
13099;39;3;56;sea;true;ocean;0
13100;44;4;63;sea;false;ocean;0
13101;51;46;1;sea;false;ocean;0
13102;59;15;2;sea;true;ocean;0
13103;51;11;1;sea;false;ocean;0
13104;32;0;39;sea;false;ocean;0
13105;16;72;2;sea;true;ocean;0
13106;2;17;69;sea;false;ocean;0
13107;2;56;37;sea;false;ocean;0
13108;1;50;33;sea;false;ocean;0
13109;68;1;53;sea;true;ocean;0
13110;1;28;29;sea;false;ocean;0
13111;1;19;38;sea;false;ocean;0
13112;4;60;85;sea;false;ocean;0
13113;14;68;1;sea;false;ocean;0
13114;1;55;48;sea;false;ocean;0
13115;3;28;58;sea;false;ocean;0
13116;63;29;4;sea;false;ocean;0
13117;6;75;40;sea;false;ocean;0
13118;50;2;94;sea;false;ocean;0
13119;10;49;1;sea;false;ocean;0
13120;95;22;3;sea;true;ocean;0
13121;1;20;36;sea;true;ocean;0
13122;5;71;68;sea;false;ocean;0
13123;18;92;3;sea;true;ocean;0
13124;35;79;2;sea;false;ocean;0
13125;14;0;58;sea;false;ocean;0
13126;7;15;89;sea;false;ocean;0
13127;3;0;20;sea;false;ocean;0
13128;28;1;53;sea;false;ocean;0
13129;1;8;35;sea;false;ocean;0
13130;0;35;20;sea;true;ocean;0
13131;38;1;34;sea;false;ocean;0
13132;21;11;0;sea;false;ocean;0
13133;73;8;85;sea;false;ocean;0
13134;53;2;52;sea;false;ocean;0
13135;1;27;72;sea;false;ocean;0
13136;67;10;5;sea;false;ocean;0
13137;3;53;48;sea;false;ocean;0
13138;3;89;18;sea;false;ocean;0
13139;1;75;20;sea;false;ocean;0
13140;4;67;59;sea;false;ocean;0
13141;83;6;25;sea;false;ocean;0
13142;40;29;1;sea;false;ocean;0
13143;5;68;33;sea;false;ocean;0
13144;4;4;75;sea;false;ocean;0
13145;4;81;68;sea;false;ocean;0
13146;51;1;5;sea;true;ocean;0
13147;51;0;64;sea;false;ocean;0
13148;4;41;67;sea;false;ocean;0
13149;36;1;37;sea;true;ocean;0
13150;70;4;75;sea;false;ocean;0
13151;84;51;7;sea;false;ocean;0
13152;0;47;37;sea;false;ocean;0
13153;49;0;41;sea;false;ocean;0
13154;42;43;2;sea;false;ocean;0
13155;19;27;0;sea;false;ocean;0
13156;5;38;86;sea;false;ocean;0
13157;98;92;3;sea;false;ocean;0
13158;1;28;8;sea;false;ocean;0
13159;42;55;2;sea;false;ocean;0
13160;43;65;4;sea;false;ocean;0
13161;3;44;72;sea;false;ocean;0
13162;1;34;16;sea;false;ocean;0
13163;2;47;30;sea;false;ocean;0
13164;4;0;51;sea;false;ocean;0
13165;19;4;97;sea;false;ocean;0
13166;3;63;56;sea;false;ocean;0
13167;36;69;4;sea;false;ocean;0
13168;18;4;88;sea;true;ocean;0
13169;23;1;40;sea;false;ocean;0
13170;0;52;91;sea;true;ocean;0
13171;20;1;42;sea;true;ocean;0
13172;44;1;55;sea;true;ocean;0
13173;73;38;4;sea;false;ocean;0
13174;40;34;2;sea;false;ocean;0
13175;3;31;73;sea;true;ocean;0
13176;80;7;48;sea;false;ocean;0
13177;43;3;91;sea;false;ocean;0
13178;52;1;73;sea;true;ocean;0
13179;2;33;76;sea;true;ocean;0
13180;2;26;50;sea;false;ocean;0
13181;6;92;81;sea;false;ocean;0
13182;36;1;26;sea;false;ocean;0
13183;17;88;3;sea;false;ocean;0
13184;37;1;8;sea;false;ocean;0
13185;42;2;58;sea;false;ocean;0
13186;21;0;13;sea;true;ocean;0
13187;4;89;20;sea;false;ocean;0
13188;34;51;3;sea;false;ocean;0
13189;5;88;78;sea;false;ocean;0
13190;29;0;16;sea;false;ocean;0
13191;53;12;2;sea;false;ocean;0
13192;5;66;69;sea;true;ocean;0
13193;2;94;99;sea;false;ocean;0
13194;49;57;2;sea;false;ocean;0
13195;2;61;62;sea;false;ocean;0
13196;0;90;65;sea;false;ocean;0
13197;2;58;16;sea;false;ocean;0
13198;0;90;19;sea;false;ocean;0
13199;1;43;43;sea;false;ocean;0
13200;0;68;63;sea;false;ocean;0
13201;67;11;2;sea;false;ocean;0
13202;0;6;58;sea;false;ocean;0
13203;23;27;0;sea;true;ocean;0
13204;1;40;24;sea;true;ocean;0
13205;28;40;1;sea;false;ocean;0
13206;51;2;57;sea;false;ocean;0
13207;1;61;36;sea;true;ocean;0
13208;0;9;26;sea;true;ocean;0
13209;1;37;33;sea;false;ocean;0
13210;43;7;0;sea;true;ocean;0
13211;61;76;3;sea;true;ocean;0
13212;68;86;4;sea;false;ocean;0
13213;27;77;5;sea;false;ocean;0
13214;28;1;23;sea;false;ocean;0
13215;40;81;0;sea;false;ocean;0
13216;69;41;0;sea;true;ocean;0
13217;8;10;90;sea;false;ocean;0
13218;1;41;4;sea;false;ocean;0
13219;21;0;22;sea;false;ocean;0
13220;36;40;0;sea;false;ocean;0
13221;5;73;34;sea;true;ocean;0
13222;24;3;57;sea;false;ocean;0
13223;43;1;58;sea;false;ocean;0
13224;0;42;73;sea;true;ocean;0
13225;32;0;30;sea;false;ocean;0
13226;2;30;50;sea;true;ocean;0
13227;18;9;89;sea;false;ocean;0
13228;12;88;4;sea;true;ocean;0
13229;1;47;40;sea;false;ocean;0
13230;32;33;1;sea;false;ocean;0
13231;57;69;5;sea;false;ocean;0
13232;95;7;90;sea;false;ocean;0
13233;2;24;44;sea;false;ocean;0
13234;29;76;2;sea;false;ocean;0
13235;98;36;2;sea;true;ocean;0
13236;0;30;7;sea;false;ocean;0
13237;45;78;1;sea;false;ocean;0
13238;87;20;5;sea;false;ocean;0
13239;93;3;67;sea;true;ocean;0
13240;0;59;7;sea;false;ocean;0
13241;75;3;18;sea;true;ocean;0
13242;35;1;31;sea;true;ocean;0
13243;5;44;1;sea;true;ocean;0
13244;55;72;4;sea;false;ocean;0
13245;0;72;43;sea;true;ocean;0
13246;2;1;44;sea;false;ocean;0
13247;1;6;90;sea;true;ocean;0
13248;1;36;1;sea;false;ocean;0
13249;0;25;31;sea;false;ocean;0
13250;39;41;2;sea;false;ocean;0
13251;1;70;99;sea;false;ocean;0
13252;1;27;99;sea;false;ocean;0
13253;65;62;4;sea;false;ocean;0
13254;15;1;49;sea;false;ocean;0
13255;24;46;1;sea;false;ocean;0
13256;1;15;29;sea;false;ocean;0
13257;50;2;19;sea;false;ocean;0
13258;3;7;85;sea;false;ocean;0
13259;36;71;2;sea;false;ocean;0
13260;57;8;3;sea;false;ocean;0
13261;22;0;28;sea;false;ocean;0
13262;78;1;101;sea;false;ocean;0
13263;0;34;17;sea;false;ocean;0
13264;0;59;3;sea;true;ocean;0
13265;6;81;34;sea;false;ocean;0
13266;1;10;40;sea;false;ocean;0
13267;60;1;40;sea;false;ocean;0
13268;65;49;1;sea;true;ocean;0
13269;9;44;1;sea;false;ocean;0
13270;22;93;9;sea;false;ocean;0
13271;1;31;34;sea;false;ocean;0
13272;27;2;57;sea;false;ocean;0
13273;26;0;23;sea;true;ocean;0
13274;1;20;29;sea;false;ocean;0
13275;36;9;1;sea;false;ocean;0
13276;4;41;1;sea;true;ocean;0
13277;80;75;1;sea;true;ocean;0
13278;2;43;65;sea;true;ocean;0
13279;49;19;0;sea;false;ocean;0
13280;34;0;4;sea;false;ocean;0
13281;35;38;1;sea;false;ocean;0
13282;88;94;2;sea;false;ocean;0
13283;88;5;85;sea;false;ocean;0
13284;82;3;69;sea;true;ocean;0
13285;32;1;23;sea;false;ocean;0
13286;52;3;19;sea;false;ocean;0
13287;66;61;3;sea;false;ocean;0
13288;1;73;15;sea;false;ocean;0
13289;1;41;21;sea;true;ocean;0
13290;33;11;1;sea;false;ocean;0
13291;95;90;5;sea;false;ocean;0
13292;2;40;25;sea;false;ocean;0
13293;19;46;2;sea;false;ocean;0
13294;3;15;76;sea;false;ocean;0
13295;49;1;48;sea;false;ocean;0
13296;3;56;20;sea;false;ocean;0
13297;48;15;2;sea;false;ocean;0
13298;1;13;47;sea;true;ocean;0
13299;55;5;3;sea;false;ocean;0
13300;72;1;48;sea;false;ocean;0
13301;4;19;89;sea;false;ocean;0
13302;73;36;3;sea;false;ocean;0
13303;39;8;92;sea;true;ocean;0
13304;49;2;14;sea;false;ocean;0
13305;27;8;0;sea;false;ocean;0
13306;67;88;7;sea;false;ocean;0
13307;1;26;3;sea;false;ocean;0
13308;12;1;37;sea;false;ocean;0
13309;88;6;80;sea;false;ocean;0
13310;1;37;64;sea;false;ocean;0
13311;2;43;5;sea;false;ocean;0
13312;69;41;5;sea;false;ocean;0
13313;85;72;1;sea;false;ocean;0
13314;5;4;68;sea;false;ocean;0
13315;9;47;87;sea;false;ocean;0
13316;0;73;40;sea;false;ocean;0
13317;61;1;24;sea;false;ocean;0
13318;79;17;1;sea;false;ocean;0
13319;53;31;1;sea;false;ocean;0
13320;0;13;45;sea;false;ocean;0
13321;0;34;53;sea;true;ocean;0
13322;27;0;15;sea;false;ocean;0
13323;17;3;63;sea;false;ocean;0
13324;48;89;0;sea;false;ocean;0
13325;8;0;24;sea;false;ocean;0
13326;32;2;0;sea;false;ocean;0
13327;27;1;5;sea;false;ocean;0
13328;3;0;33;sea;true;ocean;0
13329;8;87;66;sea;false;ocean;0
13330;57;0;60;sea;false;ocean;0
13331;27;0;4;sea;false;ocean;0
13332;42;21;1;sea;true;ocean;0
13333;1;14;54;sea;false;ocean;0
13334;27;30;0;sea;true;ocean;0
13335;62;2;91;sea;false;ocean;0
13336;51;5;94;sea;true;ocean;0
13337;15;4;71;sea;false;ocean;0
13338;3;9;57;sea;false;ocean;0
13339;43;1;27;sea;false;ocean;0
13340;61;19;3;sea;false;ocean;0
13341;36;0;46;sea;false;ocean;0
13342;2;40;49;sea;false;ocean;0
13343;78;89;6;sea;true;ocean;0
13344;50;0;51;sea;false;ocean;0
13345;2;81;75;sea;false;ocean;0
13346;17;80;0;sea;false;ocean;0
13347;3;65;9;sea;false;ocean;0
13348;34;27;1;sea;false;ocean;0
13349;78;6;42;sea;false;ocean;0
13350;79;7;81;sea;false;ocean;0
13351;1;57;12;sea;false;ocean;0
13352;48;2;11;sea;false;ocean;0
13353;0;17;21;sea;false;ocean;0
13354;0;5;21;sea;false;ocean;0
13355;0;67;59;sea;false;ocean;0
13356;80;3;44;sea;false;ocean;0
13357;4;75;80;sea;false;ocean;0
13358;23;1;59;sea;false;ocean;0
13359;39;39;0;sea;true;ocean;0
13360;22;0;5;sea;true;ocean;0
13361;17;89;9;sea;true;ocean;0
13362;64;0;68;sea;true;ocean;0
13363;6;70;91;sea;false;ocean;0
13364;1;29;40;sea;false;ocean;0
13365;7;80;47;sea;false;ocean;0
13366;47;6;1;sea;true;ocean;0
13367;30;63;2;sea;false;ocean;0
13368;30;21;0;sea;false;ocean;0
13369;66;9;4;sea;false;ocean;0
13370;29;22;1;sea;true;ocean;0
13371;7;46;78;sea;false;ocean;0
13372;6;77;41;sea;false;ocean;0
13373;74;79;0;sea;false;ocean;0
13374;4;90;80;sea;false;ocean;0
13375;2;49;15;sea;true;ocean;0
13376;2;49;68;sea;false;ocean;0
13377;0;15;22;sea;false;ocean;0
13378;5;79;76;sea;false;ocean;0
13379;75;92;1;sea;true;ocean;0
13380;1;33;29;sea;true;ocean;0
13381;70;63;1;sea;false;ocean;0
13382;1;90;25;sea;false;ocean;0
13383;100;2;22;sea;false;ocean;0
13384;35;9;91;sea;true;ocean;0
13385;67;4;93;sea;false;ocean;0
13386;1;36;77;sea;false;ocean;0
13387;37;1;43;sea;true;ocean;0
13388;76;31;2;sea;false;ocean;0
13389;46;1;67;sea;false;ocean;0
13390;3;17;80;sea;true;ocean;0
13391;9;3;67;sea;false;ocean;0
13392;7;33;80;sea;false;ocean;0
13393;0;41;0;sea;false;ocean;0
13394;2;66;68;sea;false;ocean;0
13395;31;9;0;sea;false;ocean;0
13396;60;3;11;sea;false;ocean;0
13397;45;80;1;sea;false;ocean;0
13398;29;21;1;sea;false;ocean;0
13399;69;7;0;sea;false;ocean;0
13400;2;49;31;sea;false;ocean;0
13401;69;0;80;sea;false;ocean;0
13402;46;8;1;sea;false;ocean;0
13403;68;1;14;sea;false;ocean;0
13404;83;2;84;sea;false;ocean;0
13405;0;14;21;sea;true;ocean;0
13406;21;0;28;sea;false;ocean;0
13407;44;62;0;sea;false;ocean;0
13408;5;68;7;sea;false;ocean;0
13409;11;1;33;sea;true;ocean;0
13410;26;1;67;sea;false;ocean;0
13411;49;22;1;sea;true;ocean;0
13412;35;4;1;sea;false;ocean;0
13413;97;20;4;sea;false;ocean;0
13414;5;15;92;sea;false;ocean;0
13415;4;0;26;sea;false;ocean;0
13416;76;8;86;sea;false;ocean;0
13417;21;16;0;sea;false;ocean;0
13418;0;49;65;sea;false;ocean;0
13419;45;64;4;sea;false;ocean;0
13420;37;2;100;sea;false;ocean;0
13421;60;4;63;sea;false;ocean;0
13422;44;46;2;sea;false;ocean;0
13423;74;5;71;sea;false;ocean;0
13424;3;61;88;sea;false;ocean;0
13425;3;19;67;sea;false;ocean;0
13426;60;4;94;sea;false;ocean;0
13427;7;67;88;sea;false;ocean;0
13428;75;26;4;sea;false;ocean;0
13429;1;29;49;sea;true;ocean;0
13430;44;0;3;sea;false;ocean;0
13431;14;0;21;sea;true;ocean;0
13432;12;6;91;sea;false;ocean;0
13433;41;27;1;sea;false;ocean;0
13434;4;77;70;sea;false;ocean;0
13435;52;1;54;sea;true;ocean;0
13436;60;1;36;sea;true;ocean;0
13437;3;83;25;sea;false;ocean;0
13438;32;6;79;sea;true;ocean;0
13439;37;1;0;sea;true;ocean;0
13440;2;5;41;sea;false;ocean;0
13441;0;25;26;sea;true;ocean;0
13442;15;74;5;sea;false;ocean;0
13443;1;18;41;sea;false;ocean;0
13444;17;56;2;sea;true;ocean;0
13445;8;22;0;sea;false;ocean;0
13446;13;4;70;sea;false;ocean;0
13447;34;1;19;sea;false;ocean;0
13448;28;0;67;sea;false;ocean;0
13449;77;80;4;sea;false;ocean;0
13450;5;0;41;sea;false;ocean;0
13451;6;79;21;sea;false;ocean;0
13452;4;59;34;sea;true;ocean;0
13453;15;39;1;sea;false;ocean;0
13454;71;4;19;sea;false;ocean;0
13455;0;25;32;sea;false;ocean;0
13456;70;1;77;sea;false;ocean;0
13457;37;1;19;sea;false;ocean;0
13458;7;60;0;sea;false;ocean;0
13459;2;29;73;sea;false;ocean;0
13460;16;62;0;sea;false;ocean;0
13461;9;45;0;sea;false;ocean;0
13462;14;0;28;sea;false;ocean;0
13463;3;54;60;sea;false;ocean;0
13464;0;31;0;sea;false;ocean;0
13465;65;33;3;sea;false;ocean;0
13466;50;0;54;sea;false;ocean;0
13467;15;4;75;sea;false;ocean;0
13468;2;74;4;sea;false;ocean;0
13469;3;96;43;sea;false;ocean;0
13470;62;3;42;sea;false;ocean;0
13471;1;16;34;sea;false;ocean;0
13472;23;66;2;sea;false;ocean;0
13473;1;31;37;sea;false;ocean;0
13474;66;1;21;sea;false;ocean;0
13475;35;26;0;sea;false;ocean;0
13476;25;1;59;sea;false;ocean;0
13477;34;4;0;sea;false;ocean;0
13478;2;21;49;sea;false;ocean;0
13479;92;5;36;sea;true;ocean;0
13480;43;1;3;sea;true;ocean;0
13481;2;50;19;sea;false;ocean;0
13482;58;2;73;sea;false;ocean;0
13483;0;21;11;sea;false;ocean;0
13484;52;2;2;sea;false;ocean;0
13485;26;3;59;sea;false;ocean;0
13486;1;74;60;sea;true;ocean;0
13487;23;0;22;sea;false;ocean;0
13488;92;53;4;sea;false;ocean;0
13489;55;1;25;sea;false;lakes;0
13490;4;82;49;sea;false;ocean;0
13491;43;15;1;sea;false;ocean;0
13492;44;6;96;sea;false;ocean;0
13493;6;16;72;sea;false;ocean;0
13494;0;36;7;sea;false;ocean;0
13495;27;17;0;sea;true;ocean;0
13496;24;17;0;sea;false;ocean;0
13497;18;47;1;sea;false;ocean;0
13498;62;0;33;sea;false;ocean;0
13499;28;1;43;sea;false;ocean;0
13500;0;28;73;sea;false;ocean;0
13501;11;2;59;sea;true;ocean;0
13502;79;0;83;sea;false;ocean;0
13503;81;1;78;sea;false;ocean;0
13504;80;66;7;sea;false;ocean;0
13505;1;36;36;sea;false;ocean;0
13506;16;0;23;sea;false;ocean;0
13507;48;7;90;sea;false;ocean;0
13508;16;24;1;sea;false;ocean;0
13509;17;1;24;sea;false;ocean;0
13510;80;77;4;sea;false;ocean;0
13511;4;62;22;sea;false;ocean;0
13512;0;89;39;sea;true;ocean;0
13513;82;56;2;sea;false;ocean;0
13514;75;82;235;land;true;forest;1
13515;4;76;40;sea;false;ocean;0
13516;51;1;47;sea;false;ocean;0
13517;30;52;1;sea;false;ocean;0
13518;8;6;91;sea;true;ocean;0
13519;3;63;1;sea;false;ocean;0
13520;44;22;2;sea;false;ocean;0
13521;22;0;32;sea;false;ocean;0
13522;2;46;31;sea;true;ocean;0
13523;48;3;63;sea;false;ocean;0
13524;38;79;5;sea;false;ocean;0
13525;34;33;0;sea;false;ocean;0
13526;60;2;30;sea;false;ocean;0
13527;2;38;1;sea;false;ocean;0
13528;1;99;29;sea;true;ocean;0
13529;1;35;12;sea;false;ocean;0
13530;48;2;26;sea;false;ocean;0
13531;52;70;1;sea;false;ocean;0
13532;30;22;0;sea;false;ocean;0
13533;7;87;84;sea;false;ocean;0
13534;44;1;20;sea;false;ocean;0
13535;13;1;39;sea;false;ocean;0
13536;2;21;57;sea;false;ocean;0
13537;2;65;10;sea;false;ocean;0
13538;59;1;32;sea;false;ocean;0
13539;5;29;77;sea;false;ocean;0
13540;93;41;1;sea;false;ocean;0
13541;65;4;55;sea;false;ocean;0
13542;45;17;1;sea;false;ocean;0
13543;42;2;69;sea;false;ocean;0
13544;30;7;84;sea;false;ocean;0
13545;27;1;2;sea;true;ocean;0
13546;65;6;84;sea;false;ocean;0
13547;4;67;67;sea;false;ocean;0
13548;72;1;53;sea;false;ocean;0
13549;4;17;72;sea;false;ocean;0
13550;33;3;1;sea;false;ocean;0
13551;0;49;41;sea;false;ocean;0
13552;19;60;4;sea;false;ocean;0
13553;80;3;76;sea;false;ocean;0
13554;6;0;33;sea;false;ocean;0
13555;0;42;46;sea;true;ocean;0
13556;3;72;17;sea;false;ocean;0
13557;47;86;8;sea;false;ocean;0
13558;15;0;25;sea;true;ocean;0
13559;2;22;53;sea;false;ocean;0
13560;1;43;13;sea;false;ocean;0
13561;1;8;53;sea;true;ocean;0
13562;38;0;27;sea;true;ocean;0
13563;1;45;49;sea;true;ocean;0
13564;1;74;32;sea;false;ocean;0
13565;4;36;81;sea;false;ocean;0
13566;7;16;86;sea;false;ocean;0
13567;2;28;42;sea;true;ocean;0
13568;1;77;81;sea;true;ocean;0
13569;0;26;16;sea;false;ocean;0
13570;92;6;0;sea;false;ocean;0
13571;1;34;55;sea;false;ocean;0
13572;3;63;16;sea;false;ocean;0
13573;8;1;34;sea;false;ocean;0
13574;1;60;10;sea;true;ocean;0
13575;45;2;9;sea;false;ocean;0
13576;26;1;27;sea;false;ocean;0
13577;0;43;10;sea;true;ocean;0
13578;46;74;2;sea;true;ocean;0
13579;85;2;51;sea;false;ocean;0
13580;9;0;28;sea;false;ocean;0
13581;1;45;16;sea;false;ocean;0
13582;35;37;1;sea;true;ocean;0
13583;1;56;11;sea;false;ocean;0
13584;47;27;0;sea;true;ocean;0
13585;0;27;28;sea;false;ocean;0
13586;7;60;84;sea;false;ocean;0
13587;0;3;34;sea;false;ocean;0
13588;44;92;5;sea;false;ocean;0
13589;2;48;30;sea;false;ocean;0
13590;14;29;1;sea;true;ocean;0
13591;19;58;1;sea;false;ocean;0
13592;35;1;3;sea;false;ocean;0
13593;9;71;0;sea;false;ocean;0
13594;31;18;1;sea;false;ocean;0
13595;19;0;22;sea;false;ocean;0
13596;0;25;35;sea;false;ocean;0
13597;211;249;163;land;true;plains;1
13598;25;1;11;sea;false;ocean;0
13599;20;91;7;sea;false;ocean;0
13600;2;73;35;sea;false;ocean;0
13601;6;77;0;sea;true;ocean;0
13602;2;20;59;sea;false;ocean;0
13603;33;59;3;sea;false;ocean;0
13604;0;28;31;sea;true;ocean;0
13605;100;1;60;sea;true;ocean;0
13606;69;2;54;sea;false;ocean;0
13607;0;28;15;sea;false;ocean;0
13608;22;0;20;sea;false;ocean;0
13609;63;45;1;sea;false;ocean;0
13610;28;1;30;sea;false;ocean;0
13611;1;48;32;sea;true;ocean;0
13612;27;0;37;sea;false;ocean;0
13613;1;94;70;sea;true;ocean;0
13614;92;32;1;sea;false;ocean;0
13615;6;84;5;sea;false;ocean;0
13616;21;2;58;sea;false;ocean;0
13617;23;7;0;sea;false;ocean;0
13618;71;4;16;sea;false;ocean;0
13619;1;18;24;sea;false;ocean;0
13620;50;75;4;sea;true;ocean;0
13621;28;1;36;sea;true;ocean;0
13622;0;8;33;sea;false;ocean;0
13623;71;45;3;sea;false;ocean;0
13624;1;39;99;sea;true;ocean;0
13625;2;55;64;sea;false;ocean;0
13626;75;4;27;sea;false;ocean;0
13627;1;40;2;sea;false;ocean;0
13628;57;68;3;sea;false;ocean;0
13629;84;68;3;sea;false;ocean;0
13630;2;66;26;sea;true;ocean;0
13631;0;9;20;sea;false;ocean;0
13632;1;42;42;sea;true;ocean;0
13633;0;50;27;sea;true;ocean;0
13634;0;49;11;sea;false;ocean;0
13635;1;36;32;sea;false;ocean;0
13636;34;26;0;sea;false;ocean;0
13637;0;16;30;sea;true;ocean;0
13638;3;77;73;sea;true;ocean;0
13639;50;23;3;sea;false;ocean;0
13640;35;46;2;sea;true;ocean;0
13641;24;0;14;sea;false;ocean;0
13642;62;5;84;sea;false;ocean;0
13643;72;54;1;sea;false;ocean;0
13644;60;3;12;sea;true;ocean;0
13645;0;54;65;sea;false;ocean;0
13646;77;38;7;sea;false;ocean;0
13647;32;19;1;sea;true;ocean;0
13648;3;67;2;sea;false;ocean;0
13649;1;56;65;sea;false;ocean;0
13650;59;0;4;sea;false;ocean;0
13651;42;1;35;sea;false;ocean;0
13652;25;0;7;sea;false;ocean;0
13653;5;1;34;sea;true;ocean;0
13654;72;50;0;sea;false;ocean;0
13655;1;66;40;sea;false;ocean;0
13656;3;13;58;sea;true;ocean;0
13657;33;9;0;sea;true;ocean;0
13658;6;51;89;sea;false;ocean;0
13659;6;1;44;sea;false;ocean;0
13660;24;0;4;sea;true;ocean;0
13661;38;59;3;sea;false;ocean;0
13662;6;78;12;sea;true;ocean;0
13663;40;2;62;sea;false;ocean;0
13664;91;1;11;sea;false;ocean;0
13665;33;17;1;sea;false;ocean;0
13666;2;48;36;sea;false;ocean;0
13667;49;79;2;sea;false;ocean;0
13668;1;46;4;sea;true;ocean;0
13669;52;55;1;sea;true;ocean;0
13670;31;7;78;sea;true;ocean;0
13671;37;43;2;sea;false;ocean;0
13672;1;26;36;sea;false;ocean;0
13673;5;58;72;sea;false;ocean;0
13674;44;12;0;sea;false;ocean;0
13675;70;2;16;sea;false;ocean;0
13676;51;4;63;sea;false;ocean;0
13677;18;0;32;sea;false;ocean;0
13678;35;1;12;sea;false;ocean;0
13679;1;28;37;sea;false;ocean;0
13680;2;54;58;sea;false;ocean;0
13681;2;27;63;sea;false;ocean;0
13682;29;1;25;sea;false;ocean;0
13683;30;42;1;sea;true;ocean;0
13684;2;41;75;sea;true;ocean;0
13685;82;41;0;sea;false;ocean;0
13686;3;56;32;sea;false;ocean;0
13687;2;43;36;sea;true;ocean;0
13688;64;29;1;sea;false;ocean;0
13689;21;22;0;sea;true;ocean;0
13690;64;10;3;sea;false;ocean;0
13691;0;6;30;sea;true;ocean;0
13692;76;79;2;sea;true;ocean;0
13693;28;0;25;sea;false;ocean;0
13694;53;4;71;sea;false;ocean;0
13695;55;0;31;sea;false;ocean;0
13696;62;2;35;sea;true;ocean;0
13697;0;29;42;sea;true;ocean;0
13698;36;20;1;sea;true;ocean;0
13699;0;26;22;sea;false;ocean;0
13700;68;0;62;sea;true;ocean;0
13701;3;71;60;sea;false;ocean;0
13702;75;26;1;sea;false;ocean;0
13703;38;0;24;sea;false;ocean;0
13704;9;73;4;sea;false;ocean;0
13705;54;1;55;sea;true;ocean;0
13706;50;2;34;sea;false;ocean;0
13707;3;1;97;sea;false;ocean;0
13708;1;87;74;sea;false;ocean;0
13709;1;34;56;sea;false;ocean;0
13710;13;4;65;sea;false;ocean;0
13711;23;20;0;sea;true;ocean;0
13712;86;63;3;sea;true;ocean;0
13713;21;44;1;sea;false;ocean;0
13714;79;5;66;sea;true;ocean;0
13715;21;13;0;sea;false;ocean;0
13716;38;5;1;sea;false;ocean;0
13717;2;37;62;sea;true;ocean;0
13718;13;71;1;sea;true;ocean;0
13719;2;39;54;sea;false;ocean;0
13720;42;0;32;sea;false;ocean;0
13721;27;24;1;sea;false;ocean;0
13722;37;22;0;sea;false;ocean;0
13723;18;2;77;sea;true;ocean;0
13724;36;14;0;sea;false;ocean;0
13725;2;61;72;sea;false;ocean;0
13726;74;77;5;sea;false;ocean;0
13727;6;29;0;sea;true;ocean;0
13728;25;1;15;sea;false;ocean;0
13729;15;70;1;sea;false;ocean;0
13730;16;0;31;sea;true;ocean;0
13731;30;3;65;sea;false;ocean;0
13732;5;79;90;sea;false;ocean;0
13733;50;3;0;sea;false;ocean;0
13734;41;1;34;sea;true;ocean;0
13735;10;1;59;sea;false;ocean;0
13736;5;83;36;sea;true;ocean;0
13737;8;81;1;sea;false;ocean;0
13738;51;62;1;sea;false;ocean;0
13739;81;23;1;sea;false;ocean;0
13740;5;36;84;sea;true;ocean;0
13741;5;0;30;sea;true;ocean;0
13742;0;25;3;sea;false;ocean;0
13743;1;27;6;sea;false;ocean;0
13744;77;0;62;sea;true;ocean;0
13745;30;5;1;sea;false;ocean;0
13746;1;60;54;sea;false;ocean;0
13747;41;0;15;sea;false;ocean;0
13748;1;31;32;sea;false;ocean;0
13749;5;70;11;sea;false;ocean;0
13750;6;95;21;sea;true;ocean;0
13751;7;75;16;sea;true;ocean;0
13752;57;22;3;sea;false;ocean;0
13753;1;48;14;sea;true;ocean;0
13754;51;43;2;sea;false;ocean;0
13755;50;2;6;sea;false;ocean;0
13756;27;43;1;sea;false;ocean;0
13757;2;66;23;sea;false;ocean;0
13758;3;29;1;sea;true;ocean;0
13759;83;4;67;sea;false;ocean;0
13760;46;2;57;sea;false;ocean;0
13761;18;29;0;sea;true;ocean;0
13762;44;8;83;sea;false;ocean;0
13763;2;94;65;sea;false;ocean;0
13764;93;5;4;sea;false;ocean;0
13765;5;55;0;sea;false;ocean;0
13766;79;0;98;sea;false;ocean;0
13767;77;3;78;sea;false;ocean;0
13768;85;1;18;sea;false;ocean;0
13769;4;69;27;sea;true;ocean;0
13770;91;79;2;sea;false;ocean;0
13771;78;20;1;sea;true;ocean;0
13772;3;23;87;sea;false;ocean;0
13773;34;72;6;sea;false;ocean;0
13774;4;94;20;sea;true;ocean;0
13775;32;92;9;sea;false;ocean;0
13776;134;154;244;land;false;plains;1
13777;73;2;17;sea;true;ocean;0
13778;0;29;76;sea;false;ocean;0
13779;0;34;7;sea;true;ocean;0
13780;86;18;8;sea;true;ocean;0
13781;13;4;68;sea;false;ocean;0
13782;0;6;29;sea;false;ocean;0
13783;2;63;18;sea;false;ocean;0
13784;0;1;23;sea;true;ocean;0
13785;0;24;22;sea;false;ocean;0
13786;37;1;29;sea;true;ocean;0
13787;57;1;33;sea;false;ocean;0
13788;64;34;2;sea;false;ocean;0
13789;90;58;4;sea;true;ocean;0
13790;44;1;1;sea;false;ocean;0
13791;90;9;28;sea;true;ocean;0
13792;45;41;0;sea;false;ocean;0
13793;46;3;50;sea;true;ocean;0
13794;27;19;1;sea;false;ocean;0
13795;22;21;0;sea;false;ocean;0
13796;1;8;30;sea;false;ocean;0
13797;101;0;35;sea;false;ocean;0
13798;64;6;72;sea;false;ocean;0
13799;83;4;54;sea;false;ocean;0
13800;0;16;25;sea;false;ocean;0
13801;2;49;52;sea;true;ocean;0
13802;2;58;59;sea;false;ocean;0
13803;73;2;44;sea;false;ocean;0
13804;30;68;5;sea;false;ocean;0
13805;7;62;2;sea;true;ocean;0
13806;38;43;0;sea;false;ocean;0
13807;21;0;3;sea;true;ocean;0
13808;35;28;1;sea;true;ocean;0
13809;40;2;54;sea;true;ocean;0
13810;3;64;30;sea;false;ocean;0
13811;23;2;61;sea;false;ocean;0
13812;63;79;2;sea;false;ocean;0
13813;3;76;95;sea;true;ocean;0
13814;2;54;6;sea;true;ocean;0
13815;15;0;27;sea;false;ocean;0
13816;72;0;96;sea;false;ocean;0
13817;46;0;50;sea;true;ocean;0
13818;19;0;55;sea;false;ocean;0
13819;2;48;44;sea;true;ocean;0
13820;90;50;8;sea;false;ocean;0
13821;57;2;32;sea;false;ocean;0
13822;46;39;2;sea;false;ocean;0
13823;27;0;9;sea;false;ocean;0
13824;51;61;3;sea;false;ocean;0
13825;27;56;1;sea;false;ocean;0
13826;3;12;71;sea;false;ocean;0
13827;72;96;6;sea;false;ocean;0
13828;55;69;1;sea;false;ocean;0
13829;1;80;47;sea;false;ocean;0
13830;26;0;36;sea;false;ocean;0
13831;0;23;42;sea;true;ocean;0
13832;0;51;89;sea;false;ocean;0
13833;41;2;78;sea;false;ocean;0
13834;57;7;94;sea;true;ocean;0
13835;35;0;40;sea;false;ocean;0
13836;80;2;24;sea;false;ocean;0
13837;30;4;62;sea;false;ocean;0
13838;9;85;9;sea;true;ocean;0
13839;41;2;56;sea;true;ocean;0
13840;4;1;42;sea;false;ocean;0
13841;5;80;68;sea;false;ocean;0
13842;4;3;94;sea;false;ocean;0
13843;33;1;25;sea;false;ocean;0
13844;3;55;20;sea;true;ocean;0
13845;57;13;0;sea;false;ocean;0
13846;5;0;29;sea;false;ocean;0
13847;54;51;2;sea;false;ocean;0
13848;1;53;32;sea;false;ocean;0
13849;16;2;73;sea;false;ocean;0
13850;38;31;1;sea;true;ocean;0
13851;65;5;4;sea;false;ocean;0
13852;50;2;40;sea;false;ocean;0
13853;47;1;16;sea;true;ocean;0
13854;3;31;76;sea;false;ocean;0
13855;48;70;6;sea;false;ocean;0
13856;84;4;86;sea;true;ocean;0
13857;47;43;0;sea;true;ocean;0
13858;31;14;1;sea;true;ocean;0
13859;45;1;0;sea;true;ocean;0
13860;25;9;0;sea;false;ocean;0
13861;46;9;91;sea;true;ocean;0
13862;42;5;97;sea;false;ocean;0
13863;70;31;3;sea;true;ocean;0
13864;53;28;1;sea;false;ocean;0
13865;73;96;4;sea;true;ocean;0
13866;28;4;70;sea;false;ocean;0
13867;1;0;26;sea;false;ocean;0
13868;96;16;4;sea;false;ocean;0
13869;1;40;10;sea;false;ocean;0
13870;0;29;72;sea;true;ocean;0
13871;93;93;6;sea;false;ocean;0
13872;8;29;91;sea;false;ocean;0
13873;1;12;82;sea;true;ocean;0
13874;11;30;0;sea;false;ocean;0
13875;2;99;87;sea;false;ocean;0
13876;0;33;46;sea;true;ocean;0
13877;4;61;59;sea;false;ocean;0
13878;27;6;86;sea;false;ocean;0
13879;75;2;15;sea;true;ocean;0
13880;22;1;37;sea;true;ocean;0
13881;60;83;0;sea;true;ocean;0
13882;2;57;8;sea;false;ocean;0
13883;44;0;63;sea;false;ocean;0
13884;4;28;65;sea;true;ocean;0
13885;1;41;32;sea;false;ocean;0
13886;38;45;2;sea;false;ocean;0
13887;88;59;2;sea;false;ocean;0
13888;79;0;44;sea;false;ocean;0
13889;4;24;85;sea;false;ocean;0
13890;22;1;30;sea;false;ocean;0
13891;22;25;0;sea;false;ocean;0
13892;8;1;40;sea;false;ocean;0
13893;31;0;15;sea;false;ocean;0
13894;0;20;39;sea;false;ocean;0
13895;98;0;47;sea;false;ocean;0
13896;40;30;2;sea;false;ocean;0
13897;54;3;45;sea;false;ocean;0
13898;15;2;58;sea;false;ocean;0
13899;65;60;3;sea;false;ocean;0
13900;1;58;20;sea;false;ocean;0
13901;0;85;99;sea;false;ocean;0
13902;5;73;32;sea;false;ocean;0
13903;80;5;8;sea;false;ocean;0
13904;51;0;81;sea;false;ocean;0
13905;6;97;2;sea;false;ocean;0
13906;8;92;66;sea;false;ocean;0
13907;3;64;34;sea;false;ocean;0
13908;77;39;2;sea;false;ocean;0
13909;54;3;34;sea;false;ocean;0
13910;34;2;1;sea;false;ocean;0
13911;62;45;3;sea;false;ocean;0
13912;10;8;84;sea;false;ocean;0
13913;77;4;72;sea;false;ocean;0
13914;48;2;68;sea;false;ocean;0
13915;78;66;4;sea;false;ocean;0
13916;65;2;94;sea;false;ocean;0
13917;37;1;27;sea;false;ocean;0
13918;84;44;3;sea;false;ocean;0
13919;31;1;23;sea;false;ocean;0
13920;38;2;76;sea;true;ocean;0
13921;82;7;83;sea;false;ocean;0
13922;30;17;0;sea;false;ocean;0
13923;3;43;83;sea;false;ocean;0
13924;4;62;6;sea;true;ocean;0
13925;58;3;54;sea;true;ocean;0
13926;80;7;74;sea;false;ocean;0
13927;47;87;7;sea;false;ocean;0
13928;88;4;93;sea;false;ocean;0
13929;14;1;28;sea;false;ocean;0
13930;7;0;51;sea;false;ocean;0
13931;7;91;35;sea;false;ocean;0
13932;1;63;21;sea;false;ocean;0
13933;77;3;83;sea;false;ocean;0
13934;42;77;5;sea;false;ocean;0
13935;4;82;50;sea;false;ocean;0
13936;1;77;4;sea;false;ocean;0
13937;97;2;50;sea;false;ocean;0
13938;72;9;1;sea;false;ocean;0
13939;29;19;1;sea;false;ocean;0
13940;49;14;1;sea;false;ocean;0
13941;51;14;1;sea;false;ocean;0
13942;59;68;3;sea;false;ocean;0
13943;87;70;5;sea;false;ocean;0
13944;2;5;72;sea;true;ocean;0
13945;41;1;11;sea;false;ocean;0
13946;23;49;2;sea;true;ocean;0
13947;23;1;34;sea;true;ocean;0
13948;84;3;77;sea;false;ocean;0
13949;2;74;19;sea;false;ocean;0
13950;20;0;20;sea;false;ocean;0
13951;1;19;87;sea;true;ocean;0
13952;22;33;0;sea;false;ocean;0
13953;0;17;27;sea;false;ocean;0
13954;39;37;1;sea;false;ocean;0
13955;44;2;5;sea;false;ocean;0
13956;52;18;2;sea;false;ocean;0
13957;29;0;22;sea;false;ocean;0
13958;12;3;65;sea;false;ocean;0
13959;0;21;25;sea;true;ocean;0
13960;44;0;73;sea;true;ocean;0
13961;41;3;52;sea;false;ocean;0
13962;7;87;52;sea;false;ocean;0
13963;70;89;1;sea;false;ocean;0
13964;86;6;77;sea;false;ocean;0
13965;3;58;24;sea;false;ocean;0
13966;38;47;1;sea;true;ocean;0
13967;23;95;3;sea;false;ocean;0
13968;82;1;30;sea;true;ocean;0
13969;1;36;21;sea;false;ocean;0
13970;55;10;2;sea;false;ocean;0
13971;57;1;16;sea;false;ocean;0
13972;73;5;1;sea;false;ocean;0
13973;2;42;69;sea;false;ocean;0
13974;61;29;4;sea;true;ocean;0
13975;68;3;48;sea;false;ocean;0
13976;21;35;1;sea;true;ocean;0
13977;1;61;11;sea;false;ocean;0
13978;5;70;70;sea;false;ocean;0
13979;58;8;2;sea;false;ocean;0
13980;31;27;1;sea;true;ocean;0
13981;52;2;23;sea;false;ocean;0
13982;3;0;22;sea;false;ocean;0
13983;5;77;32;sea;false;ocean;0
13984;14;29;0;sea;true;ocean;0
13985;34;0;21;sea;true;ocean;0
13986;0;23;25;sea;false;ocean;0
13987;35;85;6;sea;true;ocean;0
13988;3;81;6;sea;false;ocean;0
13989;69;77;1;sea;false;ocean;0
13990;47;2;56;sea;false;ocean;0
13991;31;24;0;sea;true;ocean;0
13992;60;11;2;sea;false;ocean;0
13993;67;89;1;sea;false;ocean;0
13994;7;1;28;sea;false;ocean;0
13995;3;1;51;sea;false;ocean;0
13996;94;2;70;sea;false;ocean;0
13997;19;0;24;sea;true;ocean;0
13998;45;4;86;sea;false;ocean;0
13999;74;90;7;sea;false;ocean;0
14000;53;67;3;sea;false;ocean;0
14001;7;90;87;sea;false;ocean;0
14002;1;14;42;sea;true;ocean;0
14003;81;0;62;sea;true;ocean;0
14004;17;0;40;sea;false;ocean;0
14005;13;63;4;sea;true;ocean;0
14006;24;24;0;sea;false;ocean;0
14007;35;24;0;sea;false;ocean;0
14008;67;3;3;sea;false;ocean;0
14009;79;5;26;sea;false;ocean;0
14010;28;41;2;sea;false;ocean;0
14011;2;64;5;sea;true;ocean;0
14012;61;4;31;sea;false;ocean;0
14013;0;51;29;sea;false;ocean;0
14014;2;68;42;sea;false;ocean;0
14015;2;45;27;sea;false;ocean;0
14016;63;48;1;sea;false;ocean;0
14017;84;5;91;sea;false;ocean;0
14018;35;1;19;sea;false;ocean;0
14019;38;13;0;sea;true;ocean;0
14020;2;77;31;sea;false;ocean;0
14021;25;1;33;sea;true;ocean;0
14022;0;25;16;sea;false;ocean;0
14023;28;74;2;sea;false;ocean;0
14024;70;15;5;sea;false;ocean;0
14025;75;207;253;land;false;plains;1
14026;73;5;23;sea;false;ocean;0
14027;70;33;2;sea;false;ocean;0
14028;50;11;3;sea;true;ocean;0
14029;5;74;59;sea;false;ocean;0
14030;36;73;2;sea;true;ocean;0
14031;64;61;3;sea;false;ocean;0
14032;0;38;29;sea;false;ocean;0
14033;32;85;1;sea;false;ocean;0
14034;4;6;88;sea;true;ocean;0
14035;100;1;36;sea;false;ocean;0
14036;2;22;0;sea;false;ocean;0
14037;20;1;45;sea;true;ocean;0
14038;3;55;11;sea;false;ocean;0
14039;2;1;49;sea;false;ocean;0
14040;0;46;36;sea;false;ocean;0
14041;48;2;25;sea;true;ocean;0
14042;3;13;92;sea;false;ocean;0
14043;70;2;59;sea;false;ocean;0
14044;3;16;65;sea;true;ocean;0
14045;1;25;0;sea;true;ocean;0
14046;93;35;6;sea;true;ocean;0
14047;1;57;75;sea;false;ocean;0
14048;39;4;1;sea;true;ocean;0
14049;3;6;56;sea;true;ocean;0
14050;36;11;0;sea;false;ocean;0
14051;1;1;57;sea;false;ocean;0
14052;37;24;0;sea;false;ocean;0
14053;5;27;81;sea;false;ocean;0
14054;3;20;97;sea;true;ocean;0
14055;50;2;8;sea;false;ocean;0
14056;97;51;1;sea;true;ocean;0
14057;5;77;45;sea;true;ocean;0
14058;3;70;53;sea;false;ocean;0
14059;53;0;34;sea;false;ocean;0
14060;14;2;90;sea;true;ocean;0
14061;51;2;28;sea;true;ocean;0
14062;2;47;5;sea;false;ocean;0
14063;0;44;30;sea;true;ocean;0
14064;45;36;1;sea;true;ocean;0
14065;52;3;67;sea;true;ocean;0
14066;54;2;24;sea;true;ocean;0
14067;86;8;15;sea;false;ocean;0
14068;95;7;42;sea;false;ocean;0
14069;3;79;53;sea;false;ocean;0
14070;1;54;29;sea;false;ocean;0
14071;2;65;40;sea;false;ocean;0
14072;0;32;66;sea;true;ocean;0
14073;62;4;65;sea;true;ocean;0
14074;0;25;39;sea;false;ocean;0
14075;36;1;28;sea;false;ocean;0
14076;35;1;61;sea;false;ocean;0
14077;0;27;13;sea;true;ocean;0
14078;91;17;4;sea;false;ocean;0
14079;39;1;32;sea;false;ocean;0
14080;21;0;8;sea;false;ocean;0
14081;78;7;7;sea;true;ocean;0
14082;24;3;80;sea;true;ocean;0
14083;5;25;76;sea;false;ocean;0
14084;58;32;3;sea;false;ocean;0
14085;24;0;5;sea;true;ocean;0
14086;45;0;24;sea;false;ocean;0
14087;4;77;54;sea;false;ocean;0
14088;76;0;27;sea;true;ocean;0
14089;1;13;38;sea;false;ocean;0
14090;40;19;2;sea;false;ocean;0
14091;3;68;47;sea;true;ocean;0
14092;0;35;41;sea;true;ocean;0
14093;5;75;58;sea;false;ocean;0
14094;1;14;40;sea;true;ocean;0
14095;44;0;27;sea;false;ocean;0
14096;6;36;74;sea;true;ocean;0
14097;89;1;79;sea;false;ocean;0
14098;40;2;68;sea;false;ocean;0
14099;66;50;4;sea;false;ocean;0
14100;0;40;56;sea;false;ocean;0
14101;1;55;79;sea;true;ocean;0
14102;1;35;15;sea;false;ocean;0
14103;40;88;8;sea;false;ocean;0
14104;41;69;4;sea;false;ocean;0
14105;1;28;30;sea;false;ocean;0
14106;58;6;90;sea;true;ocean;0
14107;32;1;53;sea;false;ocean;0
14108;43;6;2;sea;true;ocean;0
14109;100;1;25;sea;true;ocean;0
14110;0;22;24;sea;false;ocean;0
14111;28;2;94;sea;false;ocean;0
14112;43;3;55;sea;false;ocean;0
14113;44;2;0;sea;false;ocean;0
14114;0;40;48;sea;true;ocean;0
14115;36;2;81;sea;false;ocean;0
14116;3;68;38;sea;false;ocean;0
14117;7;50;83;sea;false;ocean;0
14118;14;1;53;sea;false;ocean;0
14119;4;32;67;sea;false;ocean;0
14120;2;62;42;sea;false;ocean;0
14121;81;99;2;sea;false;ocean;0
14122;39;47;1;sea;false;ocean;0
14123;0;5;31;sea;false;ocean;0
14124;33;1;51;sea;true;ocean;0
14125;3;69;50;sea;false;ocean;0
14126;34;22;1;sea;true;ocean;0
14127;2;76;55;sea;false;ocean;0
14128;72;1;21;sea;true;ocean;0
14129;56;26;1;sea;false;ocean;0
14130;81;20;2;sea;false;ocean;0
14131;13;25;0;sea;true;ocean;0
14132;2;39;82;sea;true;ocean;0
14133;11;4;67;sea;false;ocean;0
14134;73;92;7;sea;false;ocean;0
14135;35;7;90;sea;false;ocean;0
14136;81;8;61;sea;true;ocean;0
14137;44;3;64;sea;false;ocean;0
14138;4;81;82;sea;false;ocean;0
14139;1;72;1;sea;false;ocean;0
14140;3;91;1;sea;true;ocean;0
14141;60;59;0;sea;true;ocean;0
14142;4;31;92;sea;false;ocean;0
14143;7;35;90;sea;false;ocean;0
14144;60;3;99;sea;false;ocean;0
14145;73;3;7;sea;true;ocean;0
14146;73;36;1;sea;false;ocean;0
14147;0;37;24;sea;false;ocean;0
14148;69;96;3;sea;false;ocean;0
14149;7;1;35;sea;false;ocean;0
14150;69;16;5;sea;false;ocean;0
14151;0;41;4;sea;false;ocean;0
14152;37;0;4;sea;false;ocean;0
14153;3;52;57;sea;false;ocean;0
14154;1;20;47;sea;false;ocean;0
14155;3;35;0;sea;false;ocean;0
14156;0;17;34;sea;false;ocean;0
14157;35;0;23;sea;true;ocean;0
14158;0;50;11;sea;false;ocean;0
14159;1;40;32;sea;false;ocean;0
14160;66;4;31;sea;true;ocean;0
14161;0;3;37;sea;false;ocean;0
14162;11;48;2;sea;false;ocean;0
14163;3;49;76;sea;true;ocean;0
14164;4;75;10;sea;false;ocean;0
14165;64;2;44;sea;false;ocean;0
14166;31;13;0;sea;true;ocean;0
14167;0;20;5;sea;false;ocean;0
14168;3;60;43;sea;true;ocean;0
14169;69;1;88;sea;false;ocean;0
14170;1;30;1;sea;false;ocean;0
14171;33;54;2;sea;true;ocean;0
14172;0;40;17;sea;true;ocean;0
14173;10;33;0;sea;false;ocean;0
14174;0;20;21;sea;false;ocean;0
14175;51;3;45;sea;false;ocean;0
14176;4;46;60;sea;false;ocean;0
14177;0;5;24;sea;false;ocean;0
14178;0;60;73;sea;false;ocean;0
14179;0;38;40;sea;false;ocean;0
14180;0;3;25;sea;true;ocean;0
14181;37;10;1;sea;false;ocean;0
14182;0;7;21;sea;false;ocean;0
14183;1;33;44;sea;false;ocean;0
14184;13;5;73;sea;false;ocean;0
14185;11;2;84;sea;true;ocean;0
14186;1;92;65;sea;true;ocean;0
14187;1;17;34;sea;false;ocean;0
14188;21;0;25;sea;false;ocean;0
14189;78;2;83;sea;false;ocean;0
14190;32;1;17;sea;false;ocean;0
14191;1;35;25;sea;false;ocean;0
14192;73;63;6;sea;false;ocean;0
14193;43;9;1;sea;false;ocean;0
14194;63;79;3;sea;false;ocean;0
14195;35;13;1;sea;false;ocean;0
14196;62;75;1;sea;true;ocean;0
14197;0;32;6;sea;true;ocean;0
14198;1;66;11;sea;false;ocean;0
14199;88;2;71;sea;false;ocean;0
14200;1;46;20;sea;false;ocean;0
14201;53;22;3;sea;false;ocean;0
14202;66;72;4;sea;false;ocean;0
14203;63;72;5;sea;false;ocean;0
14204;34;0;2;sea;true;ocean;0
14205;1;34;2;sea;false;ocean;0
14206;89;73;5;sea;false;ocean;0
14207;51;45;1;sea;false;ocean;0
14208;6;3;68;sea;true;ocean;0
14209;76;16;6;sea;false;ocean;0
14210;55;2;2;sea;false;ocean;0
14211;1;41;38;sea;true;ocean;0
14212;33;1;33;sea;false;ocean;0
14213;4;72;78;sea;false;ocean;0
14214;2;2;67;sea;false;ocean;0
14215;1;8;56;sea;false;ocean;0
14216;6;3;53;sea;false;ocean;0
14217;0;44;28;sea;false;ocean;0
14218;23;1;0;sea;true;ocean;0
14219;44;0;41;sea;false;ocean;0
14220;48;2;38;sea;true;ocean;0
14221;4;21;61;sea;false;ocean;0
14222;8;88;59;sea;false;ocean;0
14223;0;21;39;sea;false;ocean;0
14224;54;53;3;sea;true;ocean;0
14225;0;57;52;sea;false;ocean;0
14226;42;25;1;sea;true;ocean;0
14227;76;88;4;sea;false;ocean;0
14228;1;34;4;sea;false;ocean;0
14229;4;65;72;sea;true;ocean;0
14230;42;34;2;sea;false;ocean;0
14231;13;84;6;sea;true;ocean;0
14232;58;0;55;sea;true;ocean;0
14233;46;47;2;sea;false;ocean;0
14234;0;90;97;sea;false;ocean;0
14235;32;2;68;sea;false;ocean;0
14236;3;82;18;sea;false;ocean;0
14237;39;24;0;sea;false;ocean;0
14238;0;27;12;sea;false;ocean;0
14239;49;18;1;sea;false;ocean;0
14240;45;2;30;sea;false;ocean;0
14241;0;60;60;sea;false;ocean;0
14242;73;64;6;sea;false;ocean;0
14243;89;20;5;sea;false;ocean;0
14244;1;98;56;sea;false;ocean;0
14245;6;78;16;sea;true;ocean;0
14246;4;1;58;sea;true;ocean;0
14247;27;91;3;sea;false;ocean;0
14248;56;43;3;sea;false;ocean;0
14249;53;1;25;sea;false;ocean;0
14250;47;42;2;sea;true;ocean;0
14251;35;6;82;sea;true;ocean;0
14252;4;13;59;sea;false;ocean;0
14253;29;70;4;sea;true;ocean;0
14254;25;15;0;sea;false;ocean;0
14255;17;26;1;sea;true;ocean;0
14256;1;73;34;sea;true;ocean;0
14257;13;0;29;sea;true;ocean;0
14258;51;2;1;sea;true;ocean;0
14259;12;29;0;sea;false;ocean;0
14260;2;39;27;sea;false;ocean;0
14261;39;64;1;sea;true;ocean;0
14262;53;4;66;sea;false;ocean;0
14263;78;51;1;sea;true;ocean;0
14264;2;35;90;sea;false;ocean;0
14265;67;46;2;sea;true;ocean;0
14266;37;1;40;sea;false;ocean;0
14267;44;10;2;sea;false;ocean;0
14268;8;87;82;sea;false;ocean;0
14269;27;1;21;sea;false;ocean;0
14270;82;38;2;sea;false;ocean;0
14271;42;57;2;sea;false;ocean;0
14272;37;77;4;sea;false;ocean;0
14273;1;78;17;sea;false;ocean;0
14274;77;46;1;sea;false;ocean;0
14275;57;2;27;sea;true;ocean;0
14276;37;2;1;sea;false;ocean;0
14277;93;68;8;sea;true;ocean;0
14278;6;94;63;sea;false;ocean;0
14279;38;1;12;sea;false;ocean;0
14280;93;4;88;sea;false;ocean;0
14281;52;3;54;sea;false;ocean;0
14282;3;47;82;sea;true;ocean;0
14283;69;90;7;sea;false;ocean;0
14284;3;27;0;sea;false;ocean;0
14285;23;2;59;sea;false;ocean;0
14286;1;26;85;sea;false;ocean;0
14287;40;53;2;sea;false;ocean;0
14288;5;52;93;sea;true;ocean;0
14289;12;0;64;sea;false;ocean;0
14290;24;18;0;sea;false;ocean;0
14291;32;59;0;sea;true;ocean;0
14292;91;4;87;sea;true;ocean;0
14293;67;2;76;sea;false;ocean;0
14294;9;1;43;sea;false;ocean;0
14295;2;32;48;sea;false;ocean;0
14296;94;73;4;sea;false;ocean;0
14297;10;0;21;sea;false;ocean;0
14298;40;50;3;sea;true;ocean;0
14299;11;5;73;sea;false;ocean;0
14300;0;86;90;sea;false;ocean;0
14301;1;35;34;sea;false;ocean;0
14302;6;0;39;sea;true;ocean;0
14303;62;45;4;sea;true;ocean;0
14304;38;1;39;sea;false;ocean;0
14305;59;77;7;sea;false;ocean;0
14306;37;58;1;sea;false;ocean;0
14307;2;55;82;sea;false;ocean;0
14308;74;58;5;sea;false;ocean;0
14309;82;28;1;sea;false;ocean;0
14310;0;25;11;sea;false;ocean;0
14311;67;84;8;sea;true;ocean;0
14312;5;20;74;sea;true;ocean;0
14313;24;58;2;sea;true;ocean;0
14314;0;5;29;sea;true;ocean;0
14315;0;27;22;sea;false;ocean;0
14316;31;7;1;sea;true;ocean;0
14317;31;1;1;sea;false;ocean;0
14318;75;0;22;sea;false;ocean;0
14319;83;33;5;sea;true;ocean;0
14320;31;8;0;sea;false;ocean;0
14321;22;36;1;sea;false;ocean;0
14322;18;4;95;sea;false;ocean;0
14323;62;95;1;sea;false;ocean;0
14324;1;3;44;sea;false;ocean;0
14325;4;62;56;sea;false;ocean;0
14326;4;70;68;sea;false;ocean;0
14327;5;82;89;sea;true;ocean;0
14328;0;25;0;sea;true;ocean;0
14329;67;72;5;sea;false;ocean;0
14330;3;1;31;sea;true;ocean;0
14331;25;17;0;sea;false;ocean;0
14332;24;0;6;sea;false;ocean;0
14333;1;30;37;sea;true;ocean;0
14334;65;2;95;sea;false;ocean;0
14335;6;48;83;sea;false;ocean;0
14336;1;5;94;sea;false;ocean;0
14337;75;82;5;sea;false;ocean;0
14338;86;7;44;sea;false;ocean;0
14339;27;38;1;sea;true;ocean;0
14340;92;23;9;sea;false;ocean;0
14341;48;1;16;sea;false;ocean;0
14342;55;20;3;sea;false;ocean;0
14343;45;41;2;sea;false;ocean;0
14344;38;2;67;sea;true;ocean;0
14345;1;68;0;sea;false;ocean;0
14346;51;1;1;sea;false;ocean;0
14347;48;20;1;sea;true;ocean;0
14348;12;49;0;sea;false;ocean;0
14349;1;95;34;sea;false;ocean;0
14350;35;22;1;sea;false;ocean;0
14351;44;38;1;sea;true;ocean;0
14352;65;29;3;sea;false;ocean;0
14353;16;84;4;sea;false;ocean;0
14354;57;51;3;sea;false;ocean;0
14355;5;25;67;sea;false;ocean;0
14356;0;19;35;sea;true;ocean;0
14357;9;92;7;sea;false;ocean;0
14358;6;23;0;sea;true;ocean;0
14359;10;22;90;sea;true;ocean;0
14360;0;16;82;sea;false;ocean;0
14361;12;63;2;sea;true;ocean;0
14362;1;27;0;sea;false;ocean;0
14363;1;40;7;sea;true;ocean;0
14364;0;28;9;sea;false;ocean;0
14365;3;24;56;sea;false;ocean;0
14366;49;2;47;sea;true;ocean;0
14367;10;0;32;sea;true;ocean;0
14368;67;4;34;sea;true;ocean;0
14369;2;27;71;sea;false;ocean;0
14370;54;68;3;sea;false;ocean;0
14371;37;56;3;sea;true;ocean;0
14372;1;96;7;sea;false;ocean;0
14373;82;7;55;sea;false;ocean;0
14374;64;1;34;sea;true;ocean;0
14375;1;71;78;sea;false;ocean;0
14376;15;91;2;sea;true;ocean;0
14377;1;20;64;sea;false;ocean;0
14378;41;1;62;sea;false;ocean;0
14379;41;34;0;sea;false;ocean;0
14380;46;30;2;sea;true;ocean;0
14381;0;22;11;sea;false;ocean;0
14382;37;3;55;sea;false;ocean;0
14383;26;12;0;sea;true;ocean;0
14384;52;73;3;sea;false;ocean;0
14385;69;5;54;sea;true;ocean;0
14386;95;3;98;sea;true;ocean;0
14387;85;54;3;sea;false;ocean;0
14388;22;0;17;sea;true;ocean;0
14389;71;58;3;sea;false;ocean;0
14390;1;61;39;sea;false;ocean;0
14391;53;3;18;sea;true;ocean;0
14392;1;47;55;sea;false;ocean;0
14393;39;92;1;sea;false;ocean;0
14394;2;62;14;sea;true;ocean;0
14395;1;31;42;sea;false;ocean;0
14396;30;1;10;sea;true;ocean;0
14397;101;16;1;sea;false;ocean;0
14398;41;41;1;sea;false;ocean;0
14399;52;5;84;sea;true;ocean;0
14400;22;3;77;sea;false;ocean;0
14401;21;5;88;sea;false;ocean;0
14402;3;20;59;sea;false;ocean;0
14403;5;44;2;sea;false;ocean;0
14404;2;38;63;sea;true;ocean;0
14405;28;0;41;sea;false;ocean;0
14406;6;50;79;sea;false;ocean;0
14407;3;64;15;sea;false;ocean;0
14408;87;15;4;sea;false;ocean;0
14409;1;38;44;sea;false;ocean;0
14410;43;86;8;sea;true;ocean;0
14411;22;42;1;sea;false;ocean;0
14412;16;35;0;sea;false;ocean;0
14413;86;8;22;sea;false;ocean;0
14414;59;67;5;sea;false;ocean;0
14415;5;0;27;sea;true;ocean;0
14416;39;2;0;sea;false;ocean;0
14417;64;7;84;sea;false;ocean;0
14418;1;57;73;sea;false;ocean;0
14419;34;1;28;sea;false;ocean;0
14420;75;39;1;sea;false;ocean;0
14421;51;65;4;sea;false;ocean;0
14422;60;35;2;sea;true;ocean;0
14423;11;1;36;sea;false;ocean;0
14424;48;32;0;sea;false;ocean;0
14425;11;1;99;sea;false;ocean;0
14426;75;6;10;sea;false;ocean;0
14427;3;60;29;sea;false;ocean;0
14428;24;0;8;sea;false;ocean;0
14429;12;4;87;sea;false;ocean;0
14430;3;37;59;sea;true;ocean;0
14431;0;16;23;sea;false;ocean;0
14432;35;70;2;sea;false;ocean;0
14433;31;4;62;sea;true;ocean;0
14434;5;0;23;sea;false;ocean;0
14435;38;1;19;sea;true;ocean;0
14436;23;38;0;sea;false;ocean;0
14437;64;71;2;sea;true;ocean;0
14438;80;2;4;sea;true;ocean;0
14439;7;1;50;sea;true;ocean;0
14440;2;19;65;sea;false;ocean;0
14441;3;0;23;sea;false;ocean;0
14442;26;0;48;sea;true;ocean;0
14443;0;36;13;sea;false;ocean;0
14444;0;43;69;sea;true;ocean;0
14445;72;5;15;sea;true;ocean;0
14446;1;33;5;sea;true;ocean;0
14447;50;75;3;sea;false;ocean;0
14448;44;1;15;sea;false;ocean;0
14449;2;54;37;sea;false;ocean;0
14450;25;22;1;sea;false;ocean;0
14451;0;52;20;sea;true;ocean;0
14452;5;3;59;sea;false;ocean;0
14453;1;27;66;sea;false;ocean;0
14454;54;41;1;sea;true;ocean;0
14455;67;15;2;sea;false;ocean;0
14456;80;7;17;sea;true;ocean;0
14457;5;83;74;sea;false;ocean;0
14458;8;0;48;sea;true;ocean;0
14459;7;80;43;sea;false;ocean;0
14460;1;29;4;sea;false;ocean;0
14461;4;49;92;sea;true;ocean;0
14462;0;1;34;sea;true;ocean;0
14463;88;6;2;sea;false;ocean;0
14464;1;57;100;sea;false;ocean;0
14465;43;1;9;sea;true;ocean;0
14466;28;17;0;sea;true;ocean;0
14467;2;40;28;sea;false;ocean;0
14468;21;4;67;sea;false;ocean;0
14469;45;1;27;sea;true;ocean;0
14470;1;19;36;sea;false;ocean;0
14471;2;68;91;sea;false;ocean;0
14472;11;1;43;sea;false;ocean;0
14473;33;85;8;sea;true;ocean;0
14474;69;20;3;sea;false;ocean;0
14475;9;90;74;sea;false;ocean;0
14476;29;1;46;sea;false;ocean;0
14477;73;58;3;sea;false;ocean;0
14478;46;2;27;sea;false;ocean;0
14479;77;91;3;sea;false;ocean;0
14480;94;28;8;sea;false;ocean;0
14481;0;32;17;sea;false;ocean;0
14482;0;3;65;sea;false;ocean;0
14483;46;6;95;sea;false;ocean;0
14484;61;2;71;sea;false;ocean;0
14485;54;5;79;sea;false;ocean;0
14486;94;15;4;sea;false;ocean;0
14487;41;44;0;sea;false;ocean;0
14488;0;0;22;sea;true;ocean;0
14489;92;9;66;sea;false;ocean;0
14490;90;5;55;sea;true;ocean;0
14491;61;0;71;sea;false;ocean;0
14492;87;6;24;sea;false;ocean;0
14493;2;81;27;sea;false;ocean;0
14494;50;1;14;sea;false;ocean;0
14495;70;8;3;sea;false;ocean;0
14496;76;68;3;sea;true;ocean;0
14497;1;28;90;sea;false;ocean;0
14498;34;1;39;sea;true;ocean;0
14499;3;22;85;sea;false;ocean;0
14500;3;0;36;sea;true;ocean;0
14501;22;8;0;sea;false;ocean;0
14502;22;1;55;sea;false;ocean;0
14503;59;0;63;sea;false;ocean;0
14504;42;26;1;sea;false;ocean;0
14505;33;39;2;sea;false;ocean;0
14506;25;3;88;sea;false;ocean;0
14507;22;0;22;sea;false;ocean;0
14508;3;1;83;sea;false;ocean;0
14509;23;34;0;sea;true;ocean;0
14510;9;30;0;sea;false;ocean;0
14511;3;72;59;sea;true;ocean;0
14512;48;46;2;sea;false;ocean;0
14513;35;0;16;sea;true;ocean;0
14514;54;2;53;sea;false;ocean;0
14515;5;67;33;sea;true;ocean;0
14516;6;74;47;sea;false;ocean;0
14517;27;0;1;sea;true;ocean;0
14518;42;67;4;sea;false;ocean;0
14519;41;2;13;sea;true;ocean;0
14520;20;27;0;sea;false;ocean;0
14521;2;53;20;sea;false;ocean;0
14522;3;38;70;sea;false;ocean;0
14523;2;67;75;sea;false;ocean;0
14524;22;91;6;sea;false;ocean;0
14525;2;43;45;sea;true;ocean;0
14526;77;6;81;sea;true;ocean;0
14527;55;27;2;sea;false;ocean;0
14528;90;3;95;sea;false;ocean;0
14529;1;32;4;sea;false;ocean;0
14530;102;85;0;sea;true;ocean;0
14531;5;20;90;sea;false;ocean;0
14532;32;22;1;sea;true;ocean;0
14533;7;58;84;sea;false;ocean;0
14534;37;0;63;sea;false;ocean;0
14535;29;20;0;sea;false;ocean;0
14536;1;50;55;sea;false;ocean;0
14537;25;3;94;sea;false;ocean;0
14538;0;97;38;sea;true;ocean;0
14539;34;1;43;sea;false;ocean;0
14540;28;1;18;sea;false;ocean;0
14541;1;28;15;sea;false;ocean;0
14542;71;29;5;sea;false;ocean;0
14543;1;22;45;sea;false;ocean;0
14544;74;3;87;sea;false;ocean;0
14545;15;3;60;sea;false;ocean;0
14546;15;0;26;sea;false;ocean;0
14547;21;0;24;sea;true;ocean;0
14548;4;22;62;sea;true;ocean;0
14549;11;0;21;sea;false;ocean;0
14550;24;3;0;sea;true;ocean;0
14551;49;0;5;sea;false;ocean;0
14552;8;11;82;sea;false;ocean;0
14553;65;30;3;sea;false;ocean;0
14554;4;64;14;sea;false;ocean;0
14555;58;4;6;sea;false;ocean;0
14556;71;25;6;sea;false;ocean;0
14557;60;34;2;sea;false;ocean;0
14558;58;27;1;sea;true;ocean;0
14559;68;4;64;sea;false;ocean;0
14560;71;4;34;sea;true;ocean;0
14561;24;1;0;sea;true;ocean;0
14562;26;2;56;sea;false;ocean;0
14563;44;1;4;sea;true;ocean;0
14564;3;90;2;sea;true;ocean;0
14565;2;86;36;sea;false;ocean;0
14566;54;76;3;sea;true;ocean;0
14567;20;9;91;sea;false;ocean;0
14568;19;0;26;sea;false;ocean;0
14569;5;7;90;sea;false;ocean;0
14570;5;14;84;sea;false;ocean;0
14571;2;75;74;sea;false;ocean;0
14572;88;3;28;sea;false;ocean;0
14573;68;1;52;sea;false;ocean;0
14574;86;7;49;sea;false;ocean;0
14575;46;1;17;sea;false;ocean;0
14576;55;53;2;sea;true;ocean;0
14577;22;71;3;sea;false;ocean;0
14578;2;49;61;sea;false;ocean;0
14579;3;36;1;sea;true;ocean;0
14580;86;62;5;sea;false;ocean;0
14581;2;30;88;sea;false;ocean;0
14582;5;89;60;sea;false;ocean;0
14583;53;60;3;sea;true;ocean;0
14584;77;101;1;sea;true;ocean;0
14585;45;0;18;sea;true;ocean;0
14586;78;57;5;sea;false;ocean;0
14587;8;6;79;sea;false;ocean;0
14588;63;56;2;sea;false;ocean;0
14589;42;2;57;sea;false;ocean;0
14590;3;12;63;sea;true;ocean;0
14591;62;2;58;sea;true;ocean;0
14592;0;2;23;sea;false;ocean;0
14593;1;9;31;sea;false;ocean;0
14594;81;2;94;sea;true;ocean;0
14595;46;9;0;sea;false;ocean;0
14596;52;0;94;sea;false;ocean;0
14597;2;81;6;sea;false;ocean;0
14598;65;5;29;sea;false;ocean;0
14599;2;27;45;sea;true;ocean;0
14600;51;4;67;sea;true;ocean;0
14601;40;5;2;sea;false;ocean;0
14602;3;86;0;sea;true;ocean;0
14603;5;61;1;sea;false;ocean;0
14604;43;66;1;sea;false;ocean;0
14605;38;54;2;sea;true;ocean;0
14606;50;46;2;sea;false;ocean;0
14607;15;91;7;sea;false;ocean;0
14608;40;1;30;sea;false;ocean;0
14609;3;25;96;sea;true;ocean;0
14610;31;5;1;sea;false;ocean;0
14611;1;3;55;sea;false;ocean;0
14612;68;5;78;sea;false;ocean;0
14613;1;3;91;sea;true;ocean;0
14614;24;34;0;sea;true;ocean;0
14615;0;37;67;sea;false;ocean;0
14616;7;85;14;sea;true;ocean;0
14617;5;95;12;sea;false;ocean;0
14618;34;72;5;sea;false;ocean;0
14619;93;77;1;sea;false;ocean;0
14620;21;32;0;sea;false;ocean;0
14621;16;26;1;sea;false;ocean;0
14622;1;44;28;sea;false;ocean;0
14623;1;36;30;sea;false;ocean;0
14624;28;7;87;sea;false;ocean;0
14625;74;2;62;sea;false;ocean;0
14626;42;4;88;sea;false;ocean;0
14627;6;90;73;sea;false;ocean;0
14628;5;75;5;sea;false;ocean;0
14629;33;38;1;sea;false;ocean;0
14630;2;62;15;sea;false;ocean;0
14631;67;3;27;sea;false;ocean;0
14632;30;1;9;sea;false;ocean;0
14633;1;98;21;sea;false;ocean;0
14634;5;65;80;sea;false;ocean;0
14635;77;8;88;sea;false;ocean;0
14636;29;1;57;sea;false;ocean;0
14637;81;73;5;sea;false;ocean;0
14638;36;0;38;sea;false;ocean;0
14639;52;36;2;sea;false;ocean;0
14640;13;3;80;sea;false;ocean;0
14641;33;1;30;sea;false;ocean;0
14642;19;0;70;sea;false;ocean;0
14643;1;14;30;sea;false;ocean;0
14644;87;79;1;sea;false;ocean;0
14645;58;1;30;sea;false;ocean;0
14646;9;88;32;sea;false;ocean;0
14647;4;63;37;sea;false;ocean;0
14648;28;1;6;sea;false;ocean;0
14649;76;1;56;sea;false;ocean;0
14650;63;2;43;sea;false;ocean;0
14651;13;0;21;sea;false;ocean;0
14652;95;30;2;sea;false;ocean;0
14653;44;0;1;sea;false;ocean;0
14654;4;13;98;sea;false;ocean;0
14655;46;52;1;sea;false;ocean;0
14656;3;54;32;sea;false;ocean;0
14657;1;35;31;sea;false;ocean;0
14658;1;16;38;sea;false;ocean;0
14659;5;83;79;sea;false;ocean;0
14660;68;1;24;sea;false;ocean;0
14661;48;0;47;sea;false;ocean;0
14662;56;54;1;sea;false;ocean;0
14663;0;53;51;sea;false;ocean;0
14664;26;3;54;sea;false;ocean;0
14665;49;2;21;sea;false;ocean;0
14666;27;50;1;sea;false;ocean;0
14667;16;86;6;sea;false;ocean;0
14668;86;47;4;sea;false;ocean;0
14669;36;31;0;sea;false;ocean;0
14670;2;59;41;sea;false;ocean;0
14671;6;38;0;sea;false;ocean;0
14672;2;60;21;sea;false;ocean;0
14673;3;3;78;sea;false;ocean;0
14674;16;88;7;sea;false;ocean;0
14675;10;60;3;sea;false;ocean;0
14676;1;58;27;sea;false;ocean;0
14677;0;81;61;sea;false;ocean;0
14678;16;31;1;sea;false;ocean;0
14679;1;52;14;sea;false;ocean;0
14680;56;2;75;sea;false;ocean;0
14681;67;3;15;sea;false;ocean;0
14682;1;52;8;sea;false;ocean;0
14683;85;56;4;sea;false;ocean;0
14684;2;25;67;sea;false;ocean;0
14685;54;0;95;sea;false;ocean;0
14686;49;4;66;sea;false;ocean;0
14687;42;3;58;sea;false;ocean;0
14688;75;4;72;sea;false;ocean;0
14689;97;63;3;sea;false;ocean;0
14690;49;37;0;sea;false;ocean;0
14691;11;1;95;sea;false;ocean;0
14692;47;6;0;sea;false;ocean;0
14693;37;70;1;sea;false;ocean;0
14694;96;58;3;sea;false;ocean;0
14695;1;10;64;sea;false;ocean;0
14696;0;41;73;sea;false;ocean;0
14697;29;68;4;sea;false;ocean;0
14698;94;3;54;sea;false;ocean;0
14699;5;84;84;sea;false;ocean;0
14700;56;3;39;sea;false;ocean;0
14701;36;92;5;sea;false;ocean;0
14702;17;91;10;sea;false;ocean;0
14703;1;39;4;sea;false;ocean;0
14704;2;52;60;sea;false;ocean;0
14705;96;93;6;sea;true;ocean;0
14706;1;37;29;sea;false;ocean;0
14707;0;6;33;sea;false;ocean;0
14708;82;10;3;sea;false;ocean;0
14709;27;5;75;sea;false;ocean;0
14710;20;2;45;sea;false;ocean;0
14711;1;60;2;sea;true;ocean;0
14712;4;77;37;sea;true;ocean;0
14713;1;83;42;sea;false;ocean;0
14714;2;0;21;sea;true;ocean;0
14715;76;2;63;sea;false;ocean;0
14716;0;13;20;sea;false;ocean;0
14717;81;3;81;sea;false;ocean;0
14718;1;61;41;sea;false;ocean;0
14719;1;91;59;sea;false;ocean;0
14720;33;97;5;sea;false;ocean;0
14721;1;46;39;sea;false;ocean;0
14722;8;87;61;sea;false;ocean;0
14723;77;59;4;sea;false;ocean;0
14724;39;28;1;sea;false;ocean;0
14725;51;39;1;sea;false;ocean;0
14726;42;86;4;sea;false;ocean;0
14727;82;5;43;sea;false;ocean;0
14728;0;14;30;sea;false;ocean;0
14729;2;61;0;sea;false;ocean;0
14730;45;25;0;sea;false;ocean;0
14731;0;21;35;sea;false;ocean;0
14732;21;78;5;sea;false;ocean;0
14733;0;34;26;sea;true;ocean;0
14734;2;5;56;sea;false;ocean;0
14735;2;34;78;sea;false;ocean;0
14736;66;3;67;sea;false;ocean;0
14737;48;2;48;sea;true;ocean;0
14738;4;25;75;sea;true;ocean;0
14739;1;36;14;sea;false;ocean;0
14740;57;5;2;sea;false;ocean;0
14741;1;63;9;sea;false;ocean;0
14742;64;49;1;sea;false;ocean;0
14743;58;63;3;sea;false;ocean;0
14744;7;3;74;sea;false;ocean;0
14745;65;1;12;sea;false;ocean;0
14746;6;42;2;sea;false;ocean;0
14747;81;35;3;sea;false;ocean;0
14748;3;14;83;sea;false;ocean;0
14749;24;25;1;sea;false;ocean;0
14750;52;69;1;sea;false;ocean;0
14751;65;5;90;sea;false;ocean;0
14752;1;50;63;sea;false;ocean;0
14753;1;27;21;sea;false;ocean;0
14754;12;33;1;sea;true;ocean;0
14755;0;76;9;sea;false;ocean;0
14756;70;29;0;sea;true;ocean;0
14757;60;90;4;sea;false;ocean;0
14758;7;27;1;sea;false;ocean;0
14759;10;2;49;sea;false;ocean;0
14760;0;19;20;sea;false;ocean;0
14761;2;39;46;sea;false;ocean;0
14762;31;0;19;sea;false;ocean;0
14763;88;79;8;sea;false;ocean;0
14764;1;36;23;sea;false;ocean;0
14765;48;99;2;sea;false;ocean;0
14766;2;58;2;sea;false;ocean;0
14767;4;0;29;sea;false;ocean;0
14768;33;0;83;sea;false;ocean;0
14769;54;1;87;sea;false;ocean;0
14770;1;47;37;sea;false;ocean;0
14771;41;13;1;sea;false;ocean;0
14772;65;55;0;sea;false;ocean;0
14773;58;57;3;sea;true;ocean;0
14774;47;3;68;sea;false;ocean;0
14775;1;47;65;sea;false;ocean;0
14776;0;13;25;sea;false;ocean;0
14777;26;63;2;sea;false;ocean;0
14778;2;51;57;sea;false;ocean;0
14779;82;4;76;sea;false;ocean;0
14780;4;84;30;sea;true;ocean;0
14781;78;75;4;sea;false;ocean;0
14782;3;26;74;sea;true;ocean;0
14783;55;75;2;sea;false;ocean;0
14784;53;0;48;sea;false;ocean;0
14785;44;0;71;sea;false;ocean;0
14786;0;44;77;sea;false;ocean;0
14787;3;36;80;sea;false;ocean;0
14788;82;75;7;sea;false;ocean;0
14789;2;62;60;sea;false;ocean;0
14790;3;82;71;sea;false;ocean;0
14791;0;9;25;sea;false;ocean;0
14792;4;70;30;sea;false;ocean;0
14793;2;51;48;sea;false;ocean;0
14794;0;51;46;sea;false;ocean;0
14795;45;68;3;sea;false;ocean;0
14796;62;60;0;sea;false;ocean;0
14797;75;3;37;sea;true;ocean;0
14798;4;32;58;sea;false;ocean;0
14799;47;0;51;sea;false;ocean;0
14800;32;1;22;sea;false;ocean;0
14801;2;81;3;sea;true;ocean;0
14802;6;1;41;sea;false;ocean;0
14803;18;94;3;sea;false;ocean;0
14804;51;14;0;sea;true;ocean;0
14805;5;87;41;sea;true;ocean;0
14806;7;40;79;sea;true;ocean;0
14807;62;1;15;sea;false;ocean;0
14808;5;92;10;sea;false;ocean;0
14809;73;1;58;sea;false;ocean;0
14810;44;54;3;sea;false;ocean;0
14811;59;1;10;sea;false;ocean;0
14812;40;0;13;sea;false;ocean;0
14813;0;7;26;sea;false;ocean;0
14814;100;250;225;land;false;forest;1
14815;2;41;18;sea;false;ocean;0
14816;29;31;1;sea;false;ocean;0
14817;76;4;9;sea;false;ocean;0
14818;33;4;85;sea;false;ocean;0
14819;4;22;92;sea;false;ocean;0
14820;15;0;22;sea;false;ocean;0
14821;65;0;32;sea;false;ocean;0
14822;11;82;4;sea;false;ocean;0
14823;1;12;53;sea;false;ocean;0
14824;62;1;75;sea;false;ocean;0
14825;3;26;58;sea;false;ocean;0
14826;1;2;46;sea;false;ocean;0
14827;26;0;12;sea;false;ocean;0
14828;25;42;1;sea;false;ocean;0
14829;29;0;5;sea;false;ocean;0
14830;12;1;47;sea;true;ocean;0
14831;35;2;86;sea;false;ocean;0
14832;55;2;31;sea;false;ocean;0
14833;49;78;7;sea;false;ocean;0
14834;71;0;3;sea;false;ocean;0
14835;3;90;73;sea;false;ocean;0
14836;5;92;45;sea;true;ocean;0
14837;94;3;75;sea;false;ocean;0
14838;36;76;4;sea;false;ocean;0
14839;4;69;21;sea;false;ocean;0
14840;0;39;50;sea;false;ocean;0
14841;1;12;36;sea;false;ocean;0
14842;97;4;2;sea;false;ocean;0
14843;57;2;52;sea;false;ocean;0
14844;66;6;71;sea;false;ocean;0
14845;6;2;81;sea;false;ocean;0
14846;1;61;93;sea;false;ocean;0
14847;0;10;22;sea;false;ocean;0
14848;10;1;48;sea;false;ocean;0
14849;32;1;26;sea;false;ocean;0
14850;56;3;53;sea;true;ocean;0
14851;46;4;67;sea;true;ocean;0
14852;34;1;35;sea;true;ocean;0
14853;9;38;1;sea;true;ocean;0
14854;72;3;35;sea;false;ocean;0
14855;0;35;11;sea;false;ocean;0
14856;7;47;94;sea;false;ocean;0
14857;10;73;4;sea;true;ocean;0
14858;20;35;1;sea;false;ocean;0
14859;4;11;95;sea;true;ocean;0
14860;94;3;77;sea;false;ocean;0
14861;44;64;4;sea;true;ocean;0
14862;1;66;22;sea;false;ocean;0
14863;27;24;0;sea;false;ocean;0
14864;82;7;38;sea;true;ocean;0
14865;2;67;38;sea;false;ocean;0
14866;99;3;99;sea;false;ocean;0
14867;68;5;60;sea;false;ocean;0
14868;30;70;3;sea;true;ocean;0
14869;3;96;84;sea;true;ocean;0
14870;1;86;88;sea;true;ocean;0
14871;77;4;3;sea;false;ocean;0
14872;50;1;64;sea;false;ocean;0
14873;65;0;18;sea;true;ocean;0
14874;50;41;2;sea;false;ocean;0
14875;15;4;60;sea;true;ocean;0
14876;7;78;5;sea;true;ocean;0
14877;90;10;4;sea;false;ocean;0
14878;20;1;59;sea;true;ocean;0
14879;25;7;0;sea;false;ocean;0
14880;2;39;11;sea;false;ocean;0
14881;75;1;17;sea;true;ocean;0
14882;92;57;6;sea;true;ocean;0
14883;1;70;85;sea;false;ocean;0
14884;71;63;5;sea;false;ocean;0
14885;48;2;14;sea;true;ocean;0
14886;58;56;0;sea;true;ocean;0
14887;7;4;63;sea;false;ocean;0
14888;4;66;36;sea;false;ocean;0
14889;79;47;2;sea;false;ocean;0
14890;87;4;45;sea;false;ocean;0
14891;4;67;43;sea;false;ocean;0
14892;4;26;75;sea;true;ocean;0
14893;2;22;47;sea;false;ocean;0
14894;63;0;12;sea;false;ocean;0
14895;6;54;79;sea;true;ocean;0
14896;5;42;1;sea;true;ocean;0
14897;25;25;0;sea;true;ocean;0
14898;2;90;14;sea;false;ocean;0
14899;31;2;70;sea;false;ocean;0
14900;39;66;4;sea;true;ocean;0
14901;8;86;39;sea;true;ocean;0
14902;88;4;69;sea;true;ocean;0
14903;46;37;1;sea;true;ocean;0
14904;4;1;38;sea;true;ocean;0
14905;15;0;69;sea;false;ocean;0
14906;1;3;37;sea;true;ocean;0
14907;14;1;24;sea;true;ocean;0
14908;3;96;87;sea;false;ocean;0
14909;42;89;5;sea;false;ocean;0
14910;53;59;2;sea;false;ocean;0
14911;50;1;27;sea;false;ocean;0
14912;3;37;71;sea;false;ocean;0
14913;77;66;1;sea;false;ocean;0
14914;2;27;94;sea;true;ocean;0
14915;1;54;53;sea;true;ocean;0
14916;7;25;0;sea;false;ocean;0
14917;0;38;28;sea;true;ocean;0
14918;81;43;2;sea;true;ocean;0
14919;44;0;10;sea;true;ocean;0
14920;81;1;49;sea;true;ocean;0
14921;8;55;1;sea;false;ocean;0
14922;60;2;8;sea;false;ocean;0
14923;4;81;31;sea;false;ocean;0
14924;90;2;47;sea;true;ocean;0
14925;4;5;67;sea;false;ocean;0
14926;35;61;1;sea;false;ocean;0
14927;91;4;89;sea;false;ocean;0
14928;17;1;39;sea;true;ocean;0
14929;2;48;65;sea;true;ocean;0
14930;69;14;3;sea;true;ocean;0
14931;2;60;70;sea;true;ocean;0
14932;43;2;51;sea;true;ocean;0
14933;15;63;1;sea;true;ocean;0
14934;4;42;71;sea;false;ocean;0
14935;74;38;5;sea;true;ocean;0
14936;64;4;73;sea;false;ocean;0
14937;61;29;2;sea;false;ocean;0
14938;75;4;48;sea;false;ocean;0
14939;72;26;5;sea;true;ocean;0
14940;2;49;36;sea;false;ocean;0
14941;4;62;10;sea;true;ocean;0
14942;45;59;0;sea;true;ocean;0
14943;1;23;31;sea;false;ocean;0
14944;7;25;87;sea;false;ocean;0
14945;67;3;39;sea;true;ocean;0
14946;0;23;38;sea;true;ocean;0
14947;0;12;37;sea;false;ocean;0
14948;8;49;2;sea;true;ocean;0
14949;6;32;82;sea;true;ocean;0
14950;27;1;11;sea;false;ocean;0
14951;29;0;27;sea;false;ocean;0
14952;9;4;96;sea;true;ocean;0
14953;30;1;90;sea;true;ocean;0
14954;2;8;53;sea;true;ocean;0
14955;36;11;1;sea;false;ocean;0
14956;48;53;1;sea;true;ocean;0
14957;22;1;47;sea;false;ocean;0
14958;89;42;7;sea;true;ocean;0
14959;1;53;9;sea;true;ocean;0
14960;44;4;70;sea;true;ocean;0
14961;1;29;11;sea;true;ocean;0
14962;24;2;62;sea;false;ocean;0
14963;7;34;0;sea;true;ocean;0
14964;0;21;28;sea;true;ocean;0
14965;50;62;0;sea;true;ocean;0
14966;21;50;1;sea;true;ocean;0
14967;91;8;22;sea;false;ocean;0
14968;30;30;1;sea;true;ocean;0
14969;55;57;3;sea;false;ocean;0
14970;68;5;59;sea;true;ocean;0
14971;0;15;25;sea;false;ocean;0
14972;27;0;102;sea;false;ocean;0
14973;1;70;82;sea;false;ocean;0
14974;79;48;6;sea;true;ocean;0
14975;2;90;81;sea;true;ocean;0
14976;6;62;2;sea;false;ocean;0
14977;7;82;9;sea;true;ocean;0
14978;41;1;19;sea;true;ocean;0
14979;59;25;2;sea;false;ocean;0
14980;37;48;2;sea;true;ocean;0
14981;62;3;33;sea;false;ocean;0
14982;0;48;17;sea;true;ocean;0
14983;23;0;49;sea;true;ocean;0
14984;52;7;86;sea;false;ocean;0
14985;88;89;4;sea;true;ocean;0
14986;37;7;92;sea;true;ocean;0
14987;91;69;3;sea;false;ocean;0
14988;242;166;250;land;true;urban;1
14989;58;1;65;sea;false;ocean;0
14990;1;40;25;sea;false;ocean;0
14991;0;60;2;sea;false;ocean;0
14992;17;52;2;sea;true;ocean;0
14993;2;99;90;sea;true;ocean;0
14994;4;82;87;sea;true;ocean;0
14995;38;50;2;sea;true;ocean;0
14996;0;7;33;sea;false;ocean;0
14997;0;67;33;sea;true;ocean;0
14998;0;21;58;sea;false;ocean;0
14999;25;0;28;sea;false;ocean;0
15000;33;1;8;sea;true;ocean;0
15001;78;57;6;sea;false;ocean;0
15002;53;34;0;sea;false;ocean;0
15003;1;21;32;sea;true;ocean;0
15004;22;67;1;sea;false;ocean;0
15005;54;1;44;sea;true;ocean;0
15006;34;1;6;sea;true;ocean;0
15007;1;83;6;sea;false;ocean;0
15008;18;26;0;sea;true;ocean;0
15009;1;32;91;sea;true;ocean;0
15010;3;55;38;sea;false;ocean;0
15011;14;21;0;sea;true;ocean;0
15012;0;26;0;sea;false;ocean;0
15013;0;32;36;sea;false;ocean;0
15014;2;48;41;sea;true;ocean;0
15015;18;53;0;sea;false;ocean;0
15016;63;2;88;sea;true;ocean;0
15017;29;8;0;sea;true;ocean;0
15018;0;41;20;sea;false;ocean;0
15019;42;3;55;sea;false;ocean;0
15020;89;75;8;sea;false;ocean;0
15021;211;70;189;land;true;forest;1
15022;1;34;37;sea;false;ocean;0
15023;2;34;43;sea;false;ocean;0
15024;56;41;1;sea;false;ocean;0
15025;1;12;62;sea;false;ocean;0
15026;87;3;41;sea;false;ocean;0
15027;0;42;51;sea;true;ocean;0
15028;0;12;27;sea;false;ocean;0
15029;2;79;8;sea;true;ocean;0
15030;7;55;80;sea;false;ocean;0
15031;0;25;21;sea;false;ocean;0
15032;97;62;3;sea;false;ocean;0
15033;8;1;30;sea;false;ocean;0
15034;62;33;1;sea;false;ocean;0
15035;95;6;19;sea;false;ocean;0
15036;4;0;25;sea;true;ocean;0
15037;3;86;6;sea;true;ocean;0
15038;3;67;21;sea;false;ocean;0
15039;5;37;97;sea;false;ocean;0
15040;4;59;91;sea;false;ocean;0
15041;1;21;34;sea;false;ocean;0
15042;15;57;0;sea;false;ocean;0
15043;1;30;14;sea;false;ocean;0
15044;70;39;3;sea;false;ocean;0
15045;93;2;50;sea;true;ocean;0
15046;0;74;29;sea;true;ocean;0
15047;1;42;14;sea;false;ocean;0
15048;10;43;1;sea;false;ocean;0
15049;1;9;37;sea;false;ocean;0
15050;30;31;1;sea;true;ocean;0
15051;1;68;17;sea;false;ocean;0
15052;15;28;0;sea;false;ocean;0
15053;1;39;24;sea;true;ocean;0
15054;27;2;48;sea;false;ocean;0
15055;70;71;1;sea;false;ocean;0
15056;3;46;61;sea;false;ocean;0
15057;0;13;23;sea;false;ocean;0
15058;18;92;1;sea;false;ocean;0
15059;70;1;58;sea;true;ocean;0
15060;10;1;61;sea;true;ocean;0
15061;93;86;0;sea;true;ocean;0
15062;7;78;89;sea;true;ocean;0
15063;19;1;28;sea;false;ocean;0
15064;25;40;1;sea;false;ocean;0
15065;48;27;1;sea;true;ocean;0
15066;21;1;26;sea;false;ocean;0
15067;0;35;1;sea;false;ocean;0
15068;52;19;3;sea;false;ocean;0
15069;82;59;1;sea;false;ocean;0
15070;36;74;0;sea;true;ocean;0
15071;18;5;93;sea;true;ocean;0
15072;73;0;29;sea;true;ocean;0
15073;4;14;73;sea;false;ocean;0
15074;7;88;41;sea;true;ocean;0
15075;18;89;4;sea;false;ocean;0
15076;2;73;26;sea;true;ocean;0
15077;40;3;65;sea;false;ocean;0
15078;92;21;8;sea;false;ocean;0
15079;1;36;31;sea;true;ocean;0
15080;2;17;45;sea;false;ocean;0
15081;41;2;26;sea;false;ocean;0
15082;1;41;18;sea;true;ocean;0
15083;67;32;2;sea;false;ocean;0
15084;1;14;81;sea;false;ocean;0
15085;1;5;68;sea;true;ocean;0
15086;66;65;1;sea;false;ocean;0
15087;67;4;23;sea;true;ocean;0
15088;9;26;0;sea;true;ocean;0
15089;26;32;1;sea;false;ocean;0
15090;92;62;7;sea;false;ocean;0
15091;5;43;2;sea;false;ocean;0
15092;6;45;0;sea;true;ocean;0
15093;95;37;5;sea;false;ocean;0
15094;80;26;6;sea;true;ocean;0
15095;4;5;63;sea;false;ocean;0
15096;88;9;14;sea;true;ocean;0
15097;27;45;2;sea;false;ocean;0
15098;31;64;3;sea;true;ocean;0
15099;2;88;85;sea;true;ocean;0
15100;20;50;1;sea;true;ocean;0
15101;95;0;91;sea;false;ocean;0
15102;90;1;17;sea;false;ocean;0
15103;1;35;30;sea;true;ocean;0
15104;49;1;6;sea;false;ocean;0
15105;35;0;55;sea;false;ocean;0
15106;78;8;86;sea;false;ocean;0
15107;60;88;6;sea;false;ocean;0
15108;91;6;32;sea;false;ocean;0
15109;5;74;15;sea;false;ocean;0
15110;73;1;84;sea;false;ocean;0
15111;2;57;33;sea;false;ocean;0
15112;1;28;20;sea;false;ocean;0
15113;75;19;6;sea;true;ocean;0
15114;31;1;37;sea;false;ocean;0
15115;80;77;3;sea;true;ocean;0
15116;68;85;2;sea;true;ocean;0
15117;27;3;0;sea;false;ocean;0
15118;1;31;20;sea;false;ocean;0
15119;2;47;58;sea;false;ocean;0
15120;18;0;26;sea;false;ocean;0
15121;77;0;74;sea;false;ocean;0
15122;34;48;1;sea;false;ocean;0
15123;1;15;65;sea;false;ocean;0
15124;73;4;41;sea;true;ocean;0
15125;20;0;16;sea;false;ocean;0
15126;28;1;17;sea;false;ocean;0
15127;0;23;14;sea;false;ocean;0
15128;48;1;45;sea;true;ocean;0
15129;1;4;30;sea;true;ocean;0
15130;26;57;1;sea;true;ocean;0
15131;5;61;71;sea;true;ocean;0
15132;31;1;16;sea;false;ocean;0
15133;5;22;0;sea;true;ocean;0
15134;4;13;74;sea;true;ocean;0
15135;49;1;49;sea;false;ocean;0
15136;1;46;23;sea;false;ocean;0
15137;47;3;60;sea;false;ocean;0
15138;26;27;0;sea;false;ocean;0
15139;0;9;39;sea;true;ocean;0
15140;30;57;0;sea;true;ocean;0
15141;9;26;1;sea;false;ocean;0
15142;74;6;74;sea;true;ocean;0
15143;1;56;30;sea;false;ocean;0
15144;86;90;8;sea;false;ocean;0
15145;3;58;31;sea;false;ocean;0
15146;65;54;1;sea;false;ocean;0
15147;3;33;59;sea;false;ocean;0
15148;47;21;1;sea;true;ocean;0
15149;4;96;36;sea;false;ocean;0
15150;66;2;17;sea;true;ocean;0
15151;6;41;2;sea;false;ocean;0
15152;93;6;62;sea;false;ocean;0
15153;30;0;51;sea;true;ocean;0
15154;24;32;1;sea;false;ocean;0
15155;6;36;84;sea;true;ocean;0
15156;1;63;60;sea;false;ocean;0
15157;40;1;39;sea;false;ocean;0
15158;17;64;1;sea;true;ocean;0
15159;45;5;67;sea;false;ocean;0
15160;91;5;41;sea;false;ocean;0
15161;47;2;74;sea;false;ocean;0
15162;51;1;17;sea;false;ocean;0
15163;2;65;28;sea;true;ocean;0
15164;74;4;58;sea;true;ocean;0
15165;19;38;1;sea;false;ocean;0
15166;1;47;44;sea;true;ocean;0
15167;1;53;54;sea;false;ocean;0
15168;0;18;23;sea;false;ocean;0
15169;85;71;1;sea;false;ocean;0
15170;5;0;57;sea;false;ocean;0
15171;2;78;15;sea;false;ocean;0
15172;33;0;51;sea;true;ocean;0
15173;1;73;71;sea;true;ocean;0
15174;24;23;1;sea;false;ocean;0
15175;15;84;3;sea;false;ocean;0
15176;15;3;77;sea;true;ocean;0
15177;1;38;58;sea;false;ocean;0
15178;89;9;92;sea;true;ocean;0
15179;39;5;70;sea;false;ocean;0
15180;27;44;1;sea;false;ocean;0
15181;5;49;2;sea;true;ocean;0
15182;11;1;30;sea;false;ocean;0
15183;45;23;1;sea;false;ocean;0
15184;12;43;0;sea;false;ocean;0
15185;87;6;36;sea;false;ocean;0
15186;99;3;62;sea;false;ocean;0
15187;0;30;2;sea;false;ocean;0
15188;47;1;46;sea;true;ocean;0
15189;34;0;72;sea;false;ocean;0
15190;0;2;22;sea;true;ocean;0
15191;2;38;51;sea;false;ocean;0
15192;4;11;65;sea;false;ocean;0
15193;85;60;4;sea;false;ocean;0
15194;4;93;40;sea;true;ocean;0
15195;9;57;3;sea;true;ocean;0
15196;2;71;49;sea;false;ocean;0
15197;88;3;81;sea;false;ocean;0
15198;1;33;3;sea;false;ocean;0
15199;94;8;1;sea;false;ocean;0
15200;82;4;30;sea;true;ocean;0
15201;37;0;35;sea;false;ocean;0
15202;38;1;23;sea;false;ocean;0
15203;2;41;55;sea;true;ocean;0
15204;1;0;38;sea;false;ocean;0
15205;10;91;16;sea;false;ocean;0
15206;4;64;23;sea;false;ocean;0
15207;44;2;57;sea;false;ocean;0
15208;2;84;74;sea;false;ocean;0
15209;4;2;42;sea;false;ocean;0
15210;72;5;9;sea;true;ocean;0
15211;92;0;32;sea;false;ocean;0
15212;91;53;1;sea;true;ocean;0
15213;33;9;1;sea;false;ocean;0
15214;16;1;35;sea;false;ocean;0
15215;0;33;16;sea;false;ocean;0
15216;36;5;1;sea;false;ocean;0
15217;5;71;22;sea;true;ocean;0
15218;7;19;78;sea;false;ocean;0
15219;69;4;63;sea;false;ocean;0
15220;8;6;70;sea;false;ocean;0
15221;1;47;39;sea;false;ocean;0
15222;56;3;7;sea;false;ocean;0
15223;82;9;90;sea;false;ocean;0
15224;1;29;33;sea;false;ocean;0
15225;96;14;4;sea;false;ocean;0
15226;84;4;48;sea;false;ocean;0
15227;12;62;4;sea;true;ocean;0
15228;33;4;0;sea;false;ocean;0
15229;60;77;5;sea;false;ocean;0
15230;5;74;18;sea;true;ocean;0
15231;4;95;85;sea;false;ocean;0
15232;4;27;73;sea;true;ocean;0
15233;2;51;97;sea;false;ocean;0
15234;23;2;66;sea;false;ocean;0
15235;17;20;0;sea;false;ocean;0
15236;12;62;1;sea;false;ocean;0
15237;17;21;0;sea;false;ocean;0
15238;43;12;0;sea;false;ocean;0
15239;83;8;36;sea;false;ocean;0
15240;26;18;0;sea;true;ocean;0
15241;4;1;32;sea;false;ocean;0
15242;57;72;0;sea;false;ocean;0
15243;25;6;0;sea;false;ocean;0
15244;0;19;33;sea;false;ocean;0
15245;28;0;43;sea;true;ocean;0
15246;12;1;35;sea;false;ocean;0
15247;3;79;22;sea;true;ocean;0
15248;2;49;81;sea;true;ocean;0
15249;38;1;16;sea;false;ocean;0
15250;86;32;8;sea;false;ocean;0
15251;37;1;25;sea;false;ocean;0
15252;13;38;1;sea;true;ocean;0
15253;1;89;39;sea;false;ocean;0
15254;81;6;65;sea;false;ocean;0
15255;90;93;5;sea;false;ocean;0
15256;4;69;43;sea;false;ocean;0
15257;56;70;1;sea;false;ocean;0
15258;3;56;43;sea;false;ocean;0
15259;69;6;82;sea;true;ocean;0
15260;8;2;73;sea;false;ocean;0
15261;78;76;7;sea;true;ocean;0
15262;44;28;2;sea;true;ocean;0
15263;3;93;91;sea;true;ocean;0
15264;2;75;95;sea;false;ocean;0
15265;46;34;2;sea;false;ocean;0
15266;48;2;4;sea;true;ocean;0
15267;15;2;81;sea;false;ocean;0
15268;0;27;24;sea;false;ocean;0
15269;94;1;74;sea;true;ocean;0
15270;23;0;20;sea;false;ocean;0
15271;32;6;71;sea;false;ocean;0
15272;10;3;88;sea;false;ocean;0
15273;2;16;79;sea;true;ocean;0
15274;6;86;85;sea;false;ocean;0
15275;36;34;0;sea;false;ocean;0
15276;50;56;2;sea;false;ocean;0
15277;83;82;0;sea;true;ocean;0
15278;0;36;11;sea;true;ocean;0
15279;0;48;4;sea;false;ocean;0
15280;21;21;0;sea;false;ocean;0
15281;54;40;0;sea;true;ocean;0
15282;55;3;10;sea;true;ocean;0
15283;33;1;10;sea;false;ocean;0
15284;5;83;75;sea;true;ocean;0
15285;4;35;73;sea;false;ocean;0
15286;70;68;0;sea;false;ocean;0
15287;3;52;63;sea;false;ocean;0
15288;25;1;35;sea;true;ocean;0
15289;41;1;8;sea;false;ocean;0
15290;1;36;44;sea;false;ocean;0
15291;56;2;45;sea;true;ocean;0
15292;48;2;32;sea;true;ocean;0
15293;95;5;20;sea;true;ocean;0
15294;47;1;40;sea;false;ocean;0
15295;3;0;25;sea;false;ocean;0
15296;0;30;17;sea;true;ocean;0
15297;0;25;25;sea;false;ocean;0
15298;37;75;4;sea;false;ocean;0
15299;2;8;42;sea;false;ocean;0
15300;57;55;1;sea;false;ocean;0
15301;70;2;47;sea;false;ocean;0
15302;83;6;29;sea;true;ocean;0
15303;23;0;18;sea;false;ocean;0
15304;40;2;19;sea;true;ocean;0
15305;27;68;0;sea;true;ocean;0
15306;11;0;29;sea;true;ocean;0
15307;5;69;57;sea;false;ocean;0
15308;25;0;5;sea;false;ocean;0
15309;1;57;10;sea;true;ocean;0
15310;24;13;0;sea;false;ocean;0
15311;11;1;65;sea;true;ocean;0
15312;53;8;90;sea;false;ocean;0
15313;0;20;90;sea;false;ocean;0
15314;33;19;0;sea;true;ocean;0
15315;45;0;45;sea;false;ocean;0
15316;46;2;43;sea;true;ocean;0
15317;35;51;2;sea;false;ocean;0
15318;5;2;60;sea;false;ocean;0
15319;10;0;22;sea;true;ocean;0
15320;2;85;20;sea;false;ocean;0
15321;48;42;2;sea;false;ocean;0
15322;30;32;0;sea;false;ocean;0
15323;9;0;31;sea;false;ocean;0
15324;27;45;1;sea;false;ocean;0
15325;1;75;36;sea;false;ocean;0
15326;1;54;36;sea;false;ocean;0
15327;5;72;69;sea;true;ocean;0
15328;6;28;81;sea;false;ocean;0
15329;0;42;33;sea;false;ocean;0
15330;34;21;0;sea;false;ocean;0
15331;87;83;5;sea;true;ocean;0
15332;62;55;1;sea;false;ocean;0
15333;3;41;54;sea;false;ocean;0
15334;3;94;44;sea;false;ocean;0
15335;2;54;50;sea;true;ocean;0
15336;90;49;0;sea;false;ocean;0
15337;3;33;0;sea;true;ocean;0
15338;6;28;84;sea;false;ocean;0
15339;91;4;4;sea;false;ocean;0
15340;26;16;0;sea;false;ocean;0
15341;5;1;68;sea;true;ocean;0
15342;36;1;35;sea;false;ocean;0
15343;0;29;7;sea;false;ocean;0
15344;6;95;5;sea;true;ocean;0
15345;30;47;0;sea;true;ocean;0
15346;41;2;3;sea;false;ocean;0
15347;36;0;25;sea;false;ocean;0
15348;2;41;41;sea;true;ocean;0
15349;0;32;32;sea;false;ocean;0
15350;8;4;81;sea;false;ocean;0
15351;7;54;81;sea;false;ocean;0
15352;40;82;4;sea;true;ocean;0
15353;69;5;27;sea;true;ocean;0
15354;18;84;8;sea;false;ocean;0
15355;4;64;33;sea;false;ocean;0
15356;25;72;6;sea;false;ocean;0
15357;7;86;90;sea;false;ocean;0
15358;71;42;3;sea;false;ocean;0
15359;17;26;0;sea;false;ocean;0
15360;77;1;24;sea;true;ocean;0
15361;0;29;2;sea;false;ocean;0
15362;60;69;2;sea;true;ocean;0
15363;0;74;33;sea;false;ocean;0
15364;75;2;46;sea;true;ocean;0
15365;19;24;0;sea;false;ocean;0
15366;42;73;3;sea;false;ocean;0
15367;27;0;36;sea;false;ocean;0
15368;1;71;9;sea;false;ocean;0
15369;41;81;3;sea;false;ocean;0
15370;45;1;35;sea;true;ocean;0
15371;16;61;0;sea;false;ocean;0
15372;0;35;5;sea;true;ocean;0
15373;1;26;71;sea;false;ocean;0
15374;45;18;0;sea;false;ocean;0
15375;38;2;59;sea;false;ocean;0
15376;61;94;5;sea;false;ocean;0
15377;63;32;0;sea;false;ocean;0
15378;18;0;33;sea;true;ocean;0
15379;3;65;87;sea;false;ocean;0
15380;19;44;0;sea;false;ocean;0
15381;1;54;16;sea;false;ocean;0
15382;12;35;1;sea;true;ocean;0
15383;23;0;44;sea;false;ocean;0
15384;74;76;2;sea;false;ocean;0
15385;26;82;0;sea;true;ocean;0
15386;32;61;3;sea;false;ocean;0
15387;98;44;1;sea;true;ocean;0
15388;1;38;25;sea;true;ocean;0
15389;50;72;1;sea;false;ocean;0
15390;1;38;40;sea;false;ocean;0
15391;73;25;3;sea;false;ocean;0
15392;51;4;2;sea;false;ocean;0
15393;90;4;58;sea;false;ocean;0
15394;17;53;1;sea;false;ocean;0
15395;6;49;78;sea;false;ocean;0
15396;63;6;92;sea;false;ocean;0
15397;32;31;0;sea;false;ocean;0
15398;0;24;24;sea;false;ocean;0
15399;59;3;32;sea;true;ocean;0
15400;39;29;1;sea;true;ocean;0
15401;22;4;66;sea;true;ocean;0
15402;52;27;0;sea;false;ocean;0
15403;5;76;49;sea;true;ocean;0
15404;1;37;34;sea;true;ocean;0
15405;0;29;20;sea;false;ocean;0
15406;2;85;1;sea;false;ocean;0
15407;76;57;2;sea;false;ocean;0
15408;95;85;2;sea;false;ocean;0
15409;0;42;28;sea;true;ocean;0
15410;77;67;1;sea;false;ocean;0
15411;6;71;77;sea;true;ocean;0
15412;62;4;92;sea;true;ocean;0
15413;33;94;5;sea;false;ocean;0
15414;28;2;49;sea;false;ocean;0
15415;76;87;6;sea;true;ocean;0
15416;73;13;5;sea;true;ocean;0
15417;40;41;2;sea;false;ocean;0
15418;1;37;23;sea;false;ocean;0
15419;4;16;81;sea;false;ocean;0
15420;25;0;64;sea;true;ocean;0
15421;18;42;1;sea;false;ocean;0
15422;75;91;1;sea;true;ocean;0
15423;0;98;74;sea;false;ocean;0
15424;1;93;91;sea;true;ocean;0
15425;73;6;38;sea;false;ocean;0
15426;31;5;72;sea;false;ocean;0
15427;31;0;6;sea;true;ocean;0
15428;4;23;0;sea;true;ocean;0
15429;35;1;29;sea;false;ocean;0
15430;1;37;60;sea;false;ocean;0
15431;62;0;5;sea;false;ocean;0
15432;55;52;3;sea;true;ocean;0
15433;34;0;10;sea;true;ocean;0
15434;30;0;41;sea;true;ocean;0
15435;64;37;2;sea;true;ocean;0
15436;73;7;87;sea;true;ocean;0
15437;23;1;45;sea;true;ocean;0
15438;3;9;53;sea;false;ocean;0
15439;67;5;49;sea;false;ocean;0
15440;0;22;5;sea;false;ocean;0
15441;33;4;84;sea;false;ocean;0
15442;40;48;2;sea;false;ocean;0
15443;4;79;96;sea;false;ocean;0
15444;7;2;56;sea;false;ocean;0
15445;6;26;1;sea;true;ocean;0
15446;50;0;8;sea;true;ocean;0
15447;26;1;4;sea;true;ocean;0
15448;5;96;46;sea;true;ocean;0
15449;7;82;66;sea;false;ocean;0
15450;1;19;45;sea;true;ocean;0
15451;28;36;1;sea;false;ocean;0
15452;1;34;34;sea;true;ocean;0
15453;23;68;5;sea;true;ocean;0
15454;0;25;17;sea;false;ocean;0
15455;37;1;28;sea;true;ocean;0
15456;30;0;13;sea;false;ocean;0
15457;0;24;31;sea;false;ocean;0
15458;22;14;0;sea;true;ocean;0
15459;21;0;21;sea;true;ocean;0
15460;5;69;50;sea;true;ocean;0
15461;4;56;96;sea;false;ocean;0
15462;2;4;55;sea;false;ocean;0
15463;0;30;35;sea;true;ocean;0
15464;2;49;65;sea;false;ocean;0
15465;62;2;4;sea;true;ocean;0
15466;5;72;47;sea;false;ocean;0
15467;22;7;0;sea;true;ocean;0
15468;1;19;98;sea;true;ocean;0
15469;1;39;14;sea;false;ocean;0
15470;14;2;50;sea;false;ocean;0
15471;51;83;1;sea;true;ocean;0
15472;30;2;93;sea;true;ocean;0
15473;62;59;2;sea;true;ocean;0
15474;2;52;1;sea;true;ocean;0
15475;28;0;26;sea;true;ocean;0
15476;92;81;3;sea;true;ocean;0
15477;0;30;27;sea;true;ocean;0
15478;6;79;61;sea;false;ocean;0
15479;4;20;0;sea;false;ocean;0
15480;43;3;73;sea;true;ocean;0
15481;8;0;22;sea;false;ocean;0
15482;2;66;63;sea;false;ocean;0
15483;72;4;13;sea;false;ocean;0
15484;46;50;1;sea;false;ocean;0
15485;0;25;10;sea;false;ocean;0
15486;43;6;0;sea;false;ocean;0
15487;67;1;50;sea;true;ocean;0
15488;5;65;42;sea;true;ocean;0
15489;6;84;69;sea;true;ocean;0
15490;68;1;28;sea;false;ocean;0
15491;7;87;35;sea;false;ocean;0
15492;1;21;31;sea;true;ocean;0
15493;6;1;42;sea;true;ocean;0
15494;1;1;35;sea;false;ocean;0
15495;35;17;1;sea;false;ocean;0
15496;33;4;82;sea;true;ocean;0
15497;53;1;6;sea;false;ocean;0
15498;0;36;79;sea;false;ocean;0
15499;4;85;19;sea;true;ocean;0
15500;39;65;3;sea;true;ocean;0
15501;53;2;6;sea;false;ocean;0
15502;2;29;67;sea;false;ocean;0
15503;51;4;1;sea;false;ocean;0
15504;87;4;15;sea;true;ocean;0
15505;5;86;25;sea;false;ocean;0
15506;1;46;2;sea;false;ocean;0
15507;58;1;45;sea;true;ocean;0
15508;2;11;63;sea;false;ocean;0
15509;65;0;11;sea;false;ocean;0
15510;85;85;5;sea;false;ocean;0
15511;5;56;2;sea;false;ocean;0
15512;93;18;6;sea;true;ocean;0
15513;1;43;15;sea;true;ocean;0
15514;55;21;2;sea;false;ocean;0
15515;30;0;75;sea;false;ocean;0
15516;40;52;1;sea;true;ocean;0
15517;1;1;40;sea;false;ocean;0
15518;1;4;37;sea;false;ocean;0
15519;79;101;0;sea;false;ocean;0
15520;80;6;28;sea;false;ocean;0
15521;92;10;9;sea;false;ocean;0
15522;20;1;63;sea;false;ocean;0
15523;43;0;50;sea;false;ocean;0
15524;3;86;55;sea;false;ocean;0
15525;46;3;75;sea;false;ocean;0
15526;30;7;1;sea;false;ocean;0
15527;21;0;19;sea;true;ocean;0
15528;71;40;3;sea;false;ocean;0
15529;0;68;18;sea;false;ocean;0
15530;17;3;85;sea;false;ocean;0
15531;8;24;90;sea;true;ocean;0
15532;38;35;1;sea;true;ocean;0
15533;37;1;31;sea;false;ocean;0
15534;2;44;33;sea;true;ocean;0
15535;17;0;26;sea;true;ocean;0
15536;2;94;85;sea;false;ocean;0
15537;11;1;47;sea;false;ocean;0
15538;1;27;85;sea;false;ocean;0
15539;2;45;14;sea;false;ocean;0
15540;90;6;18;sea;true;ocean;0
15541;91;6;25;sea;false;ocean;0
15542;83;2;87;sea;false;ocean;0
15543;24;5;0;sea;false;ocean;0
15544;64;0;1;sea;true;ocean;0
15545;60;87;9;sea;false;ocean;0
15546;27;0;49;sea;false;ocean;0
15547;17;0;27;sea;false;ocean;0
15548;5;34;91;sea;false;ocean;0
15549;25;74;6;sea;true;ocean;0
15550;5;88;42;sea;true;ocean;0
15551;48;7;2;sea;true;ocean;0
15552;18;95;5;sea;false;ocean;0
15553;6;1;66;sea;true;ocean;0
15554;22;6;0;sea;false;ocean;0
15555;4;77;81;sea;false;ocean;0
15556;5;77;35;sea;false;ocean;0
15557;2;42;44;sea;false;ocean;0
15558;44;2;68;sea;false;ocean;0
15559;0;23;27;sea;false;ocean;0
15560;46;70;3;sea;false;ocean;0
15561;0;62;65;sea;false;ocean;0
15562;19;36;1;sea;false;ocean;0
15563;73;4;62;sea;false;ocean;0
15564;6;25;0;sea;false;ocean;0
15565;85;82;4;sea;true;ocean;0
15566;5;69;73;sea;false;ocean;0
15567;74;23;3;sea;false;ocean;0
15568;1;34;77;sea;true;ocean;0
15569;2;43;62;sea;false;ocean;0
15570;62;5;72;sea;false;ocean;0
15571;67;16;0;sea;true;ocean;0
15572;79;2;64;sea;false;ocean;0
15573;1;37;30;sea;false;ocean;0
15574;7;32;84;sea;true;ocean;0
15575;65;0;8;sea;false;ocean;0
15576;18;25;0;sea;true;ocean;0
15577;2;58;35;sea;false;ocean;0
15578;51;2;12;sea;false;ocean;0
15579;45;2;43;sea;true;ocean;0
15580;6;81;7;sea;false;ocean;0
15581;25;3;70;sea;false;ocean;0
15582;9;57;2;sea;false;ocean;0
15583;56;3;51;sea;false;ocean;0
15584;38;2;48;sea;false;ocean;0
15585;30;1;7;sea;false;ocean;0
15586;56;15;3;sea;true;ocean;0
15587;12;0;30;sea;false;ocean;0
15588;1;34;12;sea;false;ocean;0
15589;19;58;2;sea;false;ocean;0
15590;7;88;74;sea;true;ocean;0
15591;94;4;57;sea;false;ocean;0
15592;25;0;3;sea;true;ocean;0
15593;59;0;17;sea;false;ocean;0
15594;36;75;2;sea;false;ocean;0
15595;30;1;1;sea;false;ocean;0
15596;0;9;33;sea;true;ocean;0
15597;85;8;30;sea;false;ocean;0
15598;0;35;4;sea;false;ocean;0
15599;18;4;65;sea;false;ocean;0
15600;0;20;44;sea;false;ocean;0
15601;98;32;2;sea;true;ocean;0
15602;30;1;50;sea;false;ocean;0
15603;25;57;1;sea;false;ocean;0
15604;25;34;1;sea;false;ocean;0
15605;0;22;20;sea;false;ocean;0
15606;4;2;59;sea;true;ocean;0
15607;79;45;3;sea;false;ocean;0
15608;6;43;1;sea;true;ocean;0
15609;3;64;44;sea;false;ocean;0
15610;17;62;0;sea;false;ocean;0
15611;75;77;5;sea;false;ocean;0
15612;1;29;12;sea;false;ocean;0
15613;91;60;1;sea;true;ocean;0
15614;0;20;25;sea;true;ocean;0
15615;9;0;30;sea;true;ocean;0
15616;74;13;0;sea;false;ocean;0
15617;1;49;25;sea;false;ocean;0
15618;26;30;1;sea;false;ocean;0
15619;1;5;29;sea;false;ocean;0
15620;51;2;15;sea;false;ocean;0
15621;4;9;66;sea;false;ocean;0
15622;1;44;47;sea;true;ocean;0
15623;22;0;33;sea;true;ocean;0
15624;63;35;1;sea;true;ocean;0
15625;49;2;57;sea;false;ocean;0
15626;1;29;16;sea;false;ocean;0
15627;87;4;53;sea;false;ocean;0
15628;30;3;64;sea;false;ocean;0
15629;29;74;2;sea;false;ocean;0
15630;23;0;9;sea;false;ocean;0
15631;30;0;1;sea;false;ocean;0
15632;38;8;88;sea;false;ocean;0
15633;1;0;21;sea;false;ocean;0
15634;1;17;51;sea;false;ocean;0
15635;24;0;70;sea;false;ocean;0
15636;5;45;74;sea;false;ocean;0
15637;35;59;0;sea;true;ocean;0
15638;53;0;29;sea;false;ocean;0
15639;56;24;2;sea;false;ocean;0
15640;3;32;70;sea;false;ocean;0
15641;2;64;52;sea;false;ocean;0
15642;0;21;19;sea;false;ocean;0
15643;1;39;41;sea;false;ocean;0
15644;1;97;50;sea;false;ocean;0
15645;1;29;1;sea;false;ocean;0
15646;55;2;96;sea;false;ocean;0
15647;2;99;23;sea;false;ocean;0
15648;1;60;21;sea;false;ocean;0
15649;91;2;42;sea;false;ocean;0
15650;39;4;76;sea;false;ocean;0
15651;52;74;4;sea;false;ocean;0
15652;2;4;67;sea;false;ocean;0
15653;3;60;56;sea;false;ocean;0
15654;79;59;6;sea;false;ocean;0
15655;4;29;0;sea;false;ocean;0
15656;1;7;27;sea;false;ocean;0
15657;65;69;5;sea;false;ocean;0
15658;46;1;36;sea;false;ocean;0
15659;1;35;42;sea;false;ocean;0
15660;75;70;6;sea;false;ocean;0
15661;20;0;33;sea;false;ocean;0
15662;1;78;83;sea;false;ocean;0
15663;21;0;6;sea;false;ocean;0
15664;63;45;2;sea;false;ocean;0
15665;83;14;7;sea;false;ocean;0
15666;30;83;5;sea;false;ocean;0
15667;87;81;8;sea;false;ocean;0
15668;74;56;5;sea;false;ocean;0
15669;1;39;22;sea;false;ocean;0
15670;47;2;15;sea;false;ocean;0
15671;43;1;40;sea;false;ocean;0
15672;39;8;85;sea;false;ocean;0
15673;1;0;33;sea;false;ocean;0
15674;96;3;21;sea;false;ocean;0
15675;3;55;54;sea;false;ocean;0
15676;20;25;0;sea;false;ocean;0
15677;41;1;31;sea;false;ocean;0
15678;0;11;80;sea;false;ocean;0
15679;1;11;23;sea;false;ocean;0
15680;1;64;28;sea;false;ocean;0
15681;0;88;47;sea;false;ocean;0
15682;1;16;32;sea;false;ocean;0
15683;0;47;45;sea;false;ocean;0
15684;22;40;1;sea;false;ocean;0
15685;2;19;48;sea;false;ocean;0
15686;0;18;31;sea;false;ocean;0
15687;70;59;0;sea;false;ocean;0
15688;1;54;80;sea;false;ocean;0
15689;7;88;56;sea;false;ocean;0
15690;58;3;31;sea;false;ocean;0
15691;11;20;0;sea;false;ocean;0
15692;5;65;52;sea;false;ocean;0
15693;5;69;47;sea;false;ocean;0
15694;41;33;1;sea;false;ocean;0
15695;55;3;73;sea;false;ocean;0
15696;71;0;50;sea;false;ocean;0
15697;26;5;90;sea;false;ocean;0
15698;44;99;3;sea;false;ocean;0
15699;70;2;75;sea;false;ocean;0
15700;1;19;63;sea;false;ocean;0
15701;0;74;22;sea;false;ocean;0
15702;0;61;33;sea;false;ocean;0
15703;99;2;55;sea;false;ocean;0
15704;3;51;81;sea;false;ocean;0
15705;51;2;21;sea;true;ocean;0
15706;60;4;66;sea;true;ocean;0
15707;116;3;22;lake;false;plains;0
15708;123;40;165;lake;false;plains;0
15709;12;3;112;lake;false;plains;0
15710;31;0;88;sea;true;ocean;0
15711;31;217;220;lake;false;plains;0
15712;28;173;45;lake;false;plains;0
15713;1;13;50;sea;true;ocean;0
15714;64;93;0;sea;true;ocean;0
15715;137;13;13;lake;false;plains;0
15716;7;93;84;sea;true;ocean;0
15717;39;1;82;sea;true;ocean;0
15718;40;164;143;lake;false;plains;0
15719;36;23;0;sea;true;ocean;0
15720;34;187;208;lake;false;plains;0
15721;117;34;209;lake;false;plains;0
15722;200;151;22;lake;false;plains;0
15723;58;186;116;lake;false;plains;0
15724;43;16;221;lake;false;plains;0
15725;114;111;5;lake;false;plains;0
15726;53;15;137;lake;false;forest;0
15727;2;134;117;lake;false;plains;0
15728;11;39;102;lake;false;plains;0
15729;169;5;5;lake;false;plains;0
15730;13;123;54;lake;false;plains;0
15731;156;1;169;lake;false;plains;0
15732;223;106;0;lake;false;plains;0
15733;110;105;6;lake;false;plains;0
15734;228;3;200;lake;false;plains;0
15735;37;133;190;lake;false;plains;0
15736;93;132;18;lake;false;plains;0
15737;76;10;152;lake;false;plains;0
15738;199;186;3;lake;false;plains;0
15739;116;49;184;lake;false;plains;0
15740;20;138;46;lake;false;plains;0
15741;116;62;13;lake;false;plains;0
15742;230;34;20;lake;false;plains;0
15743;16;156;91;lake;false;plains;0
15744;119;138;24;lake;false;plains;0
15745;35;2;146;lake;false;plains;0
15746;120;12;77;lake;false;plains;0
15747;106;6;5;lake;false;plains;0
15748;35;46;217;lake;false;plains;0
15749;32;102;3;lake;false;plains;0
15750;196;24;86;lake;false;plains;0
15751;150;29;155;lake;false;plains;0
15752;148;95;8;lake;false;plains;0
15753;136;8;64;lake;false;plains;0
15754;71;6;112;lake;false;plains;0
15755;165;21;65;lake;false;plains;0
15756;232;60;20;lake;false;plains;0
15757;31;7;101;lake;false;plains;0
15758;16;198;198;lake;false;plains;0
15759;30;150;87;lake;false;plains;0
15760;26;158;39;lake;false;plains;0
15761;12;103;52;lake;false;plains;0
15762;197;81;15;lake;false;plains;0
15763;127;69;1;lake;false;plains;0
15764;37;214;1;lake;false;plains;0
15765;46;75;172;lake;false;plains;0
15766;16;202;108;lake;false;plains;0
15767;136;14;187;lake;false;plains;0
15768;20;158;22;lake;false;plains;0
15769;30;164;210;lake;false;plains;0
15770;66;212;34;lake;false;plains;0
15771;47;43;211;lake;false;plains;0
15772;86;13;115;lake;false;plains;0
15773;236;11;18;lake;false;lakes;0
15774;30;171;115;lake;false;plains;0
15775;19;178;13;lake;false;plains;0
15776;202;121;47;lake;false;plains;0
15777;5;132;34;lake;false;plains;0
15778;191;22;71;lake;false;plains;0
15779;100;220;6;lake;false;plains;0
15780;39;196;58;lake;false;plains;0
15781;131;21;36;lake;false;plains;0
15782;58;113;4;lake;false;plains;0
15783;70;12;222;lake;false;plains;0
15784;121;67;17;lake;false;plains;0
15785;235;3;166;lake;false;plains;0
15786;92;158;24;lake;false;plains;0
15787;110;4;143;lake;false;plains;0
15788;247;243;255;land;false;desert;1
15789;209;254;199;land;false;desert;1
15790;158;230;245;land;false;desert;1
15791;217;51;101;land;false;desert;1
15792;250;102;99;land;false;desert;1
15793;176;160;244;land;false;desert;1
15794;246;254;169;land;false;desert;1
15795;183;251;226;land;false;desert;1
15796;230;255;226;land;false;desert;1
15797;245;255;246;land;false;desert;1
15798;239;255;240;land;false;desert;1
15799;127;180;234;land;false;desert;1
15800;241;134;218;land;false;desert;1
15801;252;250;255;land;false;hills;1
15802;244;248;255;land;false;hills;1
15803;99;112;227;land;false;plains;1
15804;252;183;155;land;false;plains;1
15805;189;255;242;land;false;plains;1
15806;234;58;198;land;false;plains;1
15807;107;168;254;land;false;plains;1
15808;251;190;181;land;false;plains;1
15809;253;193;214;land;false;hills;1
15810;40;195;253;land;false;desert;1
15811;179;245;250;land;true;plains;1
15812;207;252;196;land;true;plains;1
15813;188;247;169;land;false;plains;1
15814;225;255;252;land;false;plains;1
15815;231;227;26;land;false;plains;1
15816;63;198;76;land;false;forest;1
15817;138;73;225;land;false;plains;1
15818;42;233;196;land;false;plains;1
15819;160;252;185;land;false;plains;1
15820;251;227;254;land;false;plains;1
15821;113;236;205;land;false;plains;1
15822;235;255;223;land;false;forest;1
15823;230;253;209;land;false;plains;1
15824;128;136;252;land;false;plains;1
15825;188;211;49;land;false;forest;1
15826;172;242;251;land;false;plains;1
15827;218;106;49;land;false;plains;1
15828;243;230;255;land;false;plains;1
15829;235;247;255;land;false;plains;1
15830;255;217;222;land;false;plains;1
15831;191;252;206;land;true;hills;1
15832;75;236;79;land;false;plains;1
15833;138;98;241;land;false;plains;1
15834;244;246;255;land;false;hills;1
15835;201;254;210;land;false;hills;1
15836;117;240;199;land;true;forest;1
15837;191;255;209;land;true;forest;1
15838;78;235;91;land;true;urban;1
15839;218;70;156;land;true;plains;1
15840;120;97;220;land;true;plains;1
15841;255;237;249;land;true;plains;1
15842;100;180;255;land;true;plains;1
15843;254;252;255;land;true;plains;1
15844;244;117;158;land;true;plains;1
15845;173;55;238;land;true;plains;1
15846;242;245;148;land;false;forest;1
15847;252;252;149;land;true;hills;1
15848;240;228;124;land;true;plains;1
15849;182;239;44;land;true;plains;1
15850;253;51;107;land;false;urban;1
15851;48;238;204;land;true;urban;1
15852;247;171;142;land;true;marsh;1
15853;204;111;54;land;true;plains;1
15854;180;234;73;land;true;urban;1
15855;239;42;126;land;false;forest;1
15856;237;225;254;land;false;forest;1
15857;251;170;227;land;false;forest;1
15858;222;251;190;land;false;plains;1
15859;255;222;253;land;false;forest;1
15860;255;204;160;land;false;marsh;1
15861;228;201;92;land;false;marsh;1
15862;254;221;240;land;false;marsh;1
15863;254;249;197;land;false;marsh;1
15864;243;114;176;land;false;hills;1
15865;247;174;58;land;false;desert;1
15866;103;172;236;land;false;hills;1
15867;133;248;218;land;false;desert;1
15868;176;76;244;land;false;hills;1
15869;253;211;254;land;false;desert;1
15870;72;217;211;land;false;desert;1
15871;36;244;63;land;false;desert;1
15872;65;124;202;land;false;desert;1
15873;244;106;192;land;false;desert;1
15874;213;184;252;land;false;desert;1
15875;160;245;158;land;false;desert;1
15876;250;91;208;land;false;desert;1
15877;242;232;255;land;false;desert;1
15878;230;242;254;land;false;desert;1
15879;249;255;215;land;false;desert;1
15880;241;110;120;land;false;desert;1
15881;150;253;185;land;false;desert;1
15882;243;96;143;land;false;desert;1
15883;252;251;255;land;false;desert;1
15884;244;187;60;land;false;plains;1
15885;188;251;210;land;false;plains;1
15886;24;235;246;land;false;plains;1
15887;96;232;184;land;false;plains;1
15888;213;254;246;land;false;desert;1
15889;64;201;62;land;false;desert;1
15890;237;105;157;land;false;desert;1
15891;165;211;251;land;false;desert;1
15892;254;199;226;land;false;desert;1
15893;225;61;180;land;false;plains;1
15894;115;241;137;land;false;plains;1
15895;64;211;85;land;false;plains;1
15896;216;70;49;land;false;plains;1
15897;229;157;255;land;false;plains;1
15898;99;219;194;land;false;plains;1
15899;255;212;213;land;false;plains;1
15900;134;104;254;land;false;plains;1
15901;163;245;243;land;false;hills;1
15902;237;240;255;land;false;desert;1
15903;248;243;166;land;false;plains;1
15904;252;193;235;land;false;plains;1
15905;211;160;255;land;false;plains;1
15906;250;121;80;land;false;plains;1
15907;245;239;255;land;true;desert;1
15908;253;205;228;land;false;desert;1
15909;231;255;231;land;false;forest;1
15910;249;176;218;land;false;plains;1
15911;252;188;198;land;true;plains;1
15912;254;216;138;land;true;plains;1
15913;235;30;241;land;false;plains;1
15914;198;144;246;land;true;plains;1
15915;245;103;232;land;true;urban;1
15916;59;155;217;land;true;plains;1
15917;95;115;222;land;true;plains;1
15918;255;218;227;land;false;hills;1
15919;248;125;112;land;true;forest;1
15920;63;211;251;land;false;marsh;1
15921;195;83;68;land;true;forest;1
15922;127;72;242;land;true;marsh;1
15923;153;153;249;land;true;hills;1
15924;240;120;114;land;true;hills;1
15925;251;120;94;land;true;forest;1
15926;245;231;255;land;true;urban;1
15927;241;216;146;land;true;plains;1
15928;83;247;153;land;false;mountain;1
15929;246;255;253;land;false;mountain;1
15930;235;254;192;land;false;plains;1
15931;251;104;247;land;false;plains;1
15932;186;59;220;land;false;desert;1
15933;164;235;120;land;true;desert;1
15934;248;213;254;land;true;forest;1
15935;45;25;254;land;true;forest;1
15936;252;103;118;land;true;forest;1
15937;184;126;253;land;false;hills;1
15938;40;221;108;land;true;plains;1
15939;190;41;221;land;true;forest;1
15940;248;223;68;land;false;urban;1
15941;103;78;211;land;false;hills;1
15942;146;250;183;land;true;forest;1
15943;19;253;199;land;true;forest;1
15944;207;231;253;land;true;plains;1
15945;170;48;237;land;true;plains;1
15946;70;238;176;land;true;plains;1
15947;139;139;255;land;false;plains;1
15948;117;120;245;land;true;plains;1
15949;55;183;218;land;true;marsh;1
15950;201;178;252;land;true;forest;1
15951;249;105;118;land;false;plains;1
15952;207;246;254;land;false;plains;1
15953;149;155;245;land;false;hills;1
15954;126;238;251;land;false;plains;1
15955;251;186;215;land;true;forest;1
15956;226;253;203;land;false;plains;1
15957;246;203;117;land;true;plains;1
15958;190;213;252;land;false;forest;1
15959;236;26;47;land;true;forest;1
15960;255;243;240;land;false;hills;1
15961;143;222;84;land;false;plains;1
15962;164;248;172;land;true;forest;1
15963;63;215;209;land;false;hills;1
15964;204;125;233;land;true;forest;1
15965;252;196;224;land;false;hills;1
15966;230;232;255;land;false;plains;1
15967;200;246;252;land;false;plains;1
15968;43;216;88;land;true;plains;1
15969;205;252;240;land;false;forest;1
15970;252;239;182;land;true;forest;1
15971;250;254;255;land;false;plains;1
15972;252;227;196;land;true;forest;1
15973;137;76;203;land;false;plains;1
15974;226;227;255;land;false;forest;1
15975;255;251;255;land;true;urban;1
15976;173;117;248;land;true;marsh;1
15977;128;202;254;land;false;plains;1
15978;242;69;172;land;true;forest;1
15979;251;104;167;land;false;forest;1
15980;55;81;205;land;false;forest;1
15981;67;198;168;land;false;plains;1
15982;254;212;227;land;false;forest;1
15983;39;164;235;land;true;forest;1
15984;254;215;245;land;false;forest;1
15985;235;127;189;land;false;plains;1
15986;62;61;208;land;true;forest;1
15987;64;89;211;land;true;forest;1
15988;246;199;254;land;true;plains;1
15989;242;66;55;land;false;plains;1
15990;240;101;195;land;true;forest;1
15991;228;125;101;land;false;plains;1
15992;254;204;204;land;false;plains;1
15993;66;176;205;land;true;plains;1
15994;255;239;217;land;true;forest;1
15995;210;67;71;land;false;hills;1
15996;94;224;167;land;true;forest;1
15997;175;226;85;land;false;plains;1
15998;253;248;187;land;true;forest;1
15999;155;247;91;land;false;plains;1
16000;176;255;236;land;true;marsh;1
16001;215;252;193;land;true;forest;1
16002;81;155;248;land;true;forest;1
16003;168;78;213;land;false;plains;1
16004;70;144;242;land;true;forest;1
16005;211;226;87;land;true;forest;1
16006;247;240;255;land;true;forest;1
16007;130;229;113;land;true;forest;1
16008;253;252;178;land;false;hills;1
16009;40;239;177;land;true;marsh;1
16010;139;240;229;land;false;forest;1
16011;255;246;238;land;false;forest;1
16012;223;194;255;land;true;forest;1
16013;137;133;243;land;false;plains;1
16014;222;240;254;land;true;forest;1
16015;185;207;251;land;false;plains;1
16016;191;157;250;land;true;forest;1
16017;255;225;248;land;true;forest;1
16018;195;114;232;land;true;forest;1
16019;234;250;179;land;true;marsh;1
16020;202;88;248;land;false;plains;1
16021;31;116;243;land;true;forest;1
16022;163;169;251;land;false;plains;1
16023;94;247;92;land;true;forest;1
16024;239;145;241;land;true;forest;1
16025;230;26;108;land;true;plains;1
16026;25;38;238;land;true;forest;1
16027;228;245;157;land;false;plains;1
16028;115;207;248;land;false;forest;1
16029;243;138;216;land;false;plains;1
16030;243;77;148;land;false;plains;1
16031;211;139;80;land;true;forest;1
16032;102;198;222;land;false;plains;1
16033;199;253;190;land;false;forest;1
16034;69;200;107;land;false;plains;1
16035;255;251;248;land;true;plains;1
16036;233;248;166;land;false;forest;1
16037;225;94;100;land;true;forest;1
16038;254;168;207;land;true;plains;1
16039;163;247;157;land;true;forest;1
16040;247;255;233;land;true;forest;1
16041;211;23;252;land;false;plains;1
16042;204;105;234;land;false;plains;1
16043;254;216;200;land;true;forest;1
16044;114;91;250;land;true;forest;1
16045;254;209;210;land;true;forest;1
16046;125;241;242;land;true;forest;1
16047;81;156;219;land;true;urban;1
16048;184;253;163;land;true;marsh;1
16049;251;191;229;land;false;forest;1
16050;180;65;236;land;true;forest;1
16051;251;113;111;land;false;plains;1
16052;236;197;117;land;false;plains;1
16053;247;155;177;land;false;forest;1
16054;225;202;253;land;true;plains;1
16055;239;140;191;land;true;forest;1
16056;156;225;255;land;false;forest;1
16057;121;249;103;land;true;forest;1
16058;107;198;224;land;false;forest;1
16059;188;242;64;land;false;hills;1
16060;186;253;197;land;true;forest;1
16061;211;74;94;land;false;plains;1
16062;225;131;78;land;false;plains;1
16063;252;149;142;land;false;plains;1
16064;35;239;198;land;false;forest;1
16065;231;255;242;land;false;forest;1
16066;182;196;63;land;false;plains;1
16067;231;208;74;land;true;forest;1
16068;225;203;60;land;false;forest;1
16069;240;92;186;land;true;forest;1
16070;228;166;251;land;false;hills;1
16071;255;234;225;land;false;hills;1
16072;245;185;148;land;true;plains;1
16073;238;117;116;land;false;plains;1
16074;78;31;249;land;false;plains;1
16075;16;101;241;land;true;forest;1
16076;248;255;222;land;true;forest;1
16077;194;248;173;land;true;urban;1
16078;168;254;168;land;false;hills;1
16079;94;209;81;land;true;plains;1
16080;114;85;242;land;false;forest;1
16081;250;180;175;land;true;plains;1
16082;239;57;142;land;false;plains;1
16083;138;243;210;land;false;forest;1
16084;247;177;96;land;false;hills;1
16085;175;120;251;land;true;urban;1
16086;249;255;226;land;true;plains;1
16087;139;222;245;land;false;plains;1
16088;249;169;215;land;false;plains;1
16089;20;151;239;land;false;plains;1
16090;237;255;232;land;true;marsh;1
16091;128;141;240;land;false;hills;1
16092;175;215;74;land;false;hills;1
16093;243;245;255;land;false;hills;1
16094;113;133;252;land;false;hills;1
16095;255;249;254;land;false;hills;1
16096;178;243;96;land;false;hills;1
16097;162;230;248;land;false;hills;1
16098;237;162;138;land;false;hills;1
16099;249;78;167;land;false;plains;1
16100;148;250;156;land;false;hills;1
16101;255;251;246;land;false;plains;1
16102;64;241;211;land;false;plains;1
16103;241;108;207;land;false;urban;1
16104;252;255;255;land;false;forest;1
16105;21;68;250;land;false;forest;1
16106;239;243;255;land;false;hills;1
16107;254;255;237;land;false;hills;1
16108;179;253;117;land;false;plains;1
16109;128;235;143;land;false;forest;1
16110;226;255;239;land;false;plains;1
16111;180;239;251;land;false;plains;1
16112;44;248;187;land;false;plains;1
16113;195;249;161;land;false;plains;1
16114;222;253;212;land;true;forest;1
16115;87;235;121;land;false;forest;1
16116;200;187;250;land;false;plains;1
16117;220;55;55;land;false;plains;1
16118;196;241;143;land;false;plains;1
16119;249;201;169;land;false;plains;1
16120;193;251;229;land;false;plains;1
16121;187;252;215;land;false;plains;1
16122;124;168;234;land;false;plains;1
16123;241;150;144;land;true;plains;1
16124;189;203;252;land;false;urban;1
16125;254;215;211;land;true;forest;1
16126;236;255;242;land;true;forest;1
16127;247;63;192;land;true;forest;1
16128;247;243;137;land;true;forest;1
16129;213;229;254;land;true;forest;1
16130;211;255;214;land;true;forest;1
16131;162;246;176;land;true;forest;1
16132;239;104;250;land;true;forest;1
16133;51;242;190;land;true;forest;1
16134;252;187;163;land;true;forest;1
16135;203;253;203;land;false;forest;1
16136;201;217;255;land;true;forest;1
16137;251;202;181;land;false;forest;1
16138;47;48;234;land;true;forest;1
16139;20;224;244;land;true;forest;1
16140;248;62;88;land;true;forest;1
16141;243;40;12;land;true;forest;1
16142;153;213;85;land;true;forest;1
16143;239;139;51;land;true;forest;1
16144;109;91;245;land;false;forest;1
16145;172;227;113;land;true;forest;1
16146;27;231;142;land;true;forest;1
16147;222;168;249;land;false;forest;1
16148;49;211;66;land;true;forest;1
16149;253;140;249;land;true;forest;1
16150;162;252;183;land;true;forest;1
16151;247;250;167;land;true;forest;1
16152;255;228;227;land;true;forest;1
16153;230;160;110;land;true;forest;1
16154;76;236;210;land;true;forest;1
16155;249;209;164;land;true;forest;1
16156;205;252;83;land;false;forest;1
16157;206;255;163;land;true;forest;1
16158;255;253;254;land;false;forest;1
16159;237;122;187;land;true;forest;1
16160;191;252;209;land;true;forest;1
16161;55;211;254;land;true;forest;1
16162;231;255;195;land;true;forest;1
16163;228;73;149;land;false;forest;1
16164;221;240;83;land;true;forest;1
16165;237;120;132;land;true;forest;1
16166;253;217;254;land;true;forest;1
16167;228;110;157;land;true;forest;1
16168;103;222;152;land;true;forest;1
16169;233;61;27;land;true;forest;1
16170;159;112;232;land;true;forest;1
16171;232;85;84;land;true;forest;1
16172;14;98;254;land;true;forest;1
16173;142;242;238;land;true;forest;1
16174;179;245;146;land;true;forest;1
16175;251;235;255;land;true;forest;1
16176;254;229;214;land;true;forest;1
16177;231;255;217;land;true;forest;1
16178;241;255;243;land;true;forest;1
16179;206;227;253;land;true;forest;1
16180;212;218;97;land;true;forest;1
16181;238;114;41;land;true;forest;1
16182;252;235;255;land;true;forest;1
16183;228;209;63;land;true;forest;1
16184;237;221;255;land;true;forest;1
16185;127;181;248;land;true;forest;1
16186;70;176;253;land;true;forest;1
16187;235;241;109;land;false;forest;1
16188;159;249;194;land;true;forest;1
16189;242;132;232;land;true;forest;1
16190;251;228;163;land;false;hills;1
16191;73;117;228;land;false;hills;1
16192;220;173;250;land;false;hills;1
16193;33;250;114;land;false;hills;1
16194;32;252;7;land;false;hills;1
16195;125;235;178;land;false;hills;1
16196;242;240;255;land;false;hills;1
16197;240;63;188;land;false;marsh;1
16198;190;253;195;land;true;marsh;1
16199;207;254;114;land;true;marsh;1
16200;240;91;112;land;true;marsh;1
16201;252;180;234;land;true;marsh;1
16202;204;253;237;land;true;marsh;1
16203;51;213;56;land;true;marsh;1
16204;251;206;156;land;true;marsh;1
16205;138;175;244;land;true;marsh;1
16206;220;194;79;land;true;marsh;1
16207;254;227;217;land;false;marsh;1
16208;193;222;254;land;true;marsh;1
16209;70;230;158;land;true;marsh;1
16210;177;220;254;land;true;plains;1
16211;209;67;172;land;false;plains;1
16212;182;73;206;land;true;plains;1
16213;209;253;215;land;true;plains;1
16214;158;181;244;land;true;plains;1
16215;93;184;243;land;true;plains;1
16216;231;215;254;land;true;plains;1
16217;187;252;218;land;false;plains;1
16218;27;177;238;land;true;plains;1
16219;253;230;180;land;true;plains;1
16220;131;53;210;land;false;plains;1
16221;244;93;199;land;false;plains;1
16222;167;250;190;land;true;plains;1
16223;254;218;243;land;true;plains;1
16224;228;217;254;land;true;plains;1
16225;211;254;228;land;true;plains;1
16226;248;178;180;land;true;plains;1
16227;226;214;254;land;false;plains;1
16228;148;237;63;land;true;plains;1
16229;225;65;41;land;true;plains;1
16230;57;200;191;land;true;plains;1
16231;65;240;73;land;true;plains;1
16232;79;45;239;land;true;plains;1
16233;244;85;22;land;true;plains;1
16234;255;249;234;land;true;plains;1
16235;156;255;150;land;true;plains;1
16236;62;150;245;land;true;plains;1
16237;255;221;225;land;true;plains;1
16238;240;193;254;land;true;plains;1
16239;243;240;93;land;true;plains;1
16240;112;51;241;land;false;plains;1
16241;25;213;230;land;true;plains;1
16242;254;231;226;land;true;plains;1
16243;71;241;239;land;true;plains;1
16244;218;80;185;land;false;plains;1
16245;216;98;235;land;true;plains;1
16246;221;253;206;land;false;plains;1
16247;83;238;236;land;false;plains;1
16248;248;13;227;land;false;plains;1
16249;227;211;108;land;false;plains;1
16250;242;227;125;land;true;plains;1
16251;255;226;141;land;false;plains;1
16252;193;181;251;land;true;plains;1
16253;247;158;247;land;true;plains;1
16254;157;245;167;land;true;plains;1
16255;217;254;246;land;true;plains;1
16256;234;249;178;land;false;plains;1
16257;227;255;213;land;true;plains;1
16258;155;245;212;land;true;plains;1
16259;229;255;250;land;false;plains;1
16260;204;63;254;land;true;plains;1
16261;251;181;193;land;false;plains;1
16262;211;171;251;land;true;plains;1
16263;196;191;254;land;true;plains;1
16264;254;252;207;land;false;plains;1
16265;172;207;249;land;true;plains;1
16266;160;247;149;land;false;plains;1
16267;148;62;233;land;false;plains;1
16268;133;210;238;land;true;plains;1
16269;114;245;158;land;true;plains;1
16270;240;199;56;land;false;plains;1
16271;244;245;123;land;true;plains;1
16272;211;194;252;land;false;plains;1
16273;250;148;181;land;true;plains;1
16274;243;164;57;land;false;plains;1
16275;253;95;171;land;true;plains;1
16276;242;253;179;land;true;plains;1
16277;247;206;151;land;false;plains;1
16278;54;137;231;land;true;plains;1
16279;236;102;82;land;true;plains;1
16280;151;206;248;land;true;plains;1
16281;242;97;109;land;true;plains;1
16282;238;25;108;land;true;plains;1
16283;125;241;214;land;false;plains;1
16284;125;227;246;land;true;plains;1
16285;194;252;194;land;true;plains;1
16286;245;254;180;land;true;plains;1
16287;99;105;228;land;true;plains;1
16288;254;249;215;land;true;plains;1
16289;243;229;124;land;false;plains;1
16290;239;220;255;land;false;plains;1
16291;191;251;189;land;false;plains;1
16292;219;252;188;land;true;plains;1
16293;79;210;253;land;true;plains;1
16294;252;188;203;land;false;plains;1
16295;216;205;254;land;true;plains;1
16296;215;48;123;land;true;plains;1
16297;128;230;245;land;true;plains;1
16298;159;211;81;land;false;plains;1
16299;177;250;182;land;false;plains;1
16300;255;227;236;land;false;plains;1
16301;249;244;171;land;false;plains;1
16302;179;252;194;land;true;plains;1
16303;254;251;190;land;true;plains;1
16304;253;212;253;land;true;plains;1
16305;242;58;60;land;true;plains;1
16306;56;244;138;land;false;plains;1
16307;142;255;118;land;true;plains;1
16308;255;216;194;land;true;plains;1
16309;246;255;247;land;true;plains;1
16310;172;252;246;land;true;plains;1
16311;183;253;28;land;true;plains;1
16312;241;145;166;land;true;plains;1
16313;157;134;248;land;false;plains;1
16314;248;255;255;land;true;urban;1
16315;226;254;204;land;false;urban;1
16316;70;223;57;land;true;urban;1
16317;98;47;212;land;true;urban;1
16318;246;113;228;land;true;urban;1
16319;249;179;212;land;false;urban;1
16320;217;14;243;land;true;urban;1
16321;255;234;231;land;true;urban;1
16322;115;21;10;lake;false;lakes;0
16323;145;205;254;land;false;plains;1